ISO-10303-21;
HEADER;
/* Generated by software containing ST-Developer
 * from STEP Tools, Inc. (www.steptools.com) 
 */
/* OPTION: using custom renumber hook */

FILE_DESCRIPTION(
/* description */ ('STEP AP242 Edition 2',
'CAx-IF Rec.Pracs.---Representation and Presentation of Product Manufa
cturing Information (PMI)---4.0---2014-10-13',
'CAx-IF Rec.Pracs.---3D Tessellated Geometry---0.4---2014-09-14','2;1',
'CAx-IF Rec.Pracs.---User Defined Attributes---1.5---2016-08-15'),
/* implementation_level */ '2;1');

FILE_NAME(
/* name */ '693a0553571b7e35d42d033c',
/* time_stamp */ '2025-12-10T23:42:12Z',
/* author */ (''),
/* organization */ (''),
/* preprocessor_version */ 'ST-DEVELOPER v20',
/* originating_system */ 'ONSHAPE BY PTC INC, 1.207',
/* authorisation */ '  ');

FILE_SCHEMA (('AP242_MANAGED_MODEL_BASED_3D_ENGINEERING_MIM_LF { 1 0 10303 442 3 1 4 }'));
ENDSEC;

DATA;
#10=SHAPE_REPRESENTATION_RELATIONSHIP('','',#2026,#11);
#11=ADVANCED_BREP_SHAPE_REPRESENTATION('',(#2024),#3554);
#12=SPHERICAL_SURFACE('',#2236,0.005);
#13=SPHERICAL_SURFACE('',#2240,0.005);
#14=SPHERICAL_SURFACE('',#2246,0.005);
#15=SPHERICAL_SURFACE('',#2250,0.005);
#16=SPHERICAL_SURFACE('',#2251,0.005);
#17=SPHERICAL_SURFACE('',#2255,0.005);
#18=SPHERICAL_SURFACE('',#2261,0.005);
#19=SPHERICAL_SURFACE('',#2265,0.005);
#20=TOROIDAL_SURFACE('',#2211,0.04,0.005);
#21=TOROIDAL_SURFACE('',#2219,0.04,0.005);
#22=TOROIDAL_SURFACE('',#2220,0.01,0.005);
#23=TOROIDAL_SURFACE('',#2222,0.01,0.005);
#24=TOROIDAL_SURFACE('',#2230,0.01,0.005);
#25=TOROIDAL_SURFACE('',#2232,0.01,0.005);
#26=TOROIDAL_SURFACE('',#2243,0.04,0.005);
#27=TOROIDAL_SURFACE('',#2258,0.04,0.005);
#28=CYLINDRICAL_SURFACE('',#2087,0.045);
#29=CYLINDRICAL_SURFACE('',#2107,0.011);
#30=CYLINDRICAL_SURFACE('',#2108,0.00165);
#31=CYLINDRICAL_SURFACE('',#2109,0.00165);
#32=CYLINDRICAL_SURFACE('',#2110,0.00165);
#33=CYLINDRICAL_SURFACE('',#2111,0.00165);
#34=CYLINDRICAL_SURFACE('',#2112,0.0021);
#35=CYLINDRICAL_SURFACE('',#2114,0.0021);
#36=CYLINDRICAL_SURFACE('',#2116,0.0021);
#37=CYLINDRICAL_SURFACE('',#2118,0.006);
#38=CYLINDRICAL_SURFACE('',#2122,0.006);
#39=CYLINDRICAL_SURFACE('',#2140,0.002);
#40=CYLINDRICAL_SURFACE('',#2143,0.002);
#41=CYLINDRICAL_SURFACE('',#2144,0.002);
#42=CYLINDRICAL_SURFACE('',#2145,0.002);
#43=CYLINDRICAL_SURFACE('',#2146,0.002);
#44=CYLINDRICAL_SURFACE('',#2149,0.002);
#45=CYLINDRICAL_SURFACE('',#2152,0.015);
#46=CYLINDRICAL_SURFACE('',#2155,0.005);
#47=CYLINDRICAL_SURFACE('',#2157,0.005);
#48=CYLINDRICAL_SURFACE('',#2159,0.005);
#49=CYLINDRICAL_SURFACE('',#2161,0.005);
#50=CYLINDRICAL_SURFACE('',#2165,0.045);
#51=CYLINDRICAL_SURFACE('',#2168,0.015);
#52=CYLINDRICAL_SURFACE('',#2173,0.0049609375);
#53=CYLINDRICAL_SURFACE('',#2175,0.0049609375);
#54=CYLINDRICAL_SURFACE('',#2177,0.0049609375);
#55=CYLINDRICAL_SURFACE('',#2179,0.0049609375);
#56=CYLINDRICAL_SURFACE('',#2183,0.0021);
#57=CYLINDRICAL_SURFACE('',#2192,0.005);
#58=CYLINDRICAL_SURFACE('',#2195,0.005);
#59=CYLINDRICAL_SURFACE('',#2205,0.005);
#60=CYLINDRICAL_SURFACE('',#2208,0.005);
#61=CYLINDRICAL_SURFACE('',#2212,0.005);
#62=CYLINDRICAL_SURFACE('',#2214,0.005);
#63=CYLINDRICAL_SURFACE('',#2217,0.005);
#64=CYLINDRICAL_SURFACE('',#2224,0.005);
#65=CYLINDRICAL_SURFACE('',#2226,0.005);
#66=CYLINDRICAL_SURFACE('',#2228,0.005);
#67=CYLINDRICAL_SURFACE('',#2234,0.005);
#68=CYLINDRICAL_SURFACE('',#2235,0.005);
#69=CYLINDRICAL_SURFACE('',#2238,0.005);
#70=CYLINDRICAL_SURFACE('',#2242,0.005);
#71=CYLINDRICAL_SURFACE('',#2244,0.005);
#72=CYLINDRICAL_SURFACE('',#2248,0.005);
#73=CYLINDRICAL_SURFACE('',#2253,0.005);
#74=CYLINDRICAL_SURFACE('',#2257,0.005);
#75=CYLINDRICAL_SURFACE('',#2259,0.005);
#76=CYLINDRICAL_SURFACE('',#2263,0.005);
#77=B_SPLINE_CURVE_WITH_KNOTS('',3,(#3063,#3064,#3065,#3066,#3067,#3068,
#3069),.UNSPECIFIED.,.F.,.F.,(4,1,1,1,4),(0.,0.00239133171451434,0.00478266342902868,
0.00717399514354302,0.00956532685805736),.UNSPECIFIED.);
#78=B_SPLINE_CURVE_WITH_KNOTS('',3,(#3107,#3108,#3109,#3110,#3111,#3112),
 .UNSPECIFIED.,.F.,.F.,(4,1,1,4),(0.,0.00255934918714691,0.00511869837429382,
0.0102373967485876),.UNSPECIFIED.);
#79=B_SPLINE_CURVE_WITH_KNOTS('',3,(#3265,#3266,#3267,#3268,#3269),
 .UNSPECIFIED.,.F.,.F.,(4,1,4),(0.,0.00224041588356201,0.00448083176712402),
 .UNSPECIFIED.);
#80=B_SPLINE_CURVE_WITH_KNOTS('',3,(#3273,#3274,#3275,#3276,#3277),
 .UNSPECIFIED.,.F.,.F.,(4,1,4),(0.,0.00224041588356197,0.00448083176712395),
 .UNSPECIFIED.);
#81=B_SPLINE_CURVE_WITH_KNOTS('',3,(#3279,#3280,#3281,#3282,#3283),
 .UNSPECIFIED.,.F.,.F.,(4,1,4),(0.,0.002240415883562,0.004480831767124),
 .UNSPECIFIED.);
#82=B_SPLINE_CURVE_WITH_KNOTS('',3,(#3287,#3288,#3289,#3290,#3291),
 .UNSPECIFIED.,.F.,.F.,(4,1,4),(0.,0.00224041588356201,0.00448083176712402),
 .UNSPECIFIED.);
#83=B_SPLINE_CURVE_WITH_KNOTS('',3,(#3293,#3294,#3295,#3296,#3297),
 .UNSPECIFIED.,.F.,.F.,(4,1,4),(0.,0.00224041588356194,0.00448083176712388),
 .UNSPECIFIED.);
#84=B_SPLINE_CURVE_WITH_KNOTS('',3,(#3301,#3302,#3303,#3304,#3305),
 .UNSPECIFIED.,.F.,.F.,(4,1,4),(0.,0.00224041588356199,0.00448083176712397),
 .UNSPECIFIED.);
#85=B_SPLINE_CURVE_WITH_KNOTS('',3,(#3307,#3308,#3309,#3310,#3311),
 .UNSPECIFIED.,.F.,.F.,(4,1,4),(0.,0.00224041588356175,0.00448083176712351),
 .UNSPECIFIED.);
#86=B_SPLINE_CURVE_WITH_KNOTS('',3,(#3315,#3316,#3317,#3318,#3319),
 .UNSPECIFIED.,.F.,.F.,(4,1,4),(0.,0.00224041588356169,0.00448083176712338),
 .UNSPECIFIED.);
#87=B_SPLINE_CURVE_WITH_KNOTS('',3,(#3352,#3353,#3354,#3355,#3356),
 .UNSPECIFIED.,.F.,.F.,(4,1,4),(3.90312782094782E-18,0.00244916738432235,
0.0048983347686447),.UNSPECIFIED.);
#88=B_SPLINE_CURVE_WITH_KNOTS('',3,(#3360,#3361,#3362,#3363,#3364),
 .UNSPECIFIED.,.F.,.F.,(4,1,4),(0.,0.00244916738432236,0.00489833476864472),
 .UNSPECIFIED.);
#89=B_SPLINE_CURVE_WITH_KNOTS('',3,(#3369,#3370,#3371,#3372,#3373),
 .UNSPECIFIED.,.F.,.F.,(4,1,4),(0.,0.00244916738432209,0.00489833476864418),
 .UNSPECIFIED.);
#90=B_SPLINE_CURVE_WITH_KNOTS('',3,(#3375,#3376,#3377,#3378,#3379),
 .UNSPECIFIED.,.F.,.F.,(4,1,4),(0.,0.00244916738432217,0.00489833476864433),
 .UNSPECIFIED.);
#91=B_SPLINE_CURVE_WITH_KNOTS('',3,(#3383,#3384,#3385,#3386,#3387),
 .UNSPECIFIED.,.F.,.F.,(4,1,4),(3.90312782094782E-18,0.00244916738432223,
0.00489833476864445),.UNSPECIFIED.);
#92=B_SPLINE_CURVE_WITH_KNOTS('',3,(#3389,#3390,#3391,#3392,#3393),
 .UNSPECIFIED.,.F.,.F.,(4,1,4),(0.,0.0024491673843224,0.00489833476864479),
 .UNSPECIFIED.);
#93=B_SPLINE_CURVE_WITH_KNOTS('',3,(#3397,#3398,#3399,#3400,#3401),
 .UNSPECIFIED.,.F.,.F.,(4,1,4),(0.,0.00244916738432237,0.00489833476864474),
 .UNSPECIFIED.);
#94=B_SPLINE_CURVE_WITH_KNOTS('',3,(#3464,#3465,#3466,#3467,#3468),
 .UNSPECIFIED.,.F.,.F.,(4,1,4),(0.,0.00410986438352746,0.00821972876705492),
 .UNSPECIFIED.);
#95=B_SPLINE_CURVE_WITH_KNOTS('',3,(#3471,#3472,#3473,#3474,#3475),
 .UNSPECIFIED.,.F.,.F.,(4,1,4),(0.,0.00410986438352746,0.00821972876705492),
 .UNSPECIFIED.);
#96=B_SPLINE_CURVE_WITH_KNOTS('',3,(#3482,#3483,#3484,#3485,#3486),
 .UNSPECIFIED.,.F.,.F.,(4,1,4),(0.,0.00410986438352747,0.00821972876705495),
 .UNSPECIFIED.);
#97=B_SPLINE_CURVE_WITH_KNOTS('',3,(#3510,#3511,#3512,#3513,#3514),
 .UNSPECIFIED.,.F.,.F.,(4,1,4),(0.,0.00410986438352744,0.00821972876705489),
 .UNSPECIFIED.);
#98=B_SPLINE_CURVE_WITH_KNOTS('',3,(#3516,#3517,#3518,#3519,#3520),
 .UNSPECIFIED.,.F.,.F.,(4,1,4),(0.,0.00410986438352746,0.00821972876705492),
 .UNSPECIFIED.);
#99=B_SPLINE_CURVE_WITH_KNOTS('',3,(#3535,#3536,#3537,#3538,#3539),
 .UNSPECIFIED.,.F.,.F.,(4,1,4),(0.,0.00410986438352747,0.00821972876705494),
 .UNSPECIFIED.);
#100=B_SPLINE_CURVE_WITH_KNOTS('',3,(#3541,#3542,#3543,#3544,#3545),
 .UNSPECIFIED.,.F.,.F.,(4,1,4),(0.,0.00410986438352746,0.00821972876705492),
 .UNSPECIFIED.);
#101=CIRCLE('',#2030,0.005);
#102=CIRCLE('',#2031,0.005);
#103=CIRCLE('',#2033,0.002);
#104=CIRCLE('',#2035,0.002);
#105=CIRCLE('',#2038,0.005);
#106=CIRCLE('',#2039,0.003);
#107=CIRCLE('',#2040,0.003);
#108=CIRCLE('',#2041,0.005);
#109=CIRCLE('',#2042,0.002);
#110=CIRCLE('',#2043,0.002);
#111=CIRCLE('',#2045,0.005);
#112=CIRCLE('',#2046,0.006);
#113=CIRCLE('',#2047,0.006);
#114=CIRCLE('',#2048,0.005);
#115=CIRCLE('',#2049,0.00165);
#116=CIRCLE('',#2050,0.00165);
#117=CIRCLE('',#2051,0.00165);
#118=CIRCLE('',#2052,0.00165);
#119=CIRCLE('',#2053,0.011);
#120=CIRCLE('',#2055,0.0021);
#121=CIRCLE('',#2056,0.0021);
#122=CIRCLE('',#2058,0.005);
#123=CIRCLE('',#2059,0.005);
#124=CIRCLE('',#2061,0.01);
#125=CIRCLE('',#2062,0.01);
#126=CIRCLE('',#2064,0.01);
#127=CIRCLE('',#2065,0.01);
#128=CIRCLE('',#2067,0.0049609375);
#129=CIRCLE('',#2068,0.0049609375);
#130=CIRCLE('',#2069,0.04);
#131=CIRCLE('',#2070,0.0049609375);
#132=CIRCLE('',#2071,0.04);
#133=CIRCLE('',#2072,0.0049609375);
#134=CIRCLE('',#2073,0.04);
#135=CIRCLE('',#2074,0.04);
#136=CIRCLE('',#2075,0.015);
#137=CIRCLE('',#2077,0.005);
#138=CIRCLE('',#2078,0.04);
#139=CIRCLE('',#2079,0.005);
#140=CIRCLE('',#2080,0.04);
#141=CIRCLE('',#2081,0.005);
#142=CIRCLE('',#2082,0.04);
#143=CIRCLE('',#2083,0.005);
#144=CIRCLE('',#2084,0.04);
#145=CIRCLE('',#2085,0.04);
#146=CIRCLE('',#2086,0.015);
#147=CIRCLE('',#2088,0.045);
#148=CIRCLE('',#2089,0.045);
#149=CIRCLE('',#2091,0.00489897948556635);
#150=CIRCLE('',#2092,0.005);
#151=CIRCLE('',#2094,0.005);
#152=CIRCLE('',#2095,0.00489897948556636);
#153=CIRCLE('',#2099,0.0021);
#154=CIRCLE('',#2100,0.0021);
#155=CIRCLE('',#2102,0.00165);
#156=CIRCLE('',#2103,0.00165);
#157=CIRCLE('',#2104,0.00165);
#158=CIRCLE('',#2105,0.00165);
#159=CIRCLE('',#2106,0.011);
#160=CIRCLE('',#2113,0.0021);
#161=CIRCLE('',#2115,0.0021);
#162=CIRCLE('',#2117,0.0021);
#163=CIRCLE('',#2119,0.006);
#164=CIRCLE('',#2121,0.002);
#165=CIRCLE('',#2123,0.006);
#166=CIRCLE('',#2125,0.002);
#167=CIRCLE('',#2127,0.002);
#168=CIRCLE('',#2131,0.002);
#169=CIRCLE('',#2139,0.002);
#170=CIRCLE('',#2142,0.002);
#171=CIRCLE('',#2147,0.002);
#172=CIRCLE('',#2150,0.002);
#173=CIRCLE('',#2153,0.015);
#174=CIRCLE('',#2156,0.005);
#175=CIRCLE('',#2158,0.005);
#176=CIRCLE('',#2160,0.005);
#177=CIRCLE('',#2162,0.005);
#178=CIRCLE('',#2164,0.015);
#179=CIRCLE('',#2166,0.045);
#180=CIRCLE('',#2167,0.045);
#181=CIRCLE('',#2174,0.0049609375);
#182=CIRCLE('',#2176,0.0049609375);
#183=CIRCLE('',#2178,0.0049609375);
#184=CIRCLE('',#2180,0.0049609375);
#185=CIRCLE('',#2182,0.0021);
#186=CIRCLE('',#2187,0.04);
#187=CIRCLE('',#2188,0.04);
#188=CIRCLE('',#2189,0.04);
#189=CIRCLE('',#2190,0.04);
#190=CIRCLE('',#2191,0.04);
#191=CIRCLE('',#2193,0.005);
#192=CIRCLE('',#2194,0.005);
#193=CIRCLE('',#2196,0.005);
#194=CIRCLE('',#2197,0.005);
#195=CIRCLE('',#2200,0.04);
#196=CIRCLE('',#2201,0.04);
#197=CIRCLE('',#2202,0.04);
#198=CIRCLE('',#2203,0.04);
#199=CIRCLE('',#2204,0.04);
#200=CIRCLE('',#2206,0.005);
#201=CIRCLE('',#2207,0.005);
#202=CIRCLE('',#2209,0.005);
#203=CIRCLE('',#2210,0.005);
#204=CIRCLE('',#2213,0.005);
#205=CIRCLE('',#2215,0.005);
#206=CIRCLE('',#2216,0.005);
#207=CIRCLE('',#2218,0.005);
#208=CIRCLE('',#2221,0.005);
#209=CIRCLE('',#2223,0.005);
#210=CIRCLE('',#2225,0.005);
#211=CIRCLE('',#2227,0.005);
#212=CIRCLE('',#2229,0.005);
#213=CIRCLE('',#2231,0.005);
#214=CIRCLE('',#2233,0.005);
#215=CIRCLE('',#2237,0.005);
#216=CIRCLE('',#2239,0.005);
#217=CIRCLE('',#2241,0.005);
#218=CIRCLE('',#2245,0.005);
#219=CIRCLE('',#2247,0.005);
#220=CIRCLE('',#2249,0.005);
#221=CIRCLE('',#2252,0.005);
#222=CIRCLE('',#2254,0.005);
#223=CIRCLE('',#2256,0.005);
#224=CIRCLE('',#2260,0.005);
#225=CIRCLE('',#2262,0.005);
#226=CIRCLE('',#2264,0.005);
#227=ORIENTED_EDGE('',*,*,#787,.F.);
#228=ORIENTED_EDGE('',*,*,#788,.T.);
#229=ORIENTED_EDGE('',*,*,#789,.T.);
#230=ORIENTED_EDGE('',*,*,#790,.F.);
#231=ORIENTED_EDGE('',*,*,#791,.F.);
#232=ORIENTED_EDGE('',*,*,#792,.T.);
#233=ORIENTED_EDGE('',*,*,#793,.T.);
#234=ORIENTED_EDGE('',*,*,#794,.F.);
#235=ORIENTED_EDGE('',*,*,#795,.F.);
#236=ORIENTED_EDGE('',*,*,#796,.T.);
#237=ORIENTED_EDGE('',*,*,#797,.T.);
#238=ORIENTED_EDGE('',*,*,#798,.T.);
#239=ORIENTED_EDGE('',*,*,#799,.F.);
#240=ORIENTED_EDGE('',*,*,#800,.F.);
#241=ORIENTED_EDGE('',*,*,#801,.F.);
#242=ORIENTED_EDGE('',*,*,#802,.T.);
#243=ORIENTED_EDGE('',*,*,#803,.F.);
#244=ORIENTED_EDGE('',*,*,#804,.F.);
#245=ORIENTED_EDGE('',*,*,#805,.F.);
#246=ORIENTED_EDGE('',*,*,#806,.T.);
#247=ORIENTED_EDGE('',*,*,#807,.F.);
#248=ORIENTED_EDGE('',*,*,#808,.T.);
#249=ORIENTED_EDGE('',*,*,#809,.T.);
#250=ORIENTED_EDGE('',*,*,#810,.F.);
#251=ORIENTED_EDGE('',*,*,#811,.F.);
#252=ORIENTED_EDGE('',*,*,#812,.T.);
#253=ORIENTED_EDGE('',*,*,#813,.T.);
#254=ORIENTED_EDGE('',*,*,#814,.F.);
#255=ORIENTED_EDGE('',*,*,#815,.F.);
#256=ORIENTED_EDGE('',*,*,#816,.T.);
#257=ORIENTED_EDGE('',*,*,#817,.T.);
#258=ORIENTED_EDGE('',*,*,#818,.F.);
#259=ORIENTED_EDGE('',*,*,#819,.T.);
#260=ORIENTED_EDGE('',*,*,#790,.T.);
#261=ORIENTED_EDGE('',*,*,#820,.F.);
#262=ORIENTED_EDGE('',*,*,#821,.F.);
#263=ORIENTED_EDGE('',*,*,#822,.T.);
#264=ORIENTED_EDGE('',*,*,#823,.F.);
#265=ORIENTED_EDGE('',*,*,#824,.T.);
#266=ORIENTED_EDGE('',*,*,#794,.T.);
#267=ORIENTED_EDGE('',*,*,#825,.F.);
#268=ORIENTED_EDGE('',*,*,#826,.F.);
#269=ORIENTED_EDGE('',*,*,#827,.T.);
#270=ORIENTED_EDGE('',*,*,#828,.T.);
#271=ORIENTED_EDGE('',*,*,#829,.T.);
#272=ORIENTED_EDGE('',*,*,#830,.T.);
#273=ORIENTED_EDGE('',*,*,#829,.F.);
#274=ORIENTED_EDGE('',*,*,#831,.T.);
#275=ORIENTED_EDGE('',*,*,#832,.T.);
#276=ORIENTED_EDGE('',*,*,#833,.T.);
#277=ORIENTED_EDGE('',*,*,#834,.F.);
#278=ORIENTED_EDGE('',*,*,#835,.T.);
#279=ORIENTED_EDGE('',*,*,#836,.F.);
#280=ORIENTED_EDGE('',*,*,#837,.T.);
#281=ORIENTED_EDGE('',*,*,#838,.T.);
#282=ORIENTED_EDGE('',*,*,#839,.T.);
#283=ORIENTED_EDGE('',*,*,#840,.F.);
#284=ORIENTED_EDGE('',*,*,#841,.T.);
#285=ORIENTED_EDGE('',*,*,#795,.T.);
#286=ORIENTED_EDGE('',*,*,#842,.F.);
#287=ORIENTED_EDGE('',*,*,#803,.T.);
#288=ORIENTED_EDGE('',*,*,#843,.F.);
#289=ORIENTED_EDGE('',*,*,#799,.T.);
#290=ORIENTED_EDGE('',*,*,#844,.T.);
#291=ORIENTED_EDGE('',*,*,#845,.T.);
#292=ORIENTED_EDGE('',*,*,#846,.F.);
#293=ORIENTED_EDGE('',*,*,#847,.T.);
#294=ORIENTED_EDGE('',*,*,#848,.T.);
#295=ORIENTED_EDGE('',*,*,#849,.T.);
#296=ORIENTED_EDGE('',*,*,#850,.T.);
#297=ORIENTED_EDGE('',*,*,#851,.T.);
#298=ORIENTED_EDGE('',*,*,#852,.F.);
#299=ORIENTED_EDGE('',*,*,#853,.F.);
#300=ORIENTED_EDGE('',*,*,#854,.T.);
#301=ORIENTED_EDGE('',*,*,#855,.T.);
#302=ORIENTED_EDGE('',*,*,#856,.F.);
#303=ORIENTED_EDGE('',*,*,#846,.T.);
#304=ORIENTED_EDGE('',*,*,#857,.T.);
#305=ORIENTED_EDGE('',*,*,#858,.T.);
#306=ORIENTED_EDGE('',*,*,#859,.F.);
#307=ORIENTED_EDGE('',*,*,#860,.T.);
#308=ORIENTED_EDGE('',*,*,#861,.T.);
#309=ORIENTED_EDGE('',*,*,#862,.T.);
#310=ORIENTED_EDGE('',*,*,#863,.F.);
#311=ORIENTED_EDGE('',*,*,#864,.T.);
#312=ORIENTED_EDGE('',*,*,#865,.T.);
#313=ORIENTED_EDGE('',*,*,#811,.T.);
#314=ORIENTED_EDGE('',*,*,#866,.F.);
#315=ORIENTED_EDGE('',*,*,#861,.F.);
#316=ORIENTED_EDGE('',*,*,#867,.T.);
#317=ORIENTED_EDGE('',*,*,#868,.T.);
#318=ORIENTED_EDGE('',*,*,#869,.T.);
#319=ORIENTED_EDGE('',*,*,#870,.T.);
#320=ORIENTED_EDGE('',*,*,#871,.F.);
#321=ORIENTED_EDGE('',*,*,#872,.T.);
#322=ORIENTED_EDGE('',*,*,#873,.F.);
#323=ORIENTED_EDGE('',*,*,#874,.T.);
#324=ORIENTED_EDGE('',*,*,#875,.T.);
#325=ORIENTED_EDGE('',*,*,#876,.T.);
#326=ORIENTED_EDGE('',*,*,#809,.F.);
#327=ORIENTED_EDGE('',*,*,#877,.T.);
#328=ORIENTED_EDGE('',*,*,#878,.T.);
#329=ORIENTED_EDGE('',*,*,#879,.F.);
#330=ORIENTED_EDGE('',*,*,#880,.T.);
#331=ORIENTED_EDGE('',*,*,#881,.T.);
#332=ORIENTED_EDGE('',*,*,#882,.T.);
#333=ORIENTED_EDGE('',*,*,#883,.T.);
#334=ORIENTED_EDGE('',*,*,#884,.F.);
#335=ORIENTED_EDGE('',*,*,#885,.T.);
#336=ORIENTED_EDGE('',*,*,#886,.F.);
#337=ORIENTED_EDGE('',*,*,#887,.T.);
#338=ORIENTED_EDGE('',*,*,#888,.T.);
#339=ORIENTED_EDGE('',*,*,#863,.T.);
#340=ORIENTED_EDGE('',*,*,#889,.T.);
#341=ORIENTED_EDGE('',*,*,#890,.T.);
#342=ORIENTED_EDGE('',*,*,#891,.T.);
#343=ORIENTED_EDGE('',*,*,#892,.T.);
#344=ORIENTED_EDGE('',*,*,#893,.T.);
#345=ORIENTED_EDGE('',*,*,#894,.T.);
#346=ORIENTED_EDGE('',*,*,#895,.T.);
#347=ORIENTED_EDGE('',*,*,#896,.T.);
#348=ORIENTED_EDGE('',*,*,#897,.T.);
#349=ORIENTED_EDGE('',*,*,#898,.T.);
#350=ORIENTED_EDGE('',*,*,#899,.T.);
#351=ORIENTED_EDGE('',*,*,#881,.F.);
#352=ORIENTED_EDGE('',*,*,#900,.T.);
#353=ORIENTED_EDGE('',*,*,#901,.F.);
#354=ORIENTED_EDGE('',*,*,#902,.T.);
#355=ORIENTED_EDGE('',*,*,#903,.T.);
#356=ORIENTED_EDGE('',*,*,#904,.T.);
#357=ORIENTED_EDGE('',*,*,#905,.T.);
#358=ORIENTED_EDGE('',*,*,#906,.T.);
#359=ORIENTED_EDGE('',*,*,#907,.T.);
#360=ORIENTED_EDGE('',*,*,#908,.T.);
#361=ORIENTED_EDGE('',*,*,#909,.T.);
#362=ORIENTED_EDGE('',*,*,#910,.T.);
#363=ORIENTED_EDGE('',*,*,#911,.T.);
#364=ORIENTED_EDGE('',*,*,#912,.T.);
#365=ORIENTED_EDGE('',*,*,#913,.T.);
#366=ORIENTED_EDGE('',*,*,#914,.F.);
#367=ORIENTED_EDGE('',*,*,#869,.F.);
#368=ORIENTED_EDGE('',*,*,#915,.T.);
#369=ORIENTED_EDGE('',*,*,#886,.T.);
#370=ORIENTED_EDGE('',*,*,#916,.T.);
#371=ORIENTED_EDGE('',*,*,#845,.F.);
#372=ORIENTED_EDGE('',*,*,#917,.T.);
#373=ORIENTED_EDGE('',*,*,#836,.T.);
#374=ORIENTED_EDGE('',*,*,#918,.T.);
#375=ORIENTED_EDGE('',*,*,#859,.T.);
#376=ORIENTED_EDGE('',*,*,#919,.T.);
#377=ORIENTED_EDGE('',*,*,#854,.F.);
#378=ORIENTED_EDGE('',*,*,#832,.F.);
#379=ORIENTED_EDGE('',*,*,#920,.T.);
#380=ORIENTED_EDGE('',*,*,#840,.T.);
#381=ORIENTED_EDGE('',*,*,#856,.T.);
#382=ORIENTED_EDGE('',*,*,#921,.T.);
#383=ORIENTED_EDGE('',*,*,#857,.F.);
#384=ORIENTED_EDGE('',*,*,#922,.T.);
#385=ORIENTED_EDGE('',*,*,#816,.F.);
#386=ORIENTED_EDGE('',*,*,#923,.F.);
#387=ORIENTED_EDGE('',*,*,#924,.T.);
#388=ORIENTED_EDGE('',*,*,#925,.T.);
#389=ORIENTED_EDGE('',*,*,#815,.T.);
#390=ORIENTED_EDGE('',*,*,#926,.F.);
#391=ORIENTED_EDGE('',*,*,#927,.F.);
#392=ORIENTED_EDGE('',*,*,#923,.T.);
#393=ORIENTED_EDGE('',*,*,#928,.T.);
#394=ORIENTED_EDGE('',*,*,#814,.T.);
#395=ORIENTED_EDGE('',*,*,#929,.F.);
#396=ORIENTED_EDGE('',*,*,#930,.F.);
#397=ORIENTED_EDGE('',*,*,#926,.T.);
#398=ORIENTED_EDGE('',*,*,#931,.F.);
#399=ORIENTED_EDGE('',*,*,#932,.F.);
#400=ORIENTED_EDGE('',*,*,#933,.F.);
#401=ORIENTED_EDGE('',*,*,#934,.F.);
#402=ORIENTED_EDGE('',*,*,#935,.F.);
#403=ORIENTED_EDGE('',*,*,#936,.F.);
#404=ORIENTED_EDGE('',*,*,#924,.F.);
#405=ORIENTED_EDGE('',*,*,#927,.T.);
#406=ORIENTED_EDGE('',*,*,#930,.T.);
#407=ORIENTED_EDGE('',*,*,#937,.F.);
#408=ORIENTED_EDGE('',*,*,#936,.T.);
#409=ORIENTED_EDGE('',*,*,#851,.F.);
#410=ORIENTED_EDGE('',*,*,#935,.T.);
#411=ORIENTED_EDGE('',*,*,#850,.F.);
#412=ORIENTED_EDGE('',*,*,#934,.T.);
#413=ORIENTED_EDGE('',*,*,#849,.F.);
#414=ORIENTED_EDGE('',*,*,#933,.T.);
#415=ORIENTED_EDGE('',*,*,#848,.F.);
#416=ORIENTED_EDGE('',*,*,#932,.T.);
#417=ORIENTED_EDGE('',*,*,#847,.F.);
#418=ORIENTED_EDGE('',*,*,#938,.T.);
#419=ORIENTED_EDGE('',*,*,#928,.F.);
#420=ORIENTED_EDGE('',*,*,#939,.T.);
#421=ORIENTED_EDGE('',*,*,#853,.T.);
#422=ORIENTED_EDGE('',*,*,#940,.T.);
#423=ORIENTED_EDGE('',*,*,#852,.T.);
#424=ORIENTED_EDGE('',*,*,#842,.T.);
#425=ORIENTED_EDGE('',*,*,#806,.F.);
#426=ORIENTED_EDGE('',*,*,#941,.F.);
#427=ORIENTED_EDGE('',*,*,#804,.T.);
#428=ORIENTED_EDGE('',*,*,#942,.F.);
#429=ORIENTED_EDGE('',*,*,#805,.T.);
#430=ORIENTED_EDGE('',*,*,#941,.T.);
#431=ORIENTED_EDGE('',*,*,#843,.T.);
#432=ORIENTED_EDGE('',*,*,#802,.F.);
#433=ORIENTED_EDGE('',*,*,#943,.F.);
#434=ORIENTED_EDGE('',*,*,#800,.T.);
#435=ORIENTED_EDGE('',*,*,#944,.F.);
#436=ORIENTED_EDGE('',*,*,#801,.T.);
#437=ORIENTED_EDGE('',*,*,#943,.T.);
#438=ORIENTED_EDGE('',*,*,#945,.F.);
#439=ORIENTED_EDGE('',*,*,#946,.F.);
#440=ORIENTED_EDGE('',*,*,#947,.F.);
#441=ORIENTED_EDGE('',*,*,#948,.T.);
#442=ORIENTED_EDGE('',*,*,#792,.F.);
#443=ORIENTED_EDGE('',*,*,#949,.F.);
#444=ORIENTED_EDGE('',*,*,#824,.F.);
#445=ORIENTED_EDGE('',*,*,#950,.T.);
#446=ORIENTED_EDGE('',*,*,#949,.T.);
#447=ORIENTED_EDGE('',*,*,#791,.T.);
#448=ORIENTED_EDGE('',*,*,#951,.F.);
#449=ORIENTED_EDGE('',*,*,#825,.T.);
#450=ORIENTED_EDGE('',*,*,#793,.F.);
#451=ORIENTED_EDGE('',*,*,#948,.F.);
#452=ORIENTED_EDGE('',*,*,#952,.F.);
#453=ORIENTED_EDGE('',*,*,#953,.F.);
#454=ORIENTED_EDGE('',*,*,#954,.F.);
#455=ORIENTED_EDGE('',*,*,#955,.T.);
#456=ORIENTED_EDGE('',*,*,#788,.F.);
#457=ORIENTED_EDGE('',*,*,#956,.F.);
#458=ORIENTED_EDGE('',*,*,#819,.F.);
#459=ORIENTED_EDGE('',*,*,#957,.T.);
#460=ORIENTED_EDGE('',*,*,#956,.T.);
#461=ORIENTED_EDGE('',*,*,#787,.T.);
#462=ORIENTED_EDGE('',*,*,#958,.F.);
#463=ORIENTED_EDGE('',*,*,#820,.T.);
#464=ORIENTED_EDGE('',*,*,#789,.F.);
#465=ORIENTED_EDGE('',*,*,#955,.F.);
#466=ORIENTED_EDGE('',*,*,#959,.F.);
#467=ORIENTED_EDGE('',*,*,#826,.T.);
#468=ORIENTED_EDGE('',*,*,#951,.T.);
#469=ORIENTED_EDGE('',*,*,#947,.T.);
#470=ORIENTED_EDGE('',*,*,#950,.F.);
#471=ORIENTED_EDGE('',*,*,#823,.T.);
#472=ORIENTED_EDGE('',*,*,#959,.T.);
#473=ORIENTED_EDGE('',*,*,#946,.T.);
#474=ORIENTED_EDGE('',*,*,#960,.F.);
#475=ORIENTED_EDGE('',*,*,#821,.T.);
#476=ORIENTED_EDGE('',*,*,#958,.T.);
#477=ORIENTED_EDGE('',*,*,#954,.T.);
#478=ORIENTED_EDGE('',*,*,#957,.F.);
#479=ORIENTED_EDGE('',*,*,#818,.T.);
#480=ORIENTED_EDGE('',*,*,#960,.T.);
#481=ORIENTED_EDGE('',*,*,#953,.T.);
#482=ORIENTED_EDGE('',*,*,#961,.T.);
#483=ORIENTED_EDGE('',*,*,#952,.T.);
#484=ORIENTED_EDGE('',*,*,#961,.F.);
#485=ORIENTED_EDGE('',*,*,#962,.T.);
#486=ORIENTED_EDGE('',*,*,#945,.T.);
#487=ORIENTED_EDGE('',*,*,#962,.F.);
#488=ORIENTED_EDGE('',*,*,#944,.T.);
#489=ORIENTED_EDGE('',*,*,#817,.F.);
#490=ORIENTED_EDGE('',*,*,#942,.T.);
#491=ORIENTED_EDGE('',*,*,#822,.F.);
#492=ORIENTED_EDGE('',*,*,#839,.F.);
#493=ORIENTED_EDGE('',*,*,#963,.T.);
#494=ORIENTED_EDGE('',*,*,#963,.F.);
#495=ORIENTED_EDGE('',*,*,#838,.F.);
#496=ORIENTED_EDGE('',*,*,#964,.T.);
#497=ORIENTED_EDGE('',*,*,#964,.F.);
#498=ORIENTED_EDGE('',*,*,#965,.F.);
#499=ORIENTED_EDGE('',*,*,#914,.T.);
#500=ORIENTED_EDGE('',*,*,#965,.T.);
#501=ORIENTED_EDGE('',*,*,#902,.F.);
#502=ORIENTED_EDGE('',*,*,#966,.T.);
#503=ORIENTED_EDGE('',*,*,#967,.T.);
#504=ORIENTED_EDGE('',*,*,#968,.T.);
#505=ORIENTED_EDGE('',*,*,#908,.F.);
#506=ORIENTED_EDGE('',*,*,#969,.T.);
#507=ORIENTED_EDGE('',*,*,#970,.T.);
#508=ORIENTED_EDGE('',*,*,#971,.T.);
#509=ORIENTED_EDGE('',*,*,#906,.F.);
#510=ORIENTED_EDGE('',*,*,#972,.T.);
#511=ORIENTED_EDGE('',*,*,#973,.T.);
#512=ORIENTED_EDGE('',*,*,#974,.T.);
#513=ORIENTED_EDGE('',*,*,#904,.F.);
#514=ORIENTED_EDGE('',*,*,#975,.T.);
#515=ORIENTED_EDGE('',*,*,#976,.T.);
#516=ORIENTED_EDGE('',*,*,#977,.T.);
#517=ORIENTED_EDGE('',*,*,#978,.T.);
#518=ORIENTED_EDGE('',*,*,#979,.F.);
#519=ORIENTED_EDGE('',*,*,#980,.T.);
#520=ORIENTED_EDGE('',*,*,#981,.T.);
#521=ORIENTED_EDGE('',*,*,#982,.F.);
#522=ORIENTED_EDGE('',*,*,#875,.F.);
#523=ORIENTED_EDGE('',*,*,#983,.T.);
#524=ORIENTED_EDGE('',*,*,#879,.T.);
#525=ORIENTED_EDGE('',*,*,#984,.T.);
#526=ORIENTED_EDGE('',*,*,#978,.F.);
#527=ORIENTED_EDGE('',*,*,#901,.T.);
#528=ORIENTED_EDGE('',*,*,#985,.F.);
#529=ORIENTED_EDGE('',*,*,#986,.T.);
#530=ORIENTED_EDGE('',*,*,#987,.T.);
#531=ORIENTED_EDGE('',*,*,#980,.F.);
#532=ORIENTED_EDGE('',*,*,#985,.T.);
#533=ORIENTED_EDGE('',*,*,#979,.T.);
#534=ORIENTED_EDGE('',*,*,#988,.F.);
#535=ORIENTED_EDGE('',*,*,#989,.F.);
#536=ORIENTED_EDGE('',*,*,#988,.T.);
#537=ORIENTED_EDGE('',*,*,#982,.T.);
#538=ORIENTED_EDGE('',*,*,#990,.F.);
#539=ORIENTED_EDGE('',*,*,#991,.F.);
#540=ORIENTED_EDGE('',*,*,#987,.F.);
#541=ORIENTED_EDGE('',*,*,#992,.T.);
#542=ORIENTED_EDGE('',*,*,#990,.T.);
#543=ORIENTED_EDGE('',*,*,#981,.F.);
#544=ORIENTED_EDGE('',*,*,#893,.F.);
#545=ORIENTED_EDGE('',*,*,#993,.T.);
#546=ORIENTED_EDGE('',*,*,#994,.T.);
#547=ORIENTED_EDGE('',*,*,#995,.T.);
#548=ORIENTED_EDGE('',*,*,#890,.F.);
#549=ORIENTED_EDGE('',*,*,#996,.T.);
#550=ORIENTED_EDGE('',*,*,#997,.T.);
#551=ORIENTED_EDGE('',*,*,#895,.F.);
#552=ORIENTED_EDGE('',*,*,#998,.T.);
#553=ORIENTED_EDGE('',*,*,#999,.T.);
#554=ORIENTED_EDGE('',*,*,#1000,.T.);
#555=ORIENTED_EDGE('',*,*,#891,.F.);
#556=ORIENTED_EDGE('',*,*,#1001,.T.);
#557=ORIENTED_EDGE('',*,*,#1002,.T.);
#558=ORIENTED_EDGE('',*,*,#1003,.T.);
#559=ORIENTED_EDGE('',*,*,#940,.F.);
#560=ORIENTED_EDGE('',*,*,#939,.F.);
#561=ORIENTED_EDGE('',*,*,#1004,.F.);
#562=ORIENTED_EDGE('',*,*,#938,.F.);
#563=ORIENTED_EDGE('',*,*,#866,.T.);
#564=ORIENTED_EDGE('',*,*,#810,.T.);
#565=ORIENTED_EDGE('',*,*,#889,.F.);
#566=ORIENTED_EDGE('',*,*,#862,.F.);
#567=ORIENTED_EDGE('',*,*,#931,.T.);
#568=ORIENTED_EDGE('',*,*,#1004,.T.);
#569=ORIENTED_EDGE('',*,*,#813,.F.);
#570=ORIENTED_EDGE('',*,*,#925,.F.);
#571=ORIENTED_EDGE('',*,*,#937,.T.);
#572=ORIENTED_EDGE('',*,*,#929,.T.);
#573=ORIENTED_EDGE('',*,*,#1005,.F.);
#574=ORIENTED_EDGE('',*,*,#1006,.T.);
#575=ORIENTED_EDGE('',*,*,#1007,.T.);
#576=ORIENTED_EDGE('',*,*,#1008,.T.);
#577=ORIENTED_EDGE('',*,*,#970,.F.);
#578=ORIENTED_EDGE('',*,*,#1009,.T.);
#579=ORIENTED_EDGE('',*,*,#973,.F.);
#580=ORIENTED_EDGE('',*,*,#1010,.T.);
#581=ORIENTED_EDGE('',*,*,#976,.F.);
#582=ORIENTED_EDGE('',*,*,#1011,.T.);
#583=ORIENTED_EDGE('',*,*,#967,.F.);
#584=ORIENTED_EDGE('',*,*,#1012,.T.);
#585=ORIENTED_EDGE('',*,*,#1013,.T.);
#586=ORIENTED_EDGE('',*,*,#1014,.T.);
#587=ORIENTED_EDGE('',*,*,#1015,.T.);
#588=ORIENTED_EDGE('',*,*,#1016,.T.);
#589=ORIENTED_EDGE('',*,*,#1014,.F.);
#590=ORIENTED_EDGE('',*,*,#1017,.T.);
#591=ORIENTED_EDGE('',*,*,#1005,.T.);
#592=ORIENTED_EDGE('',*,*,#1018,.T.);
#593=ORIENTED_EDGE('',*,*,#1007,.F.);
#594=ORIENTED_EDGE('',*,*,#1019,.T.);
#595=ORIENTED_EDGE('',*,*,#834,.T.);
#596=ORIENTED_EDGE('',*,*,#1020,.T.);
#597=ORIENTED_EDGE('',*,*,#1021,.F.);
#598=ORIENTED_EDGE('',*,*,#1022,.T.);
#599=ORIENTED_EDGE('',*,*,#1023,.F.);
#600=ORIENTED_EDGE('',*,*,#1024,.T.);
#601=ORIENTED_EDGE('',*,*,#1025,.T.);
#602=ORIENTED_EDGE('',*,*,#1026,.T.);
#603=ORIENTED_EDGE('',*,*,#1027,.T.);
#604=ORIENTED_EDGE('',*,*,#999,.F.);
#605=ORIENTED_EDGE('',*,*,#1028,.T.);
#606=ORIENTED_EDGE('',*,*,#994,.F.);
#607=ORIENTED_EDGE('',*,*,#1029,.T.);
#608=ORIENTED_EDGE('',*,*,#1002,.F.);
#609=ORIENTED_EDGE('',*,*,#1030,.T.);
#610=ORIENTED_EDGE('',*,*,#996,.F.);
#611=ORIENTED_EDGE('',*,*,#1031,.T.);
#612=ORIENTED_EDGE('',*,*,#1032,.T.);
#613=ORIENTED_EDGE('',*,*,#986,.F.);
#614=ORIENTED_EDGE('',*,*,#989,.T.);
#615=ORIENTED_EDGE('',*,*,#991,.T.);
#616=ORIENTED_EDGE('',*,*,#992,.F.);
#617=ORIENTED_EDGE('',*,*,#1023,.T.);
#618=ORIENTED_EDGE('',*,*,#1033,.T.);
#619=ORIENTED_EDGE('',*,*,#1025,.F.);
#620=ORIENTED_EDGE('',*,*,#1034,.T.);
#621=ORIENTED_EDGE('',*,*,#807,.T.);
#622=ORIENTED_EDGE('',*,*,#1035,.T.);
#623=ORIENTED_EDGE('',*,*,#1021,.T.);
#624=ORIENTED_EDGE('',*,*,#1036,.T.);
#625=ORIENTED_EDGE('',*,*,#880,.F.);
#626=ORIENTED_EDGE('',*,*,#983,.F.);
#627=ORIENTED_EDGE('',*,*,#1037,.F.);
#628=ORIENTED_EDGE('',*,*,#896,.F.);
#629=ORIENTED_EDGE('',*,*,#998,.F.);
#630=ORIENTED_EDGE('',*,*,#894,.F.);
#631=ORIENTED_EDGE('',*,*,#993,.F.);
#632=ORIENTED_EDGE('',*,*,#892,.F.);
#633=ORIENTED_EDGE('',*,*,#1001,.F.);
#634=ORIENTED_EDGE('',*,*,#900,.F.);
#635=ORIENTED_EDGE('',*,*,#1038,.F.);
#636=ORIENTED_EDGE('',*,*,#870,.F.);
#637=ORIENTED_EDGE('',*,*,#1039,.F.);
#638=ORIENTED_EDGE('',*,*,#912,.F.);
#639=ORIENTED_EDGE('',*,*,#1040,.F.);
#640=ORIENTED_EDGE('',*,*,#872,.F.);
#641=ORIENTED_EDGE('',*,*,#1041,.F.);
#642=ORIENTED_EDGE('',*,*,#830,.F.);
#643=ORIENTED_EDGE('',*,*,#837,.F.);
#644=ORIENTED_EDGE('',*,*,#917,.F.);
#645=ORIENTED_EDGE('',*,*,#844,.F.);
#646=ORIENTED_EDGE('',*,*,#798,.F.);
#647=ORIENTED_EDGE('',*,*,#1037,.T.);
#648=ORIENTED_EDGE('',*,*,#874,.F.);
#649=ORIENTED_EDGE('',*,*,#1042,.F.);
#650=ORIENTED_EDGE('',*,*,#897,.F.);
#651=ORIENTED_EDGE('',*,*,#1039,.T.);
#652=ORIENTED_EDGE('',*,*,#916,.F.);
#653=ORIENTED_EDGE('',*,*,#1043,.F.);
#654=ORIENTED_EDGE('',*,*,#909,.F.);
#655=ORIENTED_EDGE('',*,*,#969,.F.);
#656=ORIENTED_EDGE('',*,*,#907,.F.);
#657=ORIENTED_EDGE('',*,*,#972,.F.);
#658=ORIENTED_EDGE('',*,*,#905,.F.);
#659=ORIENTED_EDGE('',*,*,#975,.F.);
#660=ORIENTED_EDGE('',*,*,#903,.F.);
#661=ORIENTED_EDGE('',*,*,#966,.F.);
#662=ORIENTED_EDGE('',*,*,#913,.F.);
#663=ORIENTED_EDGE('',*,*,#871,.T.);
#664=ORIENTED_EDGE('',*,*,#1038,.T.);
#665=ORIENTED_EDGE('',*,*,#1044,.F.);
#666=ORIENTED_EDGE('',*,*,#1041,.T.);
#667=ORIENTED_EDGE('',*,*,#873,.T.);
#668=ORIENTED_EDGE('',*,*,#1040,.T.);
#669=ORIENTED_EDGE('',*,*,#1045,.F.);
#670=ORIENTED_EDGE('',*,*,#1042,.T.);
#671=ORIENTED_EDGE('',*,*,#1043,.T.);
#672=ORIENTED_EDGE('',*,*,#885,.F.);
#673=ORIENTED_EDGE('',*,*,#1046,.F.);
#674=ORIENTED_EDGE('',*,*,#910,.F.);
#675=ORIENTED_EDGE('',*,*,#1044,.T.);
#676=ORIENTED_EDGE('',*,*,#911,.F.);
#677=ORIENTED_EDGE('',*,*,#1047,.F.);
#678=ORIENTED_EDGE('',*,*,#827,.F.);
#679=ORIENTED_EDGE('',*,*,#1045,.T.);
#680=ORIENTED_EDGE('',*,*,#797,.F.);
#681=ORIENTED_EDGE('',*,*,#1048,.F.);
#682=ORIENTED_EDGE('',*,*,#898,.F.);
#683=ORIENTED_EDGE('',*,*,#1046,.T.);
#684=ORIENTED_EDGE('',*,*,#884,.T.);
#685=ORIENTED_EDGE('',*,*,#1049,.F.);
#686=ORIENTED_EDGE('',*,*,#1047,.T.);
#687=ORIENTED_EDGE('',*,*,#899,.F.);
#688=ORIENTED_EDGE('',*,*,#1048,.T.);
#689=ORIENTED_EDGE('',*,*,#1050,.F.);
#690=ORIENTED_EDGE('',*,*,#882,.F.);
#691=ORIENTED_EDGE('',*,*,#1049,.T.);
#692=ORIENTED_EDGE('',*,*,#883,.F.);
#693=ORIENTED_EDGE('',*,*,#1050,.T.);
#694=ORIENTED_EDGE('',*,*,#796,.F.);
#695=ORIENTED_EDGE('',*,*,#841,.F.);
#696=ORIENTED_EDGE('',*,*,#920,.F.);
#697=ORIENTED_EDGE('',*,*,#831,.F.);
#698=ORIENTED_EDGE('',*,*,#828,.F.);
#699=ORIENTED_EDGE('',*,*,#919,.F.);
#700=ORIENTED_EDGE('',*,*,#858,.F.);
#701=ORIENTED_EDGE('',*,*,#921,.F.);
#702=ORIENTED_EDGE('',*,*,#855,.F.);
#703=ORIENTED_EDGE('',*,*,#808,.F.);
#704=ORIENTED_EDGE('',*,*,#1036,.F.);
#705=ORIENTED_EDGE('',*,*,#1051,.F.);
#706=ORIENTED_EDGE('',*,*,#1051,.T.);
#707=ORIENTED_EDGE('',*,*,#1024,.F.);
#708=ORIENTED_EDGE('',*,*,#1052,.F.);
#709=ORIENTED_EDGE('',*,*,#877,.F.);
#710=ORIENTED_EDGE('',*,*,#1052,.T.);
#711=ORIENTED_EDGE('',*,*,#1034,.F.);
#712=ORIENTED_EDGE('',*,*,#1053,.F.);
#713=ORIENTED_EDGE('',*,*,#1053,.T.);
#714=ORIENTED_EDGE('',*,*,#1032,.F.);
#715=ORIENTED_EDGE('',*,*,#1054,.F.);
#716=ORIENTED_EDGE('',*,*,#878,.F.);
#717=ORIENTED_EDGE('',*,*,#1000,.F.);
#718=ORIENTED_EDGE('',*,*,#1027,.F.);
#719=ORIENTED_EDGE('',*,*,#1055,.F.);
#720=ORIENTED_EDGE('',*,*,#984,.F.);
#721=ORIENTED_EDGE('',*,*,#1054,.T.);
#722=ORIENTED_EDGE('',*,*,#1031,.F.);
#723=ORIENTED_EDGE('',*,*,#997,.F.);
#724=ORIENTED_EDGE('',*,*,#1030,.F.);
#725=ORIENTED_EDGE('',*,*,#1003,.F.);
#726=ORIENTED_EDGE('',*,*,#1029,.F.);
#727=ORIENTED_EDGE('',*,*,#995,.F.);
#728=ORIENTED_EDGE('',*,*,#1028,.F.);
#729=ORIENTED_EDGE('',*,*,#1055,.T.);
#730=ORIENTED_EDGE('',*,*,#1026,.F.);
#731=ORIENTED_EDGE('',*,*,#1056,.F.);
#732=ORIENTED_EDGE('',*,*,#876,.F.);
#733=ORIENTED_EDGE('',*,*,#1056,.T.);
#734=ORIENTED_EDGE('',*,*,#1033,.F.);
#735=ORIENTED_EDGE('',*,*,#1057,.F.);
#736=ORIENTED_EDGE('',*,*,#1057,.T.);
#737=ORIENTED_EDGE('',*,*,#1022,.F.);
#738=ORIENTED_EDGE('',*,*,#1058,.F.);
#739=ORIENTED_EDGE('',*,*,#865,.F.);
#740=ORIENTED_EDGE('',*,*,#1058,.T.);
#741=ORIENTED_EDGE('',*,*,#1035,.F.);
#742=ORIENTED_EDGE('',*,*,#812,.F.);
#743=ORIENTED_EDGE('',*,*,#922,.F.);
#744=ORIENTED_EDGE('',*,*,#864,.F.);
#745=ORIENTED_EDGE('',*,*,#1059,.F.);
#746=ORIENTED_EDGE('',*,*,#1020,.F.);
#747=ORIENTED_EDGE('',*,*,#833,.F.);
#748=ORIENTED_EDGE('',*,*,#1060,.F.);
#749=ORIENTED_EDGE('',*,*,#1008,.F.);
#750=ORIENTED_EDGE('',*,*,#1059,.T.);
#751=ORIENTED_EDGE('',*,*,#888,.F.);
#752=ORIENTED_EDGE('',*,*,#1018,.F.);
#753=ORIENTED_EDGE('',*,*,#1060,.T.);
#754=ORIENTED_EDGE('',*,*,#1061,.F.);
#755=ORIENTED_EDGE('',*,*,#1061,.T.);
#756=ORIENTED_EDGE('',*,*,#887,.F.);
#757=ORIENTED_EDGE('',*,*,#1062,.F.);
#758=ORIENTED_EDGE('',*,*,#1015,.F.);
#759=ORIENTED_EDGE('',*,*,#1062,.T.);
#760=ORIENTED_EDGE('',*,*,#915,.F.);
#761=ORIENTED_EDGE('',*,*,#1063,.F.);
#762=ORIENTED_EDGE('',*,*,#1012,.F.);
#763=ORIENTED_EDGE('',*,*,#968,.F.);
#764=ORIENTED_EDGE('',*,*,#1011,.F.);
#765=ORIENTED_EDGE('',*,*,#977,.F.);
#766=ORIENTED_EDGE('',*,*,#1010,.F.);
#767=ORIENTED_EDGE('',*,*,#974,.F.);
#768=ORIENTED_EDGE('',*,*,#1009,.F.);
#769=ORIENTED_EDGE('',*,*,#971,.F.);
#770=ORIENTED_EDGE('',*,*,#1016,.F.);
#771=ORIENTED_EDGE('',*,*,#1064,.F.);
#772=ORIENTED_EDGE('',*,*,#1013,.F.);
#773=ORIENTED_EDGE('',*,*,#1063,.T.);
#774=ORIENTED_EDGE('',*,*,#868,.F.);
#775=ORIENTED_EDGE('',*,*,#1017,.F.);
#776=ORIENTED_EDGE('',*,*,#1064,.T.);
#777=ORIENTED_EDGE('',*,*,#1065,.F.);
#778=ORIENTED_EDGE('',*,*,#1065,.T.);
#779=ORIENTED_EDGE('',*,*,#867,.F.);
#780=ORIENTED_EDGE('',*,*,#1066,.F.);
#781=ORIENTED_EDGE('',*,*,#1006,.F.);
#782=ORIENTED_EDGE('',*,*,#835,.F.);
#783=ORIENTED_EDGE('',*,*,#1019,.F.);
#784=ORIENTED_EDGE('',*,*,#1066,.T.);
#785=ORIENTED_EDGE('',*,*,#860,.F.);
#786=ORIENTED_EDGE('',*,*,#918,.F.);
#787=EDGE_CURVE('',#1067,#1068,#1254,.T.);
#788=EDGE_CURVE('',#1067,#1069,#1255,.T.);
#789=EDGE_CURVE('',#1069,#1070,#1256,.T.);
#790=EDGE_CURVE('',#1068,#1070,#1257,.T.);
#791=EDGE_CURVE('',#1071,#1072,#1258,.T.);
#792=EDGE_CURVE('',#1071,#1073,#1259,.T.);
#793=EDGE_CURVE('',#1073,#1074,#1260,.T.);
#794=EDGE_CURVE('',#1072,#1074,#1261,.T.);
#795=EDGE_CURVE('',#1075,#1076,#1262,.T.);
#796=EDGE_CURVE('',#1075,#1077,#1263,.T.);
#797=EDGE_CURVE('',#1077,#1078,#1264,.T.);
#798=EDGE_CURVE('',#1078,#1079,#1265,.F.);
#799=EDGE_CURVE('',#1080,#1079,#1266,.T.);
#800=EDGE_CURVE('',#1081,#1080,#1267,.T.);
#801=EDGE_CURVE('',#1082,#1081,#1268,.T.);
#802=EDGE_CURVE('',#1082,#1083,#1269,.T.);
#803=EDGE_CURVE('',#1084,#1083,#1270,.T.);
#804=EDGE_CURVE('',#1085,#1084,#1271,.T.);
#805=EDGE_CURVE('',#1086,#1085,#1272,.T.);
#806=EDGE_CURVE('',#1086,#1076,#1273,.T.);
#807=EDGE_CURVE('',#1087,#1088,#1274,.T.);
#808=EDGE_CURVE('',#1087,#1089,#101,.F.);
#809=EDGE_CURVE('',#1089,#1090,#1275,.T.);
#810=EDGE_CURVE('',#1091,#1090,#1276,.T.);
#811=EDGE_CURVE('',#1092,#1091,#1277,.T.);
#812=EDGE_CURVE('',#1092,#1088,#102,.F.);
#813=EDGE_CURVE('',#1093,#1094,#1278,.T.);
#814=EDGE_CURVE('',#1095,#1094,#1279,.T.);
#815=EDGE_CURVE('',#1096,#1095,#1280,.T.);
#816=EDGE_CURVE('',#1096,#1093,#1281,.T.);
#817=EDGE_CURVE('',#1097,#1097,#103,.T.);
#818=EDGE_CURVE('',#1098,#1099,#1282,.T.);
#819=EDGE_CURVE('',#1098,#1068,#1283,.T.);
#820=EDGE_CURVE('',#1100,#1070,#1284,.T.);
#821=EDGE_CURVE('',#1099,#1100,#1285,.T.);
#822=EDGE_CURVE('',#1101,#1101,#104,.T.);
#823=EDGE_CURVE('',#1102,#1103,#1286,.T.);
#824=EDGE_CURVE('',#1102,#1072,#1287,.T.);
#825=EDGE_CURVE('',#1104,#1074,#1288,.T.);
#826=EDGE_CURVE('',#1103,#1104,#1289,.T.);
#827=EDGE_CURVE('',#1105,#1106,#1290,.F.);
#828=EDGE_CURVE('',#1106,#1107,#1291,.T.);
#829=EDGE_CURVE('',#1107,#1108,#1292,.T.);
#830=EDGE_CURVE('',#1108,#1105,#1293,.F.);
#831=EDGE_CURVE('',#1107,#1109,#105,.T.);
#832=EDGE_CURVE('',#1109,#1110,#1294,.T.);
#833=EDGE_CURVE('',#1110,#1111,#106,.F.);
#834=EDGE_CURVE('',#1112,#1111,#1295,.F.);
#835=EDGE_CURVE('',#1112,#1113,#107,.F.);
#836=EDGE_CURVE('',#1114,#1113,#1296,.T.);
#837=EDGE_CURVE('',#1114,#1108,#108,.T.);
#838=EDGE_CURVE('',#1115,#1115,#109,.F.);
#839=EDGE_CURVE('',#1116,#1116,#110,.F.);
#840=EDGE_CURVE('',#1117,#1118,#1297,.T.);
#841=EDGE_CURVE('',#1117,#1075,#111,.F.);
#842=EDGE_CURVE('',#1084,#1076,#112,.T.);
#843=EDGE_CURVE('',#1080,#1083,#113,.T.);
#844=EDGE_CURVE('',#1079,#1119,#114,.F.);
#845=EDGE_CURVE('',#1119,#1120,#1298,.T.);
#846=EDGE_CURVE('',#1118,#1120,#1299,.T.);
#847=EDGE_CURVE('',#1121,#1121,#115,.T.);
#848=EDGE_CURVE('',#1122,#1122,#116,.T.);
#849=EDGE_CURVE('',#1123,#1123,#117,.T.);
#850=EDGE_CURVE('',#1124,#1124,#118,.T.);
#851=EDGE_CURVE('',#1125,#1125,#119,.T.);
#852=EDGE_CURVE('',#1126,#1126,#120,.T.);
#853=EDGE_CURVE('',#1127,#1127,#121,.T.);
#854=EDGE_CURVE('',#1120,#1128,#1300,.T.);
#855=EDGE_CURVE('',#1128,#1129,#1301,.T.);
#856=EDGE_CURVE('',#1118,#1129,#1302,.T.);
#857=EDGE_CURVE('',#1130,#1131,#1303,.T.);
#858=EDGE_CURVE('',#1131,#1132,#1304,.F.);
#859=EDGE_CURVE('',#1133,#1132,#1305,.T.);
#860=EDGE_CURVE('',#1133,#1134,#122,.T.);
#861=EDGE_CURVE('',#1134,#1135,#1306,.T.);
#862=EDGE_CURVE('',#1135,#1136,#1307,.T.);
#863=EDGE_CURVE('',#1137,#1136,#1308,.T.);
#864=EDGE_CURVE('',#1137,#1130,#123,.T.);
#865=EDGE_CURVE('',#1138,#1092,#1309,.F.);
#866=EDGE_CURVE('',#1135,#1091,#1310,.T.);
#867=EDGE_CURVE('',#1134,#1139,#1311,.T.);
#868=EDGE_CURVE('',#1139,#1140,#1312,.F.);
#869=EDGE_CURVE('',#1140,#1141,#1313,.T.);
#870=EDGE_CURVE('',#1141,#1142,#1314,.T.);
#871=EDGE_CURVE('',#1143,#1142,#124,.T.);
#872=EDGE_CURVE('',#1143,#1144,#1315,.T.);
#873=EDGE_CURVE('',#1145,#1144,#125,.T.);
#874=EDGE_CURVE('',#1145,#1146,#1316,.F.);
#875=EDGE_CURVE('',#1146,#1147,#1317,.T.);
#876=EDGE_CURVE('',#1147,#1138,#1318,.T.);
#877=EDGE_CURVE('',#1089,#1148,#1319,.F.);
#878=EDGE_CURVE('',#1148,#1149,#1320,.F.);
#879=EDGE_CURVE('',#1150,#1149,#1321,.T.);
#880=EDGE_CURVE('',#1150,#1151,#77,.T.);
#881=EDGE_CURVE('',#1151,#1152,#1322,.T.);
#882=EDGE_CURVE('',#1152,#1153,#126,.T.);
#883=EDGE_CURVE('',#1153,#1154,#1323,.F.);
#884=EDGE_CURVE('',#1155,#1154,#127,.F.);
#885=EDGE_CURVE('',#1155,#1156,#1324,.F.);
#886=EDGE_CURVE('',#1157,#1156,#1325,.T.);
#887=EDGE_CURVE('',#1157,#1158,#1326,.T.);
#888=EDGE_CURVE('',#1158,#1137,#1327,.T.);
#889=EDGE_CURVE('',#1136,#1090,#1328,.T.);
#890=EDGE_CURVE('',#1159,#1159,#128,.T.);
#891=EDGE_CURVE('',#1160,#1161,#129,.T.);
#892=EDGE_CURVE('',#1161,#1162,#130,.T.);
#893=EDGE_CURVE('',#1162,#1163,#131,.T.);
#894=EDGE_CURVE('',#1163,#1164,#132,.T.);
#895=EDGE_CURVE('',#1164,#1165,#133,.T.);
#896=EDGE_CURVE('',#1165,#1166,#134,.T.);
#897=EDGE_CURVE('',#1166,#1167,#1329,.T.);
#898=EDGE_CURVE('',#1167,#1168,#1330,.F.);
#899=EDGE_CURVE('',#1168,#1152,#78,.F.);
#900=EDGE_CURVE('',#1151,#1160,#135,.T.);
#901=EDGE_CURVE('',#1169,#1169,#136,.T.);
#902=EDGE_CURVE('',#1170,#1171,#137,.T.);
#903=EDGE_CURVE('',#1171,#1172,#138,.F.);
#904=EDGE_CURVE('',#1172,#1173,#139,.T.);
#905=EDGE_CURVE('',#1173,#1174,#140,.F.);
#906=EDGE_CURVE('',#1174,#1175,#141,.T.);
#907=EDGE_CURVE('',#1175,#1176,#142,.F.);
#908=EDGE_CURVE('',#1176,#1177,#143,.T.);
#909=EDGE_CURVE('',#1177,#1178,#144,.F.);
#910=EDGE_CURVE('',#1178,#1179,#1331,.T.);
#911=EDGE_CURVE('',#1179,#1180,#1332,.T.);
#912=EDGE_CURVE('',#1180,#1181,#1333,.F.);
#913=EDGE_CURVE('',#1181,#1170,#145,.F.);
#914=EDGE_CURVE('',#1182,#1182,#146,.T.);
#915=EDGE_CURVE('',#1140,#1157,#147,.F.);
#916=EDGE_CURVE('',#1156,#1141,#148,.T.);
#917=EDGE_CURVE('',#1119,#1114,#1334,.F.);
#918=EDGE_CURVE('',#1113,#1133,#149,.T.);
#919=EDGE_CURVE('',#1132,#1128,#150,.T.);
#920=EDGE_CURVE('',#1109,#1117,#1335,.F.);
#921=EDGE_CURVE('',#1129,#1131,#151,.F.);
#922=EDGE_CURVE('',#1130,#1110,#152,.F.);
#923=EDGE_CURVE('',#1183,#1096,#1336,.T.);
#924=EDGE_CURVE('',#1183,#1184,#1337,.T.);
#925=EDGE_CURVE('',#1184,#1093,#1338,.T.);
#926=EDGE_CURVE('',#1185,#1095,#1339,.T.);
#927=EDGE_CURVE('',#1183,#1185,#1340,.T.);
#928=EDGE_CURVE('',#1186,#1186,#153,.T.);
#929=EDGE_CURVE('',#1187,#1094,#1341,.T.);
#930=EDGE_CURVE('',#1185,#1187,#1342,.T.);
#931=EDGE_CURVE('',#1188,#1188,#154,.F.);
#932=EDGE_CURVE('',#1189,#1189,#155,.T.);
#933=EDGE_CURVE('',#1190,#1190,#156,.T.);
#934=EDGE_CURVE('',#1191,#1191,#157,.T.);
#935=EDGE_CURVE('',#1192,#1192,#158,.T.);
#936=EDGE_CURVE('',#1193,#1193,#159,.T.);
#937=EDGE_CURVE('',#1184,#1187,#1343,.T.);
#938=EDGE_CURVE('',#1194,#1194,#160,.T.);
#939=EDGE_CURVE('',#1195,#1195,#161,.T.);
#940=EDGE_CURVE('',#1196,#1196,#162,.T.);
#941=EDGE_CURVE('',#1085,#1086,#163,.T.);
#942=EDGE_CURVE('',#1197,#1197,#164,.T.);
#943=EDGE_CURVE('',#1081,#1082,#165,.T.);
#944=EDGE_CURVE('',#1198,#1198,#166,.T.);
#945=EDGE_CURVE('',#1199,#1199,#167,.T.);
#946=EDGE_CURVE('',#1200,#1201,#1344,.T.);
#947=EDGE_CURVE('',#1202,#1200,#1345,.T.);
#948=EDGE_CURVE('',#1202,#1073,#1346,.T.);
#949=EDGE_CURVE('',#1201,#1071,#1347,.T.);
#950=EDGE_CURVE('',#1102,#1201,#1348,.T.);
#951=EDGE_CURVE('',#1104,#1202,#1349,.T.);
#952=EDGE_CURVE('',#1203,#1203,#168,.T.);
#953=EDGE_CURVE('',#1204,#1205,#1350,.T.);
#954=EDGE_CURVE('',#1206,#1204,#1351,.T.);
#955=EDGE_CURVE('',#1206,#1069,#1352,.T.);
#956=EDGE_CURVE('',#1205,#1067,#1353,.T.);
#957=EDGE_CURVE('',#1098,#1205,#1354,.T.);
#958=EDGE_CURVE('',#1100,#1206,#1355,.T.);
#959=EDGE_CURVE('',#1103,#1200,#1356,.T.);
#960=EDGE_CURVE('',#1099,#1204,#1357,.T.);
#961=EDGE_CURVE('',#1207,#1207,#169,.T.);
#962=EDGE_CURVE('',#1208,#1208,#170,.T.);
#963=EDGE_CURVE('',#1209,#1209,#171,.T.);
#964=EDGE_CURVE('',#1210,#1210,#172,.T.);
#965=EDGE_CURVE('',#1211,#1211,#173,.T.);
#966=EDGE_CURVE('',#1170,#1171,#79,.T.);
#967=EDGE_CURVE('',#1212,#1213,#174,.T.);
#968=EDGE_CURVE('',#1213,#1212,#80,.T.);
#969=EDGE_CURVE('',#1176,#1177,#81,.T.);
#970=EDGE_CURVE('',#1214,#1215,#175,.T.);
#971=EDGE_CURVE('',#1215,#1214,#82,.T.);
#972=EDGE_CURVE('',#1174,#1175,#83,.T.);
#973=EDGE_CURVE('',#1216,#1217,#176,.T.);
#974=EDGE_CURVE('',#1217,#1216,#84,.T.);
#975=EDGE_CURVE('',#1172,#1173,#85,.T.);
#976=EDGE_CURVE('',#1218,#1219,#177,.T.);
#977=EDGE_CURVE('',#1219,#1218,#86,.T.);
#978=EDGE_CURVE('',#1220,#1220,#178,.T.);
#979=EDGE_CURVE('',#1221,#1222,#1358,.T.);
#980=EDGE_CURVE('',#1221,#1223,#1359,.T.);
#981=EDGE_CURVE('',#1223,#1224,#1360,.T.);
#982=EDGE_CURVE('',#1222,#1224,#1361,.T.);
#983=EDGE_CURVE('',#1146,#1150,#179,.F.);
#984=EDGE_CURVE('',#1149,#1147,#180,.T.);
#985=EDGE_CURVE('',#1225,#1221,#1362,.T.);
#986=EDGE_CURVE('',#1225,#1226,#1363,.T.);
#987=EDGE_CURVE('',#1226,#1223,#1364,.T.);
#988=EDGE_CURVE('',#1227,#1222,#1365,.T.);
#989=EDGE_CURVE('',#1225,#1227,#1366,.T.);
#990=EDGE_CURVE('',#1228,#1224,#1367,.T.);
#991=EDGE_CURVE('',#1227,#1228,#1368,.T.);
#992=EDGE_CURVE('',#1226,#1228,#1369,.T.);
#993=EDGE_CURVE('',#1162,#1163,#87,.T.);
#994=EDGE_CURVE('',#1229,#1230,#181,.F.);
#995=EDGE_CURVE('',#1230,#1229,#88,.T.);
#996=EDGE_CURVE('',#1231,#1232,#182,.F.);
#997=EDGE_CURVE('',#1232,#1231,#89,.T.);
#998=EDGE_CURVE('',#1164,#1165,#90,.T.);
#999=EDGE_CURVE('',#1233,#1234,#183,.F.);
#1000=EDGE_CURVE('',#1234,#1233,#91,.T.);
#1001=EDGE_CURVE('',#1160,#1161,#92,.T.);
#1002=EDGE_CURVE('',#1235,#1236,#184,.F.);
#1003=EDGE_CURVE('',#1236,#1235,#93,.T.);
#1004=EDGE_CURVE('',#1237,#1237,#185,.T.);
#1005=EDGE_CURVE('',#1238,#1239,#1370,.T.);
#1006=EDGE_CURVE('',#1238,#1240,#1371,.F.);
#1007=EDGE_CURVE('',#1240,#1241,#1372,.T.);
#1008=EDGE_CURVE('',#1241,#1239,#1373,.F.);
#1009=EDGE_CURVE('',#1214,#1217,#186,.T.);
#1010=EDGE_CURVE('',#1216,#1219,#187,.T.);
#1011=EDGE_CURVE('',#1218,#1213,#188,.T.);
#1012=EDGE_CURVE('',#1212,#1242,#189,.T.);
#1013=EDGE_CURVE('',#1242,#1243,#1374,.T.);
#1014=EDGE_CURVE('',#1243,#1244,#1375,.T.);
#1015=EDGE_CURVE('',#1244,#1245,#1376,.F.);
#1016=EDGE_CURVE('',#1245,#1215,#190,.T.);
#1017=EDGE_CURVE('',#1243,#1238,#191,.F.);
#1018=EDGE_CURVE('',#1239,#1244,#192,.T.);
#1019=EDGE_CURVE('',#1240,#1112,#193,.F.);
#1020=EDGE_CURVE('',#1111,#1241,#194,.T.);
#1021=EDGE_CURVE('',#1246,#1247,#1377,.T.);
#1022=EDGE_CURVE('',#1246,#1248,#1378,.F.);
#1023=EDGE_CURVE('',#1249,#1248,#1379,.T.);
#1024=EDGE_CURVE('',#1249,#1247,#1380,.F.);
#1025=EDGE_CURVE('',#1250,#1251,#1381,.T.);
#1026=EDGE_CURVE('',#1251,#1252,#1382,.F.);
#1027=EDGE_CURVE('',#1252,#1234,#195,.F.);
#1028=EDGE_CURVE('',#1233,#1230,#196,.F.);
#1029=EDGE_CURVE('',#1229,#1236,#197,.F.);
#1030=EDGE_CURVE('',#1235,#1232,#198,.F.);
#1031=EDGE_CURVE('',#1231,#1253,#199,.F.);
#1032=EDGE_CURVE('',#1253,#1250,#1383,.T.);
#1033=EDGE_CURVE('',#1248,#1251,#200,.T.);
#1034=EDGE_CURVE('',#1250,#1249,#201,.F.);
#1035=EDGE_CURVE('',#1088,#1246,#202,.F.);
#1036=EDGE_CURVE('',#1247,#1087,#203,.T.);
#1037=EDGE_CURVE('',#1166,#1146,#94,.F.);
#1038=EDGE_CURVE('',#1142,#1180,#204,.T.);
#1039=EDGE_CURVE('',#1181,#1141,#95,.F.);
#1040=EDGE_CURVE('',#1144,#1078,#205,.T.);
#1041=EDGE_CURVE('',#1105,#1143,#206,.T.);
#1042=EDGE_CURVE('',#1167,#1145,#207,.T.);
#1043=EDGE_CURVE('',#1178,#1156,#96,.F.);
#1044=EDGE_CURVE('',#1105,#1180,#208,.T.);
#1045=EDGE_CURVE('',#1167,#1078,#209,.T.);
#1046=EDGE_CURVE('',#1179,#1155,#210,.T.);
#1047=EDGE_CURVE('',#1106,#1179,#211,.T.);
#1048=EDGE_CURVE('',#1168,#1077,#212,.T.);
#1049=EDGE_CURVE('',#1106,#1154,#213,.F.);
#1050=EDGE_CURVE('',#1153,#1077,#214,.T.);
#1051=EDGE_CURVE('',#1089,#1247,#215,.T.);
#1052=EDGE_CURVE('',#1148,#1249,#216,.T.);
#1053=EDGE_CURVE('',#1148,#1250,#217,.T.);
#1054=EDGE_CURVE('',#1149,#1253,#97,.T.);
#1055=EDGE_CURVE('',#1147,#1252,#98,.T.);
#1056=EDGE_CURVE('',#1138,#1251,#218,.T.);
#1057=EDGE_CURVE('',#1138,#1248,#219,.T.);
#1058=EDGE_CURVE('',#1092,#1246,#220,.T.);
#1059=EDGE_CURVE('',#1241,#1137,#221,.T.);
#1060=EDGE_CURVE('',#1239,#1158,#222,.T.);
#1061=EDGE_CURVE('',#1244,#1158,#223,.T.);
#1062=EDGE_CURVE('',#1245,#1157,#99,.F.);
#1063=EDGE_CURVE('',#1242,#1140,#100,.F.);
#1064=EDGE_CURVE('',#1243,#1139,#224,.T.);
#1065=EDGE_CURVE('',#1238,#1139,#225,.T.);
#1066=EDGE_CURVE('',#1240,#1134,#226,.T.);
#1067=VERTEX_POINT('',#2877);
#1068=VERTEX_POINT('',#2878);
#1069=VERTEX_POINT('',#2880);
#1070=VERTEX_POINT('',#2882);
#1071=VERTEX_POINT('',#2885);
#1072=VERTEX_POINT('',#2886);
#1073=VERTEX_POINT('',#2888);
#1074=VERTEX_POINT('',#2890);
#1075=VERTEX_POINT('',#2893);
#1076=VERTEX_POINT('',#2894);
#1077=VERTEX_POINT('',#2896);
#1078=VERTEX_POINT('',#2898);
#1079=VERTEX_POINT('',#2900);
#1080=VERTEX_POINT('',#2902);
#1081=VERTEX_POINT('',#2904);
#1082=VERTEX_POINT('',#2906);
#1083=VERTEX_POINT('',#2908);
#1084=VERTEX_POINT('',#2910);
#1085=VERTEX_POINT('',#2912);
#1086=VERTEX_POINT('',#2914);
#1087=VERTEX_POINT('',#2918);
#1088=VERTEX_POINT('',#2919);
#1089=VERTEX_POINT('',#2921);
#1090=VERTEX_POINT('',#2923);
#1091=VERTEX_POINT('',#2925);
#1092=VERTEX_POINT('',#2927);
#1093=VERTEX_POINT('',#2930);
#1094=VERTEX_POINT('',#2931);
#1095=VERTEX_POINT('',#2933);
#1096=VERTEX_POINT('',#2935);
#1097=VERTEX_POINT('',#2939);
#1098=VERTEX_POINT('',#2941);
#1099=VERTEX_POINT('',#2942);
#1100=VERTEX_POINT('',#2945);
#1101=VERTEX_POINT('',#2949);
#1102=VERTEX_POINT('',#2951);
#1103=VERTEX_POINT('',#2952);
#1104=VERTEX_POINT('',#2955);
#1105=VERTEX_POINT('',#2959);
#1106=VERTEX_POINT('',#2960);
#1107=VERTEX_POINT('',#2962);
#1108=VERTEX_POINT('',#2964);
#1109=VERTEX_POINT('',#2968);
#1110=VERTEX_POINT('',#2970);
#1111=VERTEX_POINT('',#2972);
#1112=VERTEX_POINT('',#2974);
#1113=VERTEX_POINT('',#2976);
#1114=VERTEX_POINT('',#2978);
#1115=VERTEX_POINT('',#2981);
#1116=VERTEX_POINT('',#2983);
#1117=VERTEX_POINT('',#2986);
#1118=VERTEX_POINT('',#2987);
#1119=VERTEX_POINT('',#2992);
#1120=VERTEX_POINT('',#2994);
#1121=VERTEX_POINT('',#2997);
#1122=VERTEX_POINT('',#2999);
#1123=VERTEX_POINT('',#3001);
#1124=VERTEX_POINT('',#3003);
#1125=VERTEX_POINT('',#3005);
#1126=VERTEX_POINT('',#3008);
#1127=VERTEX_POINT('',#3010);
#1128=VERTEX_POINT('',#3012);
#1129=VERTEX_POINT('',#3014);
#1130=VERTEX_POINT('',#3018);
#1131=VERTEX_POINT('',#3019);
#1132=VERTEX_POINT('',#3021);
#1133=VERTEX_POINT('',#3023);
#1134=VERTEX_POINT('',#3025);
#1135=VERTEX_POINT('',#3027);
#1136=VERTEX_POINT('',#3029);
#1137=VERTEX_POINT('',#3031);
#1138=VERTEX_POINT('',#3035);
#1139=VERTEX_POINT('',#3038);
#1140=VERTEX_POINT('',#3040);
#1141=VERTEX_POINT('',#3042);
#1142=VERTEX_POINT('',#3044);
#1143=VERTEX_POINT('',#3046);
#1144=VERTEX_POINT('',#3048);
#1145=VERTEX_POINT('',#3050);
#1146=VERTEX_POINT('',#3052);
#1147=VERTEX_POINT('',#3054);
#1148=VERTEX_POINT('',#3058);
#1149=VERTEX_POINT('',#3060);
#1150=VERTEX_POINT('',#3062);
#1151=VERTEX_POINT('',#3070);
#1152=VERTEX_POINT('',#3072);
#1153=VERTEX_POINT('',#3074);
#1154=VERTEX_POINT('',#3076);
#1155=VERTEX_POINT('',#3078);
#1156=VERTEX_POINT('',#3080);
#1157=VERTEX_POINT('',#3082);
#1158=VERTEX_POINT('',#3084);
#1159=VERTEX_POINT('',#3089);
#1160=VERTEX_POINT('',#3091);
#1161=VERTEX_POINT('',#3092);
#1162=VERTEX_POINT('',#3094);
#1163=VERTEX_POINT('',#3096);
#1164=VERTEX_POINT('',#3098);
#1165=VERTEX_POINT('',#3100);
#1166=VERTEX_POINT('',#3102);
#1167=VERTEX_POINT('',#3104);
#1168=VERTEX_POINT('',#3106);
#1169=VERTEX_POINT('',#3115);
#1170=VERTEX_POINT('',#3118);
#1171=VERTEX_POINT('',#3119);
#1172=VERTEX_POINT('',#3121);
#1173=VERTEX_POINT('',#3123);
#1174=VERTEX_POINT('',#3125);
#1175=VERTEX_POINT('',#3127);
#1176=VERTEX_POINT('',#3129);
#1177=VERTEX_POINT('',#3131);
#1178=VERTEX_POINT('',#3133);
#1179=VERTEX_POINT('',#3135);
#1180=VERTEX_POINT('',#3137);
#1181=VERTEX_POINT('',#3139);
#1182=VERTEX_POINT('',#3142);
#1183=VERTEX_POINT('',#3156);
#1184=VERTEX_POINT('',#3158);
#1185=VERTEX_POINT('',#3162);
#1186=VERTEX_POINT('',#3166);
#1187=VERTEX_POINT('',#3168);
#1188=VERTEX_POINT('',#3171);
#1189=VERTEX_POINT('',#3174);
#1190=VERTEX_POINT('',#3176);
#1191=VERTEX_POINT('',#3178);
#1192=VERTEX_POINT('',#3180);
#1193=VERTEX_POINT('',#3182);
#1194=VERTEX_POINT('',#3191);
#1195=VERTEX_POINT('',#3194);
#1196=VERTEX_POINT('',#3197);
#1197=VERTEX_POINT('',#3202);
#1198=VERTEX_POINT('',#3207);
#1199=VERTEX_POINT('',#3210);
#1200=VERTEX_POINT('',#3212);
#1201=VERTEX_POINT('',#3213);
#1202=VERTEX_POINT('',#3215);
#1203=VERTEX_POINT('',#3224);
#1204=VERTEX_POINT('',#3226);
#1205=VERTEX_POINT('',#3227);
#1206=VERTEX_POINT('',#3229);
#1207=VERTEX_POINT('',#3244);
#1208=VERTEX_POINT('',#3248);
#1209=VERTEX_POINT('',#3254);
#1210=VERTEX_POINT('',#3258);
#1211=VERTEX_POINT('',#3262);
#1212=VERTEX_POINT('',#3271);
#1213=VERTEX_POINT('',#3272);
#1214=VERTEX_POINT('',#3285);
#1215=VERTEX_POINT('',#3286);
#1216=VERTEX_POINT('',#3299);
#1217=VERTEX_POINT('',#3300);
#1218=VERTEX_POINT('',#3313);
#1219=VERTEX_POINT('',#3314);
#1220=VERTEX_POINT('',#3322);
#1221=VERTEX_POINT('',#3324);
#1222=VERTEX_POINT('',#3325);
#1223=VERTEX_POINT('',#3327);
#1224=VERTEX_POINT('',#3329);
#1225=VERTEX_POINT('',#3337);
#1226=VERTEX_POINT('',#3339);
#1227=VERTEX_POINT('',#3343);
#1228=VERTEX_POINT('',#3347);
#1229=VERTEX_POINT('',#3358);
#1230=VERTEX_POINT('',#3359);
#1231=VERTEX_POINT('',#3367);
#1232=VERTEX_POINT('',#3368);
#1233=VERTEX_POINT('',#3381);
#1234=VERTEX_POINT('',#3382);
#1235=VERTEX_POINT('',#3395);
#1236=VERTEX_POINT('',#3396);
#1237=VERTEX_POINT('',#3404);
#1238=VERTEX_POINT('',#3409);
#1239=VERTEX_POINT('',#3410);
#1240=VERTEX_POINT('',#3412);
#1241=VERTEX_POINT('',#3414);
#1242=VERTEX_POINT('',#3421);
#1243=VERTEX_POINT('',#3423);
#1244=VERTEX_POINT('',#3425);
#1245=VERTEX_POINT('',#3427);
#1246=VERTEX_POINT('',#3437);
#1247=VERTEX_POINT('',#3438);
#1248=VERTEX_POINT('',#3440);
#1249=VERTEX_POINT('',#3442);
#1250=VERTEX_POINT('',#3446);
#1251=VERTEX_POINT('',#3447);
#1252=VERTEX_POINT('',#3449);
#1253=VERTEX_POINT('',#3455);
#1254=LINE('',#2876,#1384);
#1255=LINE('',#2879,#1385);
#1256=LINE('',#2881,#1386);
#1257=LINE('',#2883,#1387);
#1258=LINE('',#2884,#1388);
#1259=LINE('',#2887,#1389);
#1260=LINE('',#2889,#1390);
#1261=LINE('',#2891,#1391);
#1262=LINE('',#2892,#1392);
#1263=LINE('',#2895,#1393);
#1264=LINE('',#2897,#1394);
#1265=LINE('',#2899,#1395);
#1266=LINE('',#2901,#1396);
#1267=LINE('',#2903,#1397);
#1268=LINE('',#2905,#1398);
#1269=LINE('',#2907,#1399);
#1270=LINE('',#2909,#1400);
#1271=LINE('',#2911,#1401);
#1272=LINE('',#2913,#1402);
#1273=LINE('',#2915,#1403);
#1274=LINE('',#2917,#1404);
#1275=LINE('',#2922,#1405);
#1276=LINE('',#2924,#1406);
#1277=LINE('',#2926,#1407);
#1278=LINE('',#2929,#1408);
#1279=LINE('',#2932,#1409);
#1280=LINE('',#2934,#1410);
#1281=LINE('',#2936,#1411);
#1282=LINE('',#2940,#1412);
#1283=LINE('',#2943,#1413);
#1284=LINE('',#2944,#1414);
#1285=LINE('',#2946,#1415);
#1286=LINE('',#2950,#1416);
#1287=LINE('',#2953,#1417);
#1288=LINE('',#2954,#1418);
#1289=LINE('',#2956,#1419);
#1290=LINE('',#2958,#1420);
#1291=LINE('',#2961,#1421);
#1292=LINE('',#2963,#1422);
#1293=LINE('',#2965,#1423);
#1294=LINE('',#2969,#1424);
#1295=LINE('',#2973,#1425);
#1296=LINE('',#2977,#1426);
#1297=LINE('',#2985,#1427);
#1298=LINE('',#2993,#1428);
#1299=LINE('',#2995,#1429);
#1300=LINE('',#3011,#1430);
#1301=LINE('',#3013,#1431);
#1302=LINE('',#3015,#1432);
#1303=LINE('',#3017,#1433);
#1304=LINE('',#3020,#1434);
#1305=LINE('',#3022,#1435);
#1306=LINE('',#3026,#1436);
#1307=LINE('',#3028,#1437);
#1308=LINE('',#3030,#1438);
#1309=LINE('',#3034,#1439);
#1310=LINE('',#3036,#1440);
#1311=LINE('',#3037,#1441);
#1312=LINE('',#3039,#1442);
#1313=LINE('',#3041,#1443);
#1314=LINE('',#3043,#1444);
#1315=LINE('',#3047,#1445);
#1316=LINE('',#3051,#1446);
#1317=LINE('',#3053,#1447);
#1318=LINE('',#3055,#1448);
#1319=LINE('',#3057,#1449);
#1320=LINE('',#3059,#1450);
#1321=LINE('',#3061,#1451);
#1322=LINE('',#3071,#1452);
#1323=LINE('',#3075,#1453);
#1324=LINE('',#3079,#1454);
#1325=LINE('',#3081,#1455);
#1326=LINE('',#3083,#1456);
#1327=LINE('',#3085,#1457);
#1328=LINE('',#3086,#1458);
#1329=LINE('',#3103,#1459);
#1330=LINE('',#3105,#1460);
#1331=LINE('',#3134,#1461);
#1332=LINE('',#3136,#1462);
#1333=LINE('',#3138,#1463);
#1334=LINE('',#3147,#1464);
#1335=LINE('',#3151,#1465);
#1336=LINE('',#3155,#1466);
#1337=LINE('',#3157,#1467);
#1338=LINE('',#3159,#1468);
#1339=LINE('',#3161,#1469);
#1340=LINE('',#3163,#1470);
#1341=LINE('',#3167,#1471);
#1342=LINE('',#3169,#1472);
#1343=LINE('',#3183,#1473);
#1344=LINE('',#3211,#1474);
#1345=LINE('',#3214,#1475);
#1346=LINE('',#3216,#1476);
#1347=LINE('',#3217,#1477);
#1348=LINE('',#3219,#1478);
#1349=LINE('',#3221,#1479);
#1350=LINE('',#3225,#1480);
#1351=LINE('',#3228,#1481);
#1352=LINE('',#3230,#1482);
#1353=LINE('',#3231,#1483);
#1354=LINE('',#3233,#1484);
#1355=LINE('',#3235,#1485);
#1356=LINE('',#3237,#1486);
#1357=LINE('',#3240,#1487);
#1358=LINE('',#3323,#1488);
#1359=LINE('',#3326,#1489);
#1360=LINE('',#3328,#1490);
#1361=LINE('',#3330,#1491);
#1362=LINE('',#3336,#1492);
#1363=LINE('',#3338,#1493);
#1364=LINE('',#3340,#1494);
#1365=LINE('',#3342,#1495);
#1366=LINE('',#3344,#1496);
#1367=LINE('',#3346,#1497);
#1368=LINE('',#3348,#1498);
#1369=LINE('',#3350,#1499);
#1370=LINE('',#3408,#1500);
#1371=LINE('',#3411,#1501);
#1372=LINE('',#3413,#1502);
#1373=LINE('',#3415,#1503);
#1374=LINE('',#3422,#1504);
#1375=LINE('',#3424,#1505);
#1376=LINE('',#3426,#1506);
#1377=LINE('',#3436,#1507);
#1378=LINE('',#3439,#1508);
#1379=LINE('',#3441,#1509);
#1380=LINE('',#3443,#1510);
#1381=LINE('',#3445,#1511);
#1382=LINE('',#3448,#1512);
#1383=LINE('',#3456,#1513);
#1384=VECTOR('',#2270,1.);
#1385=VECTOR('',#2271,1.);
#1386=VECTOR('',#2272,1.);
#1387=VECTOR('',#2273,1.);
#1388=VECTOR('',#2274,1.);
#1389=VECTOR('',#2275,1.);
#1390=VECTOR('',#2276,1.);
#1391=VECTOR('',#2277,1.);
#1392=VECTOR('',#2278,1.);
#1393=VECTOR('',#2279,1.);
#1394=VECTOR('',#2280,1.);
#1395=VECTOR('',#2281,1.);
#1396=VECTOR('',#2282,1.);
#1397=VECTOR('',#2283,1.);
#1398=VECTOR('',#2284,1.);
#1399=VECTOR('',#2285,1.);
#1400=VECTOR('',#2286,1.);
#1401=VECTOR('',#2287,1.);
#1402=VECTOR('',#2288,1.);
#1403=VECTOR('',#2289,1.);
#1404=VECTOR('',#2292,1.);
#1405=VECTOR('',#2295,1.);
#1406=VECTOR('',#2296,1.);
#1407=VECTOR('',#2297,1.);
#1408=VECTOR('',#2300,1.);
#1409=VECTOR('',#2301,1.);
#1410=VECTOR('',#2302,1.);
#1411=VECTOR('',#2303,1.);
#1412=VECTOR('',#2308,1.);
#1413=VECTOR('',#2309,1.);
#1414=VECTOR('',#2310,1.);
#1415=VECTOR('',#2311,1.);
#1416=VECTOR('',#2316,1.);
#1417=VECTOR('',#2317,1.);
#1418=VECTOR('',#2318,1.);
#1419=VECTOR('',#2319,1.);
#1420=VECTOR('',#2322,1.);
#1421=VECTOR('',#2323,1.);
#1422=VECTOR('',#2324,1.);
#1423=VECTOR('',#2325,1.);
#1424=VECTOR('',#2330,1.);
#1425=VECTOR('',#2333,1.);
#1426=VECTOR('',#2336,1.);
#1427=VECTOR('',#2345,1.);
#1428=VECTOR('',#2354,1.);
#1429=VECTOR('',#2355,1.);
#1430=VECTOR('',#2372,1.);
#1431=VECTOR('',#2373,1.);
#1432=VECTOR('',#2374,1.);
#1433=VECTOR('',#2377,1.);
#1434=VECTOR('',#2378,1.);
#1435=VECTOR('',#2379,1.);
#1436=VECTOR('',#2382,1.);
#1437=VECTOR('',#2383,1.);
#1438=VECTOR('',#2384,1.);
#1439=VECTOR('',#2389,1.);
#1440=VECTOR('',#2390,1.);
#1441=VECTOR('',#2391,1.);
#1442=VECTOR('',#2392,1.);
#1443=VECTOR('',#2393,1.);
#1444=VECTOR('',#2394,1.);
#1445=VECTOR('',#2397,1.);
#1446=VECTOR('',#2400,1.);
#1447=VECTOR('',#2401,1.);
#1448=VECTOR('',#2402,1.);
#1449=VECTOR('',#2405,1.);
#1450=VECTOR('',#2406,1.);
#1451=VECTOR('',#2407,1.);
#1452=VECTOR('',#2408,1.);
#1453=VECTOR('',#2411,1.);
#1454=VECTOR('',#2414,1.);
#1455=VECTOR('',#2415,1.);
#1456=VECTOR('',#2416,1.);
#1457=VECTOR('',#2417,1.);
#1458=VECTOR('',#2418,1.);
#1459=VECTOR('',#2435,1.);
#1460=VECTOR('',#2436,1.);
#1461=VECTOR('',#2459,1.);
#1462=VECTOR('',#2460,1.);
#1463=VECTOR('',#2461,1.);
#1464=VECTOR('',#2474,1.);
#1465=VECTOR('',#2481,1.);
#1466=VECTOR('',#2488,1.);
#1467=VECTOR('',#2489,1.);
#1468=VECTOR('',#2490,1.);
#1469=VECTOR('',#2493,1.);
#1470=VECTOR('',#2494,1.);
#1471=VECTOR('',#2499,1.);
#1472=VECTOR('',#2500,1.);
#1473=VECTOR('',#2515,1.);
#1474=VECTOR('',#2558,1.);
#1475=VECTOR('',#2559,1.);
#1476=VECTOR('',#2560,1.);
#1477=VECTOR('',#2561,1.);
#1478=VECTOR('',#2564,1.);
#1479=VECTOR('',#2567,1.);
#1480=VECTOR('',#2572,1.);
#1481=VECTOR('',#2573,1.);
#1482=VECTOR('',#2574,1.);
#1483=VECTOR('',#2575,1.);
#1484=VECTOR('',#2578,1.);
#1485=VECTOR('',#2581,1.);
#1486=VECTOR('',#2584,1.);
#1487=VECTOR('',#2589,1.);
#1488=VECTOR('',#2646,1.);
#1489=VECTOR('',#2647,1.);
#1490=VECTOR('',#2648,1.);
#1491=VECTOR('',#2649,1.);
#1492=VECTOR('',#2660,1.);
#1493=VECTOR('',#2661,1.);
#1494=VECTOR('',#2662,1.);
#1495=VECTOR('',#2665,1.);
#1496=VECTOR('',#2666,1.);
#1497=VECTOR('',#2669,1.);
#1498=VECTOR('',#2670,1.);
#1499=VECTOR('',#2673,1.);
#1500=VECTOR('',#2700,1.);
#1501=VECTOR('',#2701,1.);
#1502=VECTOR('',#2702,1.);
#1503=VECTOR('',#2703,1.);
#1504=VECTOR('',#2714,1.);
#1505=VECTOR('',#2715,1.);
#1506=VECTOR('',#2716,1.);
#1507=VECTOR('',#2733,1.);
#1508=VECTOR('',#2734,1.);
#1509=VECTOR('',#2735,1.);
#1510=VECTOR('',#2736,1.);
#1511=VECTOR('',#2739,1.);
#1512=VECTOR('',#2740,1.);
#1513=VECTOR('',#2751,1.);
#1514=EDGE_LOOP('',(#227,#228,#229,#230));
#1515=EDGE_LOOP('',(#231,#232,#233,#234));
#1516=EDGE_LOOP('',(#235,#236,#237,#238,#239,#240,#241,#242,#243,#244,#245,
#246));
#1517=EDGE_LOOP('',(#247,#248,#249,#250,#251,#252));
#1518=EDGE_LOOP('',(#253,#254,#255,#256));
#1519=EDGE_LOOP('',(#257));
#1520=EDGE_LOOP('',(#258,#259,#260,#261,#262));
#1521=EDGE_LOOP('',(#263));
#1522=EDGE_LOOP('',(#264,#265,#266,#267,#268));
#1523=EDGE_LOOP('',(#269,#270,#271,#272));
#1524=EDGE_LOOP('',(#273,#274,#275,#276,#277,#278,#279,#280));
#1525=EDGE_LOOP('',(#281));
#1526=EDGE_LOOP('',(#282));
#1527=EDGE_LOOP('',(#283,#284,#285,#286,#287,#288,#289,#290,#291,#292));
#1528=EDGE_LOOP('',(#293));
#1529=EDGE_LOOP('',(#294));
#1530=EDGE_LOOP('',(#295));
#1531=EDGE_LOOP('',(#296));
#1532=EDGE_LOOP('',(#297));
#1533=EDGE_LOOP('',(#298));
#1534=EDGE_LOOP('',(#299));
#1535=EDGE_LOOP('',(#300,#301,#302,#303));
#1536=EDGE_LOOP('',(#304,#305,#306,#307,#308,#309,#310,#311));
#1537=EDGE_LOOP('',(#312,#313,#314,#315,#316,#317,#318,#319,#320,#321,#322,
#323,#324,#325));
#1538=EDGE_LOOP('',(#326,#327,#328,#329,#330,#331,#332,#333,#334,#335,#336,
#337,#338,#339,#340));
#1539=EDGE_LOOP('',(#341));
#1540=EDGE_LOOP('',(#342,#343,#344,#345,#346,#347,#348,#349,#350,#351,#352));
#1541=EDGE_LOOP('',(#353));
#1542=EDGE_LOOP('',(#354,#355,#356,#357,#358,#359,#360,#361,#362,#363,#364,
#365));
#1543=EDGE_LOOP('',(#366));
#1544=EDGE_LOOP('',(#367,#368,#369,#370));
#1545=EDGE_LOOP('',(#371,#372,#373,#374,#375,#376,#377));
#1546=EDGE_LOOP('',(#378,#379,#380,#381,#382,#383,#384));
#1547=EDGE_LOOP('',(#385,#386,#387,#388));
#1548=EDGE_LOOP('',(#389,#390,#391,#392));
#1549=EDGE_LOOP('',(#393));
#1550=EDGE_LOOP('',(#394,#395,#396,#397));
#1551=EDGE_LOOP('',(#398));
#1552=EDGE_LOOP('',(#399));
#1553=EDGE_LOOP('',(#400));
#1554=EDGE_LOOP('',(#401));
#1555=EDGE_LOOP('',(#402));
#1556=EDGE_LOOP('',(#403));
#1557=EDGE_LOOP('',(#404,#405,#406,#407));
#1558=EDGE_LOOP('',(#408));
#1559=EDGE_LOOP('',(#409));
#1560=EDGE_LOOP('',(#410));
#1561=EDGE_LOOP('',(#411));
#1562=EDGE_LOOP('',(#412));
#1563=EDGE_LOOP('',(#413));
#1564=EDGE_LOOP('',(#414));
#1565=EDGE_LOOP('',(#415));
#1566=EDGE_LOOP('',(#416));
#1567=EDGE_LOOP('',(#417));
#1568=EDGE_LOOP('',(#418));
#1569=EDGE_LOOP('',(#419));
#1570=EDGE_LOOP('',(#420));
#1571=EDGE_LOOP('',(#421));
#1572=EDGE_LOOP('',(#422));
#1573=EDGE_LOOP('',(#423));
#1574=EDGE_LOOP('',(#424,#425,#426,#427));
#1575=EDGE_LOOP('',(#428));
#1576=EDGE_LOOP('',(#429,#430));
#1577=EDGE_LOOP('',(#431,#432,#433,#434));
#1578=EDGE_LOOP('',(#435));
#1579=EDGE_LOOP('',(#436,#437));
#1580=EDGE_LOOP('',(#438));
#1581=EDGE_LOOP('',(#439,#440,#441,#442,#443));
#1582=EDGE_LOOP('',(#444,#445,#446,#447));
#1583=EDGE_LOOP('',(#448,#449,#450,#451));
#1584=EDGE_LOOP('',(#452));
#1585=EDGE_LOOP('',(#453,#454,#455,#456,#457));
#1586=EDGE_LOOP('',(#458,#459,#460,#461));
#1587=EDGE_LOOP('',(#462,#463,#464,#465));
#1588=EDGE_LOOP('',(#466,#467,#468,#469));
#1589=EDGE_LOOP('',(#470,#471,#472,#473));
#1590=EDGE_LOOP('',(#474,#475,#476,#477));
#1591=EDGE_LOOP('',(#478,#479,#480,#481));
#1592=EDGE_LOOP('',(#482));
#1593=EDGE_LOOP('',(#483));
#1594=EDGE_LOOP('',(#484));
#1595=EDGE_LOOP('',(#485));
#1596=EDGE_LOOP('',(#486));
#1597=EDGE_LOOP('',(#487));
#1598=EDGE_LOOP('',(#488));
#1599=EDGE_LOOP('',(#489));
#1600=EDGE_LOOP('',(#490));
#1601=EDGE_LOOP('',(#491));
#1602=EDGE_LOOP('',(#492));
#1603=EDGE_LOOP('',(#493));
#1604=EDGE_LOOP('',(#494));
#1605=EDGE_LOOP('',(#495));
#1606=EDGE_LOOP('',(#496));
#1607=EDGE_LOOP('',(#497));
#1608=EDGE_LOOP('',(#498));
#1609=EDGE_LOOP('',(#499));
#1610=EDGE_LOOP('',(#500));
#1611=EDGE_LOOP('',(#501,#502));
#1612=EDGE_LOOP('',(#503,#504));
#1613=EDGE_LOOP('',(#505,#506));
#1614=EDGE_LOOP('',(#507,#508));
#1615=EDGE_LOOP('',(#509,#510));
#1616=EDGE_LOOP('',(#511,#512));
#1617=EDGE_LOOP('',(#513,#514));
#1618=EDGE_LOOP('',(#515,#516));
#1619=EDGE_LOOP('',(#517));
#1620=EDGE_LOOP('',(#518,#519,#520,#521));
#1621=EDGE_LOOP('',(#522,#523,#524,#525));
#1622=EDGE_LOOP('',(#526));
#1623=EDGE_LOOP('',(#527));
#1624=EDGE_LOOP('',(#528,#529,#530,#531));
#1625=EDGE_LOOP('',(#532,#533,#534,#535));
#1626=EDGE_LOOP('',(#536,#537,#538,#539));
#1627=EDGE_LOOP('',(#540,#541,#542,#543));
#1628=EDGE_LOOP('',(#544,#545));
#1629=EDGE_LOOP('',(#546,#547));
#1630=EDGE_LOOP('',(#548));
#1631=EDGE_LOOP('',(#549,#550));
#1632=EDGE_LOOP('',(#551,#552));
#1633=EDGE_LOOP('',(#553,#554));
#1634=EDGE_LOOP('',(#555,#556));
#1635=EDGE_LOOP('',(#557,#558));
#1636=EDGE_LOOP('',(#559));
#1637=EDGE_LOOP('',(#560));
#1638=EDGE_LOOP('',(#561));
#1639=EDGE_LOOP('',(#562));
#1640=EDGE_LOOP('',(#563,#564,#565,#566));
#1641=EDGE_LOOP('',(#567));
#1642=EDGE_LOOP('',(#568));
#1643=EDGE_LOOP('',(#569,#570,#571,#572));
#1644=EDGE_LOOP('',(#573,#574,#575,#576));
#1645=EDGE_LOOP('',(#577,#578,#579,#580,#581,#582,#583,#584,#585,#586,#587,
#588));
#1646=EDGE_LOOP('',(#589,#590,#591,#592));
#1647=EDGE_LOOP('',(#593,#594,#595,#596));
#1648=EDGE_LOOP('',(#597,#598,#599,#600));
#1649=EDGE_LOOP('',(#601,#602,#603,#604,#605,#606,#607,#608,#609,#610,#611,
#612));
#1650=EDGE_LOOP('',(#613,#614,#615,#616));
#1651=EDGE_LOOP('',(#617,#618,#619,#620));
#1652=EDGE_LOOP('',(#621,#622,#623,#624));
#1653=EDGE_LOOP('',(#625,#626,#627,#628,#629,#630,#631,#632,#633,#634));
#1654=EDGE_LOOP('',(#635,#636,#637,#638));
#1655=EDGE_LOOP('',(#639,#640,#641,#642,#643,#644,#645,#646));
#1656=EDGE_LOOP('',(#647,#648,#649,#650));
#1657=EDGE_LOOP('',(#651,#652,#653,#654,#655,#656,#657,#658,#659,#660,#661,
#662));
#1658=EDGE_LOOP('',(#663,#664,#665,#666));
#1659=EDGE_LOOP('',(#667,#668,#669,#670));
#1660=EDGE_LOOP('',(#671,#672,#673,#674));
#1661=EDGE_LOOP('',(#675,#676,#677,#678));
#1662=EDGE_LOOP('',(#679,#680,#681,#682));
#1663=EDGE_LOOP('',(#683,#684,#685,#686));
#1664=EDGE_LOOP('',(#687,#688,#689,#690));
#1665=EDGE_LOOP('',(#691,#692,#693,#694,#695,#696,#697,#698));
#1666=EDGE_LOOP('',(#699,#700,#701,#702));
#1667=EDGE_LOOP('',(#703,#704,#705));
#1668=EDGE_LOOP('',(#706,#707,#708,#709));
#1669=EDGE_LOOP('',(#710,#711,#712));
#1670=EDGE_LOOP('',(#713,#714,#715,#716));
#1671=EDGE_LOOP('',(#717,#718,#719,#720,#721,#722,#723,#724,#725,#726,#727,
#728));
#1672=EDGE_LOOP('',(#729,#730,#731,#732));
#1673=EDGE_LOOP('',(#733,#734,#735));
#1674=EDGE_LOOP('',(#736,#737,#738,#739));
#1675=EDGE_LOOP('',(#740,#741,#742));
#1676=EDGE_LOOP('',(#743,#744,#745,#746,#747));
#1677=EDGE_LOOP('',(#748,#749,#750,#751));
#1678=EDGE_LOOP('',(#752,#753,#754));
#1679=EDGE_LOOP('',(#755,#756,#757,#758));
#1680=EDGE_LOOP('',(#759,#760,#761,#762,#763,#764,#765,#766,#767,#768,#769,
#770));
#1681=EDGE_LOOP('',(#771,#772,#773,#774));
#1682=EDGE_LOOP('',(#775,#776,#777));
#1683=EDGE_LOOP('',(#778,#779,#780,#781));
#1684=EDGE_LOOP('',(#782,#783,#784,#785,#786));
#1685=FACE_BOUND('',#1514,.T.);
#1686=FACE_BOUND('',#1515,.T.);
#1687=FACE_BOUND('',#1516,.T.);
#1688=FACE_BOUND('',#1517,.T.);
#1689=FACE_BOUND('',#1518,.T.);
#1690=FACE_BOUND('',#1519,.T.);
#1691=FACE_BOUND('',#1520,.T.);
#1692=FACE_BOUND('',#1521,.T.);
#1693=FACE_BOUND('',#1522,.T.);
#1694=FACE_BOUND('',#1523,.T.);
#1695=FACE_BOUND('',#1524,.T.);
#1696=FACE_BOUND('',#1525,.T.);
#1697=FACE_BOUND('',#1526,.T.);
#1698=FACE_BOUND('',#1527,.T.);
#1699=FACE_BOUND('',#1528,.T.);
#1700=FACE_BOUND('',#1529,.T.);
#1701=FACE_BOUND('',#1530,.T.);
#1702=FACE_BOUND('',#1531,.T.);
#1703=FACE_BOUND('',#1532,.T.);
#1704=FACE_BOUND('',#1533,.T.);
#1705=FACE_BOUND('',#1534,.T.);
#1706=FACE_BOUND('',#1535,.T.);
#1707=FACE_BOUND('',#1536,.T.);
#1708=FACE_BOUND('',#1537,.T.);
#1709=FACE_BOUND('',#1538,.T.);
#1710=FACE_BOUND('',#1539,.T.);
#1711=FACE_BOUND('',#1540,.T.);
#1712=FACE_BOUND('',#1541,.T.);
#1713=FACE_BOUND('',#1542,.T.);
#1714=FACE_BOUND('',#1543,.T.);
#1715=FACE_BOUND('',#1544,.T.);
#1716=FACE_BOUND('',#1545,.T.);
#1717=FACE_BOUND('',#1546,.T.);
#1718=FACE_BOUND('',#1547,.T.);
#1719=FACE_BOUND('',#1548,.T.);
#1720=FACE_BOUND('',#1549,.T.);
#1721=FACE_BOUND('',#1550,.T.);
#1722=FACE_BOUND('',#1551,.T.);
#1723=FACE_BOUND('',#1552,.T.);
#1724=FACE_BOUND('',#1553,.T.);
#1725=FACE_BOUND('',#1554,.T.);
#1726=FACE_BOUND('',#1555,.T.);
#1727=FACE_BOUND('',#1556,.T.);
#1728=FACE_BOUND('',#1557,.T.);
#1729=FACE_BOUND('',#1558,.T.);
#1730=FACE_BOUND('',#1559,.T.);
#1731=FACE_BOUND('',#1560,.T.);
#1732=FACE_BOUND('',#1561,.T.);
#1733=FACE_BOUND('',#1562,.T.);
#1734=FACE_BOUND('',#1563,.T.);
#1735=FACE_BOUND('',#1564,.T.);
#1736=FACE_BOUND('',#1565,.T.);
#1737=FACE_BOUND('',#1566,.T.);
#1738=FACE_BOUND('',#1567,.T.);
#1739=FACE_BOUND('',#1568,.T.);
#1740=FACE_BOUND('',#1569,.T.);
#1741=FACE_BOUND('',#1570,.T.);
#1742=FACE_BOUND('',#1571,.T.);
#1743=FACE_BOUND('',#1572,.T.);
#1744=FACE_BOUND('',#1573,.T.);
#1745=FACE_BOUND('',#1574,.T.);
#1746=FACE_BOUND('',#1575,.T.);
#1747=FACE_BOUND('',#1576,.T.);
#1748=FACE_BOUND('',#1577,.T.);
#1749=FACE_BOUND('',#1578,.T.);
#1750=FACE_BOUND('',#1579,.T.);
#1751=FACE_BOUND('',#1580,.T.);
#1752=FACE_BOUND('',#1581,.T.);
#1753=FACE_BOUND('',#1582,.T.);
#1754=FACE_BOUND('',#1583,.T.);
#1755=FACE_BOUND('',#1584,.T.);
#1756=FACE_BOUND('',#1585,.T.);
#1757=FACE_BOUND('',#1586,.T.);
#1758=FACE_BOUND('',#1587,.T.);
#1759=FACE_BOUND('',#1588,.T.);
#1760=FACE_BOUND('',#1589,.T.);
#1761=FACE_BOUND('',#1590,.T.);
#1762=FACE_BOUND('',#1591,.T.);
#1763=FACE_BOUND('',#1592,.T.);
#1764=FACE_BOUND('',#1593,.T.);
#1765=FACE_BOUND('',#1594,.T.);
#1766=FACE_BOUND('',#1595,.T.);
#1767=FACE_BOUND('',#1596,.T.);
#1768=FACE_BOUND('',#1597,.T.);
#1769=FACE_BOUND('',#1598,.T.);
#1770=FACE_BOUND('',#1599,.T.);
#1771=FACE_BOUND('',#1600,.T.);
#1772=FACE_BOUND('',#1601,.T.);
#1773=FACE_BOUND('',#1602,.T.);
#1774=FACE_BOUND('',#1603,.T.);
#1775=FACE_BOUND('',#1604,.T.);
#1776=FACE_BOUND('',#1605,.T.);
#1777=FACE_BOUND('',#1606,.T.);
#1778=FACE_BOUND('',#1607,.T.);
#1779=FACE_BOUND('',#1608,.T.);
#1780=FACE_BOUND('',#1609,.T.);
#1781=FACE_BOUND('',#1610,.T.);
#1782=FACE_BOUND('',#1611,.T.);
#1783=FACE_BOUND('',#1612,.T.);
#1784=FACE_BOUND('',#1613,.T.);
#1785=FACE_BOUND('',#1614,.T.);
#1786=FACE_BOUND('',#1615,.T.);
#1787=FACE_BOUND('',#1616,.T.);
#1788=FACE_BOUND('',#1617,.T.);
#1789=FACE_BOUND('',#1618,.T.);
#1790=FACE_BOUND('',#1619,.T.);
#1791=FACE_BOUND('',#1620,.T.);
#1792=FACE_BOUND('',#1621,.T.);
#1793=FACE_BOUND('',#1622,.T.);
#1794=FACE_BOUND('',#1623,.T.);
#1795=FACE_BOUND('',#1624,.T.);
#1796=FACE_BOUND('',#1625,.T.);
#1797=FACE_BOUND('',#1626,.T.);
#1798=FACE_BOUND('',#1627,.T.);
#1799=FACE_BOUND('',#1628,.T.);
#1800=FACE_BOUND('',#1629,.T.);
#1801=FACE_BOUND('',#1630,.T.);
#1802=FACE_BOUND('',#1631,.T.);
#1803=FACE_BOUND('',#1632,.T.);
#1804=FACE_BOUND('',#1633,.T.);
#1805=FACE_BOUND('',#1634,.T.);
#1806=FACE_BOUND('',#1635,.T.);
#1807=FACE_BOUND('',#1636,.T.);
#1808=FACE_BOUND('',#1637,.T.);
#1809=FACE_BOUND('',#1638,.T.);
#1810=FACE_BOUND('',#1639,.T.);
#1811=FACE_BOUND('',#1640,.T.);
#1812=FACE_BOUND('',#1641,.T.);
#1813=FACE_BOUND('',#1642,.T.);
#1814=FACE_BOUND('',#1643,.T.);
#1815=FACE_BOUND('',#1644,.T.);
#1816=FACE_BOUND('',#1645,.T.);
#1817=FACE_BOUND('',#1646,.T.);
#1818=FACE_BOUND('',#1647,.T.);
#1819=FACE_BOUND('',#1648,.T.);
#1820=FACE_BOUND('',#1649,.T.);
#1821=FACE_BOUND('',#1650,.T.);
#1822=FACE_BOUND('',#1651,.T.);
#1823=FACE_BOUND('',#1652,.T.);
#1824=FACE_BOUND('',#1653,.T.);
#1825=FACE_BOUND('',#1654,.T.);
#1826=FACE_BOUND('',#1655,.T.);
#1827=FACE_BOUND('',#1656,.T.);
#1828=FACE_BOUND('',#1657,.T.);
#1829=FACE_BOUND('',#1658,.T.);
#1830=FACE_BOUND('',#1659,.T.);
#1831=FACE_BOUND('',#1660,.T.);
#1832=FACE_BOUND('',#1661,.T.);
#1833=FACE_BOUND('',#1662,.T.);
#1834=FACE_BOUND('',#1663,.T.);
#1835=FACE_BOUND('',#1664,.T.);
#1836=FACE_BOUND('',#1665,.T.);
#1837=FACE_BOUND('',#1666,.T.);
#1838=FACE_BOUND('',#1667,.T.);
#1839=FACE_BOUND('',#1668,.T.);
#1840=FACE_BOUND('',#1669,.T.);
#1841=FACE_BOUND('',#1670,.T.);
#1842=FACE_BOUND('',#1671,.T.);
#1843=FACE_BOUND('',#1672,.T.);
#1844=FACE_BOUND('',#1673,.T.);
#1845=FACE_BOUND('',#1674,.T.);
#1846=FACE_BOUND('',#1675,.T.);
#1847=FACE_BOUND('',#1676,.T.);
#1848=FACE_BOUND('',#1677,.T.);
#1849=FACE_BOUND('',#1678,.T.);
#1850=FACE_BOUND('',#1679,.T.);
#1851=FACE_BOUND('',#1680,.T.);
#1852=FACE_BOUND('',#1681,.T.);
#1853=FACE_BOUND('',#1682,.T.);
#1854=FACE_BOUND('',#1683,.T.);
#1855=FACE_BOUND('',#1684,.T.);
#1856=PLANE('',#2028);
#1857=PLANE('',#2029);
#1858=PLANE('',#2032);
#1859=PLANE('',#2034);
#1860=PLANE('',#2036);
#1861=PLANE('',#2037);
#1862=PLANE('',#2044);
#1863=PLANE('',#2054);
#1864=PLANE('',#2057);
#1865=PLANE('',#2060);
#1866=PLANE('',#2063);
#1867=PLANE('',#2066);
#1868=PLANE('',#2076);
#1869=PLANE('',#2090);
#1870=PLANE('',#2093);
#1871=PLANE('',#2096);
#1872=PLANE('',#2097);
#1873=PLANE('',#2098);
#1874=PLANE('',#2101);
#1875=PLANE('',#2120);
#1876=PLANE('',#2124);
#1877=PLANE('',#2126);
#1878=PLANE('',#2128);
#1879=PLANE('',#2129);
#1880=PLANE('',#2130);
#1881=PLANE('',#2132);
#1882=PLANE('',#2133);
#1883=PLANE('',#2134);
#1884=PLANE('',#2135);
#1885=PLANE('',#2136);
#1886=PLANE('',#2137);
#1887=PLANE('',#2138);
#1888=PLANE('',#2141);
#1889=PLANE('',#2148);
#1890=PLANE('',#2151);
#1891=PLANE('',#2154);
#1892=PLANE('',#2163);
#1893=PLANE('',#2169);
#1894=PLANE('',#2170);
#1895=PLANE('',#2171);
#1896=PLANE('',#2172);
#1897=PLANE('',#2181);
#1898=PLANE('',#2184);
#1899=PLANE('',#2185);
#1900=PLANE('',#2186);
#1901=PLANE('',#2198);
#1902=PLANE('',#2199);
#1903=ADVANCED_FACE('',(#1685,#1686,#1687),#1856,.T.);
#1904=ADVANCED_FACE('',(#1688,#1689),#1857,.T.);
#1905=ADVANCED_FACE('',(#1690,#1691),#1858,.F.);
#1906=ADVANCED_FACE('',(#1692,#1693),#1859,.F.);
#1907=ADVANCED_FACE('',(#1694),#1860,.T.);
#1908=ADVANCED_FACE('',(#1695,#1696,#1697),#1861,.T.);
#1909=ADVANCED_FACE('',(#1698,#1699,#1700,#1701,#1702,#1703),#1862,.F.);
#1910=ADVANCED_FACE('',(#1704,#1705,#1706),#1863,.T.);
#1911=ADVANCED_FACE('',(#1707),#1864,.F.);
#1912=ADVANCED_FACE('',(#1708),#1865,.T.);
#1913=ADVANCED_FACE('',(#1709),#1866,.F.);
#1914=ADVANCED_FACE('',(#1710,#1711,#1712),#1867,.T.);
#1915=ADVANCED_FACE('',(#1713,#1714),#1868,.F.);
#1916=ADVANCED_FACE('',(#1715),#28,.T.);
#1917=ADVANCED_FACE('',(#1716),#1869,.F.);
#1918=ADVANCED_FACE('',(#1717),#1870,.T.);
#1919=ADVANCED_FACE('',(#1718),#1871,.T.);
#1920=ADVANCED_FACE('',(#1719),#1872,.F.);
#1921=ADVANCED_FACE('',(#1720,#1721,#1722),#1873,.F.);
#1922=ADVANCED_FACE('',(#1723,#1724,#1725,#1726,#1727,#1728),#1874,.T.);
#1923=ADVANCED_FACE('',(#1729,#1730),#29,.F.);
#1924=ADVANCED_FACE('',(#1731,#1732),#30,.F.);
#1925=ADVANCED_FACE('',(#1733,#1734),#31,.F.);
#1926=ADVANCED_FACE('',(#1735,#1736),#32,.F.);
#1927=ADVANCED_FACE('',(#1737,#1738),#33,.F.);
#1928=ADVANCED_FACE('',(#1739,#1740),#34,.F.);
#1929=ADVANCED_FACE('',(#1741,#1742),#35,.F.);
#1930=ADVANCED_FACE('',(#1743,#1744),#36,.F.);
#1931=ADVANCED_FACE('',(#1745),#37,.T.);
#1932=ADVANCED_FACE('',(#1746,#1747),#1875,.T.);
#1933=ADVANCED_FACE('',(#1748),#38,.T.);
#1934=ADVANCED_FACE('',(#1749,#1750),#1876,.T.);
#1935=ADVANCED_FACE('',(#1751,#1752),#1877,.T.);
#1936=ADVANCED_FACE('',(#1753),#1878,.F.);
#1937=ADVANCED_FACE('',(#1754),#1879,.T.);
#1938=ADVANCED_FACE('',(#1755,#1756),#1880,.T.);
#1939=ADVANCED_FACE('',(#1757),#1881,.F.);
#1940=ADVANCED_FACE('',(#1758),#1882,.T.);
#1941=ADVANCED_FACE('',(#1759),#1883,.F.);
#1942=ADVANCED_FACE('',(#1760),#1884,.F.);
#1943=ADVANCED_FACE('',(#1761),#1885,.F.);
#1944=ADVANCED_FACE('',(#1762),#1886,.F.);
#1945=ADVANCED_FACE('',(#1763),#1887,.T.);
#1946=ADVANCED_FACE('',(#1764,#1765),#39,.F.);
#1947=ADVANCED_FACE('',(#1766),#1888,.T.);
#1948=ADVANCED_FACE('',(#1767,#1768),#40,.F.);
#1949=ADVANCED_FACE('',(#1769,#1770),#41,.F.);
#1950=ADVANCED_FACE('',(#1771,#1772),#42,.F.);
#1951=ADVANCED_FACE('',(#1773,#1774),#43,.F.);
#1952=ADVANCED_FACE('',(#1775),#1889,.F.);
#1953=ADVANCED_FACE('',(#1776,#1777),#44,.F.);
#1954=ADVANCED_FACE('',(#1778),#1890,.F.);
#1955=ADVANCED_FACE('',(#1779,#1780),#45,.F.);
#1956=ADVANCED_FACE('',(#1781),#1891,.T.);
#1957=ADVANCED_FACE('',(#1782,#1783),#46,.F.);
#1958=ADVANCED_FACE('',(#1784,#1785),#47,.F.);
#1959=ADVANCED_FACE('',(#1786,#1787),#48,.F.);
#1960=ADVANCED_FACE('',(#1788,#1789),#49,.F.);
#1961=ADVANCED_FACE('',(#1790,#1791),#1892,.T.);
#1962=ADVANCED_FACE('',(#1792),#50,.T.);
#1963=ADVANCED_FACE('',(#1793,#1794),#51,.F.);
#1964=ADVANCED_FACE('',(#1795),#1893,.T.);
#1965=ADVANCED_FACE('',(#1796),#1894,.F.);
#1966=ADVANCED_FACE('',(#1797),#1895,.F.);
#1967=ADVANCED_FACE('',(#1798),#1896,.T.);
#1968=ADVANCED_FACE('',(#1799,#1800),#52,.F.);
#1969=ADVANCED_FACE('',(#1801,#1802),#53,.F.);
#1970=ADVANCED_FACE('',(#1803,#1804),#54,.F.);
#1971=ADVANCED_FACE('',(#1805,#1806),#55,.F.);
#1972=ADVANCED_FACE('',(#1807,#1808,#1809,#1810,#1811),#1897,.F.);
#1973=ADVANCED_FACE('',(#1812,#1813),#56,.F.);
#1974=ADVANCED_FACE('',(#1814),#1898,.T.);
#1975=ADVANCED_FACE('',(#1815),#1899,.T.);
#1976=ADVANCED_FACE('',(#1816),#1900,.T.);
#1977=ADVANCED_FACE('',(#1817),#57,.T.);
#1978=ADVANCED_FACE('',(#1818),#58,.T.);
#1979=ADVANCED_FACE('',(#1819),#1901,.F.);
#1980=ADVANCED_FACE('',(#1820,#1821),#1902,.F.);
#1981=ADVANCED_FACE('',(#1822),#59,.T.);
#1982=ADVANCED_FACE('',(#1823),#60,.T.);
#1983=ADVANCED_FACE('',(#1824),#20,.T.);
#1984=ADVANCED_FACE('',(#1825),#61,.T.);
#1985=ADVANCED_FACE('',(#1826),#62,.T.);
#1986=ADVANCED_FACE('',(#1827),#63,.T.);
#1987=ADVANCED_FACE('',(#1828),#21,.T.);
#1988=ADVANCED_FACE('',(#1829),#22,.T.);
#1989=ADVANCED_FACE('',(#1830),#23,.T.);
#1990=ADVANCED_FACE('',(#1831),#64,.T.);
#1991=ADVANCED_FACE('',(#1832),#65,.F.);
#1992=ADVANCED_FACE('',(#1833),#66,.F.);
#1993=ADVANCED_FACE('',(#1834),#24,.T.);
#1994=ADVANCED_FACE('',(#1835),#25,.T.);
#1995=ADVANCED_FACE('',(#1836),#67,.T.);
#1996=ADVANCED_FACE('',(#1837),#68,.T.);
#1997=ADVANCED_FACE('',(#1838),#12,.T.);
#1998=ADVANCED_FACE('',(#1839),#69,.T.);
#1999=ADVANCED_FACE('',(#1840),#13,.T.);
#2000=ADVANCED_FACE('',(#1841),#70,.T.);
#2001=ADVANCED_FACE('',(#1842),#26,.T.);
#2002=ADVANCED_FACE('',(#1843),#71,.T.);
#2003=ADVANCED_FACE('',(#1844),#14,.T.);
#2004=ADVANCED_FACE('',(#1845),#72,.T.);
#2005=ADVANCED_FACE('',(#1846),#15,.T.);
#2006=ADVANCED_FACE('',(#1847),#16,.T.);
#2007=ADVANCED_FACE('',(#1848),#73,.T.);
#2008=ADVANCED_FACE('',(#1849),#17,.T.);
#2009=ADVANCED_FACE('',(#1850),#74,.T.);
#2010=ADVANCED_FACE('',(#1851),#27,.T.);
#2011=ADVANCED_FACE('',(#1852),#75,.T.);
#2012=ADVANCED_FACE('',(#1853),#18,.T.);
#2013=ADVANCED_FACE('',(#1854),#76,.T.);
#2014=ADVANCED_FACE('',(#1855),#19,.T.);
#2015=CLOSED_SHELL('',(#1903,#1904,#1905,#1906,#1907,#1908,#1909,#1910,
#1911,#1912,#1913,#1914,#1915,#1916,#1917,#1918,#1919,#1920,#1921,#1922,
#1923,#1924,#1925,#1926,#1927,#1928,#1929,#1930,#1931,#1932,#1933,#1934,
#1935,#1936,#1937,#1938,#1939,#1940,#1941,#1942,#1943,#1944,#1945,#1946,
#1947,#1948,#1949,#1950,#1951,#1952,#1953,#1954,#1955,#1956,#1957,#1958,
#1959,#1960,#1961,#1962,#1963,#1964,#1965,#1966,#1967,#1968,#1969,#1970,
#1971,#1972,#1973,#1974,#1975,#1976,#1977,#1978,#1979,#1980,#1981,#1982,
#1983,#1984,#1985,#1986,#1987,#1988,#1989,#1990,#1991,#1992,#1993,#1994,
#1995,#1996,#1997,#1998,#1999,#2000,#2001,#2002,#2003,#2004,#2005,#2006,
#2007,#2008,#2009,#2010,#2011,#2012,#2013,#2014));
#2016=STYLED_ITEM('',(#2017),#2024);
#2017=PRESENTATION_STYLE_ASSIGNMENT((#2018));
#2018=SURFACE_STYLE_USAGE(.BOTH.,#2019);
#2019=SURFACE_SIDE_STYLE('',(#2020));
#2020=SURFACE_STYLE_FILL_AREA(#2021);
#2021=FILL_AREA_STYLE('',(#2022));
#2022=FILL_AREA_STYLE_COLOUR('',#2023);
#2023=COLOUR_RGB('',0.541176470588235,0.682352941176471,0.83921568627451);
#2024=MANIFOLD_SOLID_BREP('J1',#2015);
#2025=SHAPE_DEFINITION_REPRESENTATION(#3559,#2026);
#2026=SHAPE_REPRESENTATION('J1',(#2027),#3554);
#2027=AXIS2_PLACEMENT_3D('',#2874,#2266,#2267);
#2028=AXIS2_PLACEMENT_3D('',#2875,#2268,#2269);
#2029=AXIS2_PLACEMENT_3D('',#2916,#2290,#2291);
#2030=AXIS2_PLACEMENT_3D('',#2920,#2293,#2294);
#2031=AXIS2_PLACEMENT_3D('',#2928,#2298,#2299);
#2032=AXIS2_PLACEMENT_3D('',#2937,#2304,#2305);
#2033=AXIS2_PLACEMENT_3D('',#2938,#2306,#2307);
#2034=AXIS2_PLACEMENT_3D('',#2947,#2312,#2313);
#2035=AXIS2_PLACEMENT_3D('',#2948,#2314,#2315);
#2036=AXIS2_PLACEMENT_3D('',#2957,#2320,#2321);
#2037=AXIS2_PLACEMENT_3D('',#2966,#2326,#2327);
#2038=AXIS2_PLACEMENT_3D('',#2967,#2328,#2329);
#2039=AXIS2_PLACEMENT_3D('',#2971,#2331,#2332);
#2040=AXIS2_PLACEMENT_3D('',#2975,#2334,#2335);
#2041=AXIS2_PLACEMENT_3D('',#2979,#2337,#2338);
#2042=AXIS2_PLACEMENT_3D('',#2980,#2339,#2340);
#2043=AXIS2_PLACEMENT_3D('',#2982,#2341,#2342);
#2044=AXIS2_PLACEMENT_3D('',#2984,#2343,#2344);
#2045=AXIS2_PLACEMENT_3D('',#2988,#2346,#2347);
#2046=AXIS2_PLACEMENT_3D('',#2989,#2348,#2349);
#2047=AXIS2_PLACEMENT_3D('',#2990,#2350,#2351);
#2048=AXIS2_PLACEMENT_3D('',#2991,#2352,#2353);
#2049=AXIS2_PLACEMENT_3D('',#2996,#2356,#2357);
#2050=AXIS2_PLACEMENT_3D('',#2998,#2358,#2359);
#2051=AXIS2_PLACEMENT_3D('',#3000,#2360,#2361);
#2052=AXIS2_PLACEMENT_3D('',#3002,#2362,#2363);
#2053=AXIS2_PLACEMENT_3D('',#3004,#2364,#2365);
#2054=AXIS2_PLACEMENT_3D('',#3006,#2366,#2367);
#2055=AXIS2_PLACEMENT_3D('',#3007,#2368,#2369);
#2056=AXIS2_PLACEMENT_3D('',#3009,#2370,#2371);
#2057=AXIS2_PLACEMENT_3D('',#3016,#2375,#2376);
#2058=AXIS2_PLACEMENT_3D('',#3024,#2380,#2381);
#2059=AXIS2_PLACEMENT_3D('',#3032,#2385,#2386);
#2060=AXIS2_PLACEMENT_3D('',#3033,#2387,#2388);
#2061=AXIS2_PLACEMENT_3D('',#3045,#2395,#2396);
#2062=AXIS2_PLACEMENT_3D('',#3049,#2398,#2399);
#2063=AXIS2_PLACEMENT_3D('',#3056,#2403,#2404);
#2064=AXIS2_PLACEMENT_3D('',#3073,#2409,#2410);
#2065=AXIS2_PLACEMENT_3D('',#3077,#2412,#2413);
#2066=AXIS2_PLACEMENT_3D('',#3087,#2419,#2420);
#2067=AXIS2_PLACEMENT_3D('',#3088,#2421,#2422);
#2068=AXIS2_PLACEMENT_3D('',#3090,#2423,#2424);
#2069=AXIS2_PLACEMENT_3D('',#3093,#2425,#2426);
#2070=AXIS2_PLACEMENT_3D('',#3095,#2427,#2428);
#2071=AXIS2_PLACEMENT_3D('',#3097,#2429,#2430);
#2072=AXIS2_PLACEMENT_3D('',#3099,#2431,#2432);
#2073=AXIS2_PLACEMENT_3D('',#3101,#2433,#2434);
#2074=AXIS2_PLACEMENT_3D('',#3113,#2437,#2438);
#2075=AXIS2_PLACEMENT_3D('',#3114,#2439,#2440);
#2076=AXIS2_PLACEMENT_3D('',#3116,#2441,#2442);
#2077=AXIS2_PLACEMENT_3D('',#3117,#2443,#2444);
#2078=AXIS2_PLACEMENT_3D('',#3120,#2445,#2446);
#2079=AXIS2_PLACEMENT_3D('',#3122,#2447,#2448);
#2080=AXIS2_PLACEMENT_3D('',#3124,#2449,#2450);
#2081=AXIS2_PLACEMENT_3D('',#3126,#2451,#2452);
#2082=AXIS2_PLACEMENT_3D('',#3128,#2453,#2454);
#2083=AXIS2_PLACEMENT_3D('',#3130,#2455,#2456);
#2084=AXIS2_PLACEMENT_3D('',#3132,#2457,#2458);
#2085=AXIS2_PLACEMENT_3D('',#3140,#2462,#2463);
#2086=AXIS2_PLACEMENT_3D('',#3141,#2464,#2465);
#2087=AXIS2_PLACEMENT_3D('',#3143,#2466,#2467);
#2088=AXIS2_PLACEMENT_3D('',#3144,#2468,#2469);
#2089=AXIS2_PLACEMENT_3D('',#3145,#2470,#2471);
#2090=AXIS2_PLACEMENT_3D('',#3146,#2472,#2473);
#2091=AXIS2_PLACEMENT_3D('',#3148,#2475,#2476);
#2092=AXIS2_PLACEMENT_3D('',#3149,#2477,#2478);
#2093=AXIS2_PLACEMENT_3D('',#3150,#2479,#2480);
#2094=AXIS2_PLACEMENT_3D('',#3152,#2482,#2483);
#2095=AXIS2_PLACEMENT_3D('',#3153,#2484,#2485);
#2096=AXIS2_PLACEMENT_3D('',#3154,#2486,#2487);
#2097=AXIS2_PLACEMENT_3D('',#3160,#2491,#2492);
#2098=AXIS2_PLACEMENT_3D('',#3164,#2495,#2496);
#2099=AXIS2_PLACEMENT_3D('',#3165,#2497,#2498);
#2100=AXIS2_PLACEMENT_3D('',#3170,#2501,#2502);
#2101=AXIS2_PLACEMENT_3D('',#3172,#2503,#2504);
#2102=AXIS2_PLACEMENT_3D('',#3173,#2505,#2506);
#2103=AXIS2_PLACEMENT_3D('',#3175,#2507,#2508);
#2104=AXIS2_PLACEMENT_3D('',#3177,#2509,#2510);
#2105=AXIS2_PLACEMENT_3D('',#3179,#2511,#2512);
#2106=AXIS2_PLACEMENT_3D('',#3181,#2513,#2514);
#2107=AXIS2_PLACEMENT_3D('',#3184,#2516,#2517);
#2108=AXIS2_PLACEMENT_3D('',#3185,#2518,#2519);
#2109=AXIS2_PLACEMENT_3D('',#3186,#2520,#2521);
#2110=AXIS2_PLACEMENT_3D('',#3187,#2522,#2523);
#2111=AXIS2_PLACEMENT_3D('',#3188,#2524,#2525);
#2112=AXIS2_PLACEMENT_3D('',#3189,#2526,#2527);
#2113=AXIS2_PLACEMENT_3D('',#3190,#2528,#2529);
#2114=AXIS2_PLACEMENT_3D('',#3192,#2530,#2531);
#2115=AXIS2_PLACEMENT_3D('',#3193,#2532,#2533);
#2116=AXIS2_PLACEMENT_3D('',#3195,#2534,#2535);
#2117=AXIS2_PLACEMENT_3D('',#3196,#2536,#2537);
#2118=AXIS2_PLACEMENT_3D('',#3198,#2538,#2539);
#2119=AXIS2_PLACEMENT_3D('',#3199,#2540,#2541);
#2120=AXIS2_PLACEMENT_3D('',#3200,#2542,#2543);
#2121=AXIS2_PLACEMENT_3D('',#3201,#2544,#2545);
#2122=AXIS2_PLACEMENT_3D('',#3203,#2546,#2547);
#2123=AXIS2_PLACEMENT_3D('',#3204,#2548,#2549);
#2124=AXIS2_PLACEMENT_3D('',#3205,#2550,#2551);
#2125=AXIS2_PLACEMENT_3D('',#3206,#2552,#2553);
#2126=AXIS2_PLACEMENT_3D('',#3208,#2554,#2555);
#2127=AXIS2_PLACEMENT_3D('',#3209,#2556,#2557);
#2128=AXIS2_PLACEMENT_3D('',#3218,#2562,#2563);
#2129=AXIS2_PLACEMENT_3D('',#3220,#2565,#2566);
#2130=AXIS2_PLACEMENT_3D('',#3222,#2568,#2569);
#2131=AXIS2_PLACEMENT_3D('',#3223,#2570,#2571);
#2132=AXIS2_PLACEMENT_3D('',#3232,#2576,#2577);
#2133=AXIS2_PLACEMENT_3D('',#3234,#2579,#2580);
#2134=AXIS2_PLACEMENT_3D('',#3236,#2582,#2583);
#2135=AXIS2_PLACEMENT_3D('',#3238,#2585,#2586);
#2136=AXIS2_PLACEMENT_3D('',#3239,#2587,#2588);
#2137=AXIS2_PLACEMENT_3D('',#3241,#2590,#2591);
#2138=AXIS2_PLACEMENT_3D('',#3242,#2592,#2593);
#2139=AXIS2_PLACEMENT_3D('',#3243,#2594,#2595);
#2140=AXIS2_PLACEMENT_3D('',#3245,#2596,#2597);
#2141=AXIS2_PLACEMENT_3D('',#3246,#2598,#2599);
#2142=AXIS2_PLACEMENT_3D('',#3247,#2600,#2601);
#2143=AXIS2_PLACEMENT_3D('',#3249,#2602,#2603);
#2144=AXIS2_PLACEMENT_3D('',#3250,#2604,#2605);
#2145=AXIS2_PLACEMENT_3D('',#3251,#2606,#2607);
#2146=AXIS2_PLACEMENT_3D('',#3252,#2608,#2609);
#2147=AXIS2_PLACEMENT_3D('',#3253,#2610,#2611);
#2148=AXIS2_PLACEMENT_3D('',#3255,#2612,#2613);
#2149=AXIS2_PLACEMENT_3D('',#3256,#2614,#2615);
#2150=AXIS2_PLACEMENT_3D('',#3257,#2616,#2617);
#2151=AXIS2_PLACEMENT_3D('',#3259,#2618,#2619);
#2152=AXIS2_PLACEMENT_3D('',#3260,#2620,#2621);
#2153=AXIS2_PLACEMENT_3D('',#3261,#2622,#2623);
#2154=AXIS2_PLACEMENT_3D('',#3263,#2624,#2625);
#2155=AXIS2_PLACEMENT_3D('',#3264,#2626,#2627);
#2156=AXIS2_PLACEMENT_3D('',#3270,#2628,#2629);
#2157=AXIS2_PLACEMENT_3D('',#3278,#2630,#2631);
#2158=AXIS2_PLACEMENT_3D('',#3284,#2632,#2633);
#2159=AXIS2_PLACEMENT_3D('',#3292,#2634,#2635);
#2160=AXIS2_PLACEMENT_3D('',#3298,#2636,#2637);
#2161=AXIS2_PLACEMENT_3D('',#3306,#2638,#2639);
#2162=AXIS2_PLACEMENT_3D('',#3312,#2640,#2641);
#2163=AXIS2_PLACEMENT_3D('',#3320,#2642,#2643);
#2164=AXIS2_PLACEMENT_3D('',#3321,#2644,#2645);
#2165=AXIS2_PLACEMENT_3D('',#3331,#2650,#2651);
#2166=AXIS2_PLACEMENT_3D('',#3332,#2652,#2653);
#2167=AXIS2_PLACEMENT_3D('',#3333,#2654,#2655);
#2168=AXIS2_PLACEMENT_3D('',#3334,#2656,#2657);
#2169=AXIS2_PLACEMENT_3D('',#3335,#2658,#2659);
#2170=AXIS2_PLACEMENT_3D('',#3341,#2663,#2664);
#2171=AXIS2_PLACEMENT_3D('',#3345,#2667,#2668);
#2172=AXIS2_PLACEMENT_3D('',#3349,#2671,#2672);
#2173=AXIS2_PLACEMENT_3D('',#3351,#2674,#2675);
#2174=AXIS2_PLACEMENT_3D('',#3357,#2676,#2677);
#2175=AXIS2_PLACEMENT_3D('',#3365,#2678,#2679);
#2176=AXIS2_PLACEMENT_3D('',#3366,#2680,#2681);
#2177=AXIS2_PLACEMENT_3D('',#3374,#2682,#2683);
#2178=AXIS2_PLACEMENT_3D('',#3380,#2684,#2685);
#2179=AXIS2_PLACEMENT_3D('',#3388,#2686,#2687);
#2180=AXIS2_PLACEMENT_3D('',#3394,#2688,#2689);
#2181=AXIS2_PLACEMENT_3D('',#3402,#2690,#2691);
#2182=AXIS2_PLACEMENT_3D('',#3403,#2692,#2693);
#2183=AXIS2_PLACEMENT_3D('',#3405,#2694,#2695);
#2184=AXIS2_PLACEMENT_3D('',#3406,#2696,#2697);
#2185=AXIS2_PLACEMENT_3D('',#3407,#2698,#2699);
#2186=AXIS2_PLACEMENT_3D('',#3416,#2704,#2705);
#2187=AXIS2_PLACEMENT_3D('',#3417,#2706,#2707);
#2188=AXIS2_PLACEMENT_3D('',#3418,#2708,#2709);
#2189=AXIS2_PLACEMENT_3D('',#3419,#2710,#2711);
#2190=AXIS2_PLACEMENT_3D('',#3420,#2712,#2713);
#2191=AXIS2_PLACEMENT_3D('',#3428,#2717,#2718);
#2192=AXIS2_PLACEMENT_3D('',#3429,#2719,#2720);
#2193=AXIS2_PLACEMENT_3D('',#3430,#2721,#2722);
#2194=AXIS2_PLACEMENT_3D('',#3431,#2723,#2724);
#2195=AXIS2_PLACEMENT_3D('',#3432,#2725,#2726);
#2196=AXIS2_PLACEMENT_3D('',#3433,#2727,#2728);
#2197=AXIS2_PLACEMENT_3D('',#3434,#2729,#2730);
#2198=AXIS2_PLACEMENT_3D('',#3435,#2731,#2732);
#2199=AXIS2_PLACEMENT_3D('',#3444,#2737,#2738);
#2200=AXIS2_PLACEMENT_3D('',#3450,#2741,#2742);
#2201=AXIS2_PLACEMENT_3D('',#3451,#2743,#2744);
#2202=AXIS2_PLACEMENT_3D('',#3452,#2745,#2746);
#2203=AXIS2_PLACEMENT_3D('',#3453,#2747,#2748);
#2204=AXIS2_PLACEMENT_3D('',#3454,#2749,#2750);
#2205=AXIS2_PLACEMENT_3D('',#3457,#2752,#2753);
#2206=AXIS2_PLACEMENT_3D('',#3458,#2754,#2755);
#2207=AXIS2_PLACEMENT_3D('',#3459,#2756,#2757);
#2208=AXIS2_PLACEMENT_3D('',#3460,#2758,#2759);
#2209=AXIS2_PLACEMENT_3D('',#3461,#2760,#2761);
#2210=AXIS2_PLACEMENT_3D('',#3462,#2762,#2763);
#2211=AXIS2_PLACEMENT_3D('',#3463,#2764,#2765);
#2212=AXIS2_PLACEMENT_3D('',#3469,#2766,#2767);
#2213=AXIS2_PLACEMENT_3D('',#3470,#2768,#2769);
#2214=AXIS2_PLACEMENT_3D('',#3476,#2770,#2771);
#2215=AXIS2_PLACEMENT_3D('',#3477,#2772,#2773);
#2216=AXIS2_PLACEMENT_3D('',#3478,#2774,#2775);
#2217=AXIS2_PLACEMENT_3D('',#3479,#2776,#2777);
#2218=AXIS2_PLACEMENT_3D('',#3480,#2778,#2779);
#2219=AXIS2_PLACEMENT_3D('',#3481,#2780,#2781);
#2220=AXIS2_PLACEMENT_3D('',#3487,#2782,#2783);
#2221=AXIS2_PLACEMENT_3D('',#3488,#2784,#2785);
#2222=AXIS2_PLACEMENT_3D('',#3489,#2786,#2787);
#2223=AXIS2_PLACEMENT_3D('',#3490,#2788,#2789);
#2224=AXIS2_PLACEMENT_3D('',#3491,#2790,#2791);
#2225=AXIS2_PLACEMENT_3D('',#3492,#2792,#2793);
#2226=AXIS2_PLACEMENT_3D('',#3493,#2794,#2795);
#2227=AXIS2_PLACEMENT_3D('',#3494,#2796,#2797);
#2228=AXIS2_PLACEMENT_3D('',#3495,#2798,#2799);
#2229=AXIS2_PLACEMENT_3D('',#3496,#2800,#2801);
#2230=AXIS2_PLACEMENT_3D('',#3497,#2802,#2803);
#2231=AXIS2_PLACEMENT_3D('',#3498,#2804,#2805);
#2232=AXIS2_PLACEMENT_3D('',#3499,#2806,#2807);
#2233=AXIS2_PLACEMENT_3D('',#3500,#2808,#2809);
#2234=AXIS2_PLACEMENT_3D('',#3501,#2810,#2811);
#2235=AXIS2_PLACEMENT_3D('',#3502,#2812,#2813);
#2236=AXIS2_PLACEMENT_3D('',#3503,#2814,#2815);
#2237=AXIS2_PLACEMENT_3D('',#3504,#2816,#2817);
#2238=AXIS2_PLACEMENT_3D('',#3505,#2818,#2819);
#2239=AXIS2_PLACEMENT_3D('',#3506,#2820,#2821);
#2240=AXIS2_PLACEMENT_3D('',#3507,#2822,#2823);
#2241=AXIS2_PLACEMENT_3D('',#3508,#2824,#2825);
#2242=AXIS2_PLACEMENT_3D('',#3509,#2826,#2827);
#2243=AXIS2_PLACEMENT_3D('',#3515,#2828,#2829);
#2244=AXIS2_PLACEMENT_3D('',#3521,#2830,#2831);
#2245=AXIS2_PLACEMENT_3D('',#3522,#2832,#2833);
#2246=AXIS2_PLACEMENT_3D('',#3523,#2834,#2835);
#2247=AXIS2_PLACEMENT_3D('',#3524,#2836,#2837);
#2248=AXIS2_PLACEMENT_3D('',#3525,#2838,#2839);
#2249=AXIS2_PLACEMENT_3D('',#3526,#2840,#2841);
#2250=AXIS2_PLACEMENT_3D('',#3527,#2842,#2843);
#2251=AXIS2_PLACEMENT_3D('',#3528,#2844,#2845);
#2252=AXIS2_PLACEMENT_3D('',#3529,#2846,#2847);
#2253=AXIS2_PLACEMENT_3D('',#3530,#2848,#2849);
#2254=AXIS2_PLACEMENT_3D('',#3531,#2850,#2851);
#2255=AXIS2_PLACEMENT_3D('',#3532,#2852,#2853);
#2256=AXIS2_PLACEMENT_3D('',#3533,#2854,#2855);
#2257=AXIS2_PLACEMENT_3D('',#3534,#2856,#2857);
#2258=AXIS2_PLACEMENT_3D('',#3540,#2858,#2859);
#2259=AXIS2_PLACEMENT_3D('',#3546,#2860,#2861);
#2260=AXIS2_PLACEMENT_3D('',#3547,#2862,#2863);
#2261=AXIS2_PLACEMENT_3D('',#3548,#2864,#2865);
#2262=AXIS2_PLACEMENT_3D('',#3549,#2866,#2867);
#2263=AXIS2_PLACEMENT_3D('',#3550,#2868,#2869);
#2264=AXIS2_PLACEMENT_3D('',#3551,#2870,#2871);
#2265=AXIS2_PLACEMENT_3D('',#3552,#2872,#2873);
#2266=DIRECTION('',(0.,0.,1.));
#2267=DIRECTION('',(1.,0.,0.));
#2268=DIRECTION('',(0.,-1.,0.));
#2269=DIRECTION('',(1.,0.,0.));
#2270=DIRECTION('',(0.,0.,-1.));
#2271=DIRECTION('',(1.,0.,0.));
#2272=DIRECTION('',(0.,0.,-1.));
#2273=DIRECTION('',(1.,0.,0.));
#2274=DIRECTION('',(0.,0.,-1.));
#2275=DIRECTION('',(1.,0.,0.));
#2276=DIRECTION('',(0.,0.,-1.));
#2277=DIRECTION('',(1.,0.,0.));
#2278=DIRECTION('',(-1.,0.,-1.15648231731787E-16));
#2279=DIRECTION('',(-1.98254111540206E-16,0.,1.));
#2280=DIRECTION('',(-1.,0.,0.));
#2281=DIRECTION('',(0.,0.,1.));
#2282=DIRECTION('',(-1.,0.,-1.15648231731787E-16));
#2283=DIRECTION('',(-1.15648231731787E-16,0.,1.));
#2284=DIRECTION('',(-1.,0.,-1.15648231731787E-16));
#2285=DIRECTION('',(-1.15648231731787E-16,0.,1.));
#2286=DIRECTION('',(-1.,0.,-1.15648231731787E-16));
#2287=DIRECTION('',(-1.15648231731787E-16,0.,1.));
#2288=DIRECTION('',(-1.,0.,-1.15648231731787E-16));
#2289=DIRECTION('',(-1.15648231731787E-16,0.,1.));
#2290=DIRECTION('',(0.,0.,1.));
#2291=DIRECTION('',(1.,0.,0.));
#2292=DIRECTION('',(-1.,0.,0.));
#2293=DIRECTION('',(0.,0.,1.));
#2294=DIRECTION('',(1.,0.,0.));
#2295=DIRECTION('',(0.,1.,0.));
#2296=DIRECTION('',(1.,0.,0.));
#2297=DIRECTION('',(0.,1.,0.));
#2298=DIRECTION('',(0.,0.,1.));
#2299=DIRECTION('',(1.,0.,0.));
#2300=DIRECTION('',(-1.97127667724637E-16,1.,0.));
#2301=DIRECTION('',(-1.,-1.57702134179709E-16,0.));
#2302=DIRECTION('',(0.,1.,0.));
#2303=DIRECTION('',(-1.,0.,0.));
#2304=DIRECTION('',(0.,0.,-1.));
#2305=DIRECTION('',(-1.,0.,0.));
#2306=DIRECTION('',(0.,0.,-1.));
#2307=DIRECTION('',(-1.,0.,0.));
#2308=DIRECTION('',(0.874157276121538,0.485642931178633,0.));
#2309=DIRECTION('',(0.,-1.,0.));
#2310=DIRECTION('',(0.,-1.,0.));
#2311=DIRECTION('',(0.868243142124459,-0.496138938356834,0.));
#2312=DIRECTION('',(0.,0.,-1.));
#2313=DIRECTION('',(-1.,0.,0.));
#2314=DIRECTION('',(0.,0.,-1.));
#2315=DIRECTION('',(-1.,0.,0.));
#2316=DIRECTION('',(0.874163683980146,0.48563139685389,0.));
#2317=DIRECTION('',(0.,-1.,0.));
#2318=DIRECTION('',(0.,-1.,0.));
#2319=DIRECTION('',(0.86824314212446,-0.496138938356833,0.));
#2320=DIRECTION('',(0.,-1.,0.));
#2321=DIRECTION('',(1.,0.,0.));
#2322=DIRECTION('',(-1.,0.,-1.15648231731787E-16));
#2323=DIRECTION('',(-1.98254111540206E-16,0.,1.));
#2324=DIRECTION('',(-1.,0.,0.));
#2325=DIRECTION('',(0.,0.,1.));
#2326=DIRECTION('',(0.,0.,1.));
#2327=DIRECTION('',(1.,0.,0.));
#2328=DIRECTION('',(0.,0.,1.));
#2329=DIRECTION('',(1.,0.,0.));
#2330=DIRECTION('',(0.,1.,0.));
#2331=DIRECTION('',(0.,0.,1.));
#2332=DIRECTION('',(1.,0.,0.));
#2333=DIRECTION('',(-1.,0.,0.));
#2334=DIRECTION('',(0.,0.,1.));
#2335=DIRECTION('',(1.,0.,0.));
#2336=DIRECTION('',(0.,1.,0.));
#2337=DIRECTION('',(0.,0.,1.));
#2338=DIRECTION('',(1.,0.,0.));
#2339=DIRECTION('',(0.,0.,1.));
#2340=DIRECTION('',(1.,0.,0.));
#2341=DIRECTION('',(0.,0.,1.));
#2342=DIRECTION('',(1.,0.,0.));
#2343=DIRECTION('',(-1.15648231731787E-16,0.,1.));
#2344=DIRECTION('',(1.,0.,1.15648231731787E-16));
#2345=DIRECTION('',(0.,1.,0.));
#2346=DIRECTION('',(-1.15648231731787E-16,0.,1.));
#2347=DIRECTION('',(1.,0.,1.15648231731787E-16));
#2348=DIRECTION('',(1.15648231731787E-16,0.,-1.));
#2349=DIRECTION('',(-1.,0.,-1.15648231731787E-16));
#2350=DIRECTION('',(1.15648231731787E-16,0.,-1.));
#2351=DIRECTION('',(-1.,0.,-1.15648231731787E-16));
#2352=DIRECTION('',(-1.15648231731787E-16,0.,1.));
#2353=DIRECTION('',(1.,0.,1.15648231731787E-16));
#2354=DIRECTION('',(0.,1.,0.));
#2355=DIRECTION('',(-1.,0.,-1.15648231731787E-16));
#2356=DIRECTION('',(-1.15648231731787E-16,0.,1.));
#2357=DIRECTION('',(1.,0.,1.15648231731787E-16));
#2358=DIRECTION('',(-1.15648231731787E-16,0.,1.));
#2359=DIRECTION('',(1.,0.,1.15648231731787E-16));
#2360=DIRECTION('',(-1.15648231731787E-16,0.,1.));
#2361=DIRECTION('',(1.,0.,1.15648231731787E-16));
#2362=DIRECTION('',(-1.15648231731787E-16,0.,1.));
#2363=DIRECTION('',(1.,0.,1.15648231731787E-16));
#2364=DIRECTION('',(-1.15648231731787E-16,0.,1.));
#2365=DIRECTION('',(1.,0.,1.15648231731787E-16));
#2366=DIRECTION('',(0.,-1.,0.));
#2367=DIRECTION('',(1.,0.,0.));
#2368=DIRECTION('',(0.,-1.,0.));
#2369=DIRECTION('',(0.,0.,-1.));
#2370=DIRECTION('',(0.,-1.,0.));
#2371=DIRECTION('',(0.,0.,-1.));
#2372=DIRECTION('',(0.,0.,-1.));
#2373=DIRECTION('',(1.,0.,0.));
#2374=DIRECTION('',(0.,0.,-1.));
#2375=DIRECTION('',(0.,0.,1.));
#2376=DIRECTION('',(1.,0.,0.));
#2377=DIRECTION('',(0.,1.,0.));
#2378=DIRECTION('',(1.,0.,0.));
#2379=DIRECTION('',(7.00898374132043E-17,1.,0.));
#2380=DIRECTION('',(0.,0.,1.));
#2381=DIRECTION('',(1.,0.,0.));
#2382=DIRECTION('',(0.,1.,0.));
#2383=DIRECTION('',(1.,0.,0.));
#2384=DIRECTION('',(0.,1.,0.));
#2385=DIRECTION('',(0.,0.,1.));
#2386=DIRECTION('',(1.,0.,0.));
#2387=DIRECTION('',(-1.,0.,0.));
#2388=DIRECTION('',(0.,0.,1.));
#2389=DIRECTION('',(0.,-0.707106781186548,0.707106781186548));
#2390=DIRECTION('',(0.,0.,1.));
#2391=DIRECTION('',(0.,-0.707106781186548,-0.707106781186548));
#2392=DIRECTION('',(0.,1.,0.));
#2393=DIRECTION('',(6.12323399573676E-17,0.,1.));
#2394=DIRECTION('',(0.,1.,0.));
#2395=DIRECTION('',(-1.,0.,0.));
#2396=DIRECTION('',(0.,0.,1.));
#2397=DIRECTION('',(0.,0.,1.));
#2398=DIRECTION('',(-1.,0.,0.));
#2399=DIRECTION('',(0.,0.,1.));
#2400=DIRECTION('',(0.,1.,0.));
#2401=DIRECTION('',(6.12323399573676E-17,0.,1.));
#2402=DIRECTION('',(0.,1.,0.));
#2403=DIRECTION('',(-1.,0.,-1.98254111540206E-16));
#2404=DIRECTION('',(-1.98254111540206E-16,0.,1.));
#2405=DIRECTION('',(1.40186826668194E-16,0.707106781186548,-0.707106781186548));
#2406=DIRECTION('',(0.,1.,0.));
#2407=DIRECTION('',(5.33761069531325E-17,0.,1.));
#2408=DIRECTION('',(0.,1.,0.));
#2409=DIRECTION('',(-1.,0.,-1.98254111540206E-16));
#2410=DIRECTION('',(-1.98254111540206E-16,0.,1.));
#2411=DIRECTION('',(-1.98254111540206E-16,0.,1.));
#2412=DIRECTION('',(-1.,0.,-1.98254111540206E-16));
#2413=DIRECTION('',(-1.98254111540206E-16,0.,1.));
#2414=DIRECTION('',(0.,1.,0.));
#2415=DIRECTION('',(5.33761069531325E-17,0.,1.));
#2416=DIRECTION('',(0.,1.,0.));
#2417=DIRECTION('',(-1.40186826668194E-16,0.707106781186548,0.707106781186548));
#2418=DIRECTION('',(-1.98254111540206E-16,0.,1.));
#2419=DIRECTION('',(0.,0.,-1.));
#2420=DIRECTION('',(-1.,0.,0.));
#2421=DIRECTION('',(0.,0.,1.));
#2422=DIRECTION('',(1.,0.,0.));
#2423=DIRECTION('',(0.,0.,1.));
#2424=DIRECTION('',(1.,0.,0.));
#2425=DIRECTION('',(0.,0.,-1.));
#2426=DIRECTION('',(-1.,0.,0.));
#2427=DIRECTION('',(0.,0.,1.));
#2428=DIRECTION('',(1.,0.,0.));
#2429=DIRECTION('',(0.,0.,-1.));
#2430=DIRECTION('',(-1.,0.,0.));
#2431=DIRECTION('',(0.,0.,1.));
#2432=DIRECTION('',(1.,0.,0.));
#2433=DIRECTION('',(0.,0.,-1.));
#2434=DIRECTION('',(-1.,0.,0.));
#2435=DIRECTION('',(0.,1.,0.));
#2436=DIRECTION('',(-1.,0.,0.));
#2437=DIRECTION('',(0.,0.,-1.));
#2438=DIRECTION('',(-1.,0.,0.));
#2439=DIRECTION('',(0.,0.,-1.));
#2440=DIRECTION('',(-1.,0.,0.));
#2441=DIRECTION('',(1.15648231731787E-16,0.,-1.));
#2442=DIRECTION('',(-1.,0.,-1.15648231731787E-16));
#2443=DIRECTION('',(1.15648231731787E-16,0.,-1.));
#2444=DIRECTION('',(-1.,0.,-1.15648231731787E-16));
#2445=DIRECTION('',(1.15648231731787E-16,0.,-1.));
#2446=DIRECTION('',(-1.,0.,-1.15648231731787E-16));
#2447=DIRECTION('',(1.15648231731787E-16,0.,-1.));
#2448=DIRECTION('',(-1.,0.,-1.15648231731787E-16));
#2449=DIRECTION('',(1.15648231731787E-16,0.,-1.));
#2450=DIRECTION('',(-1.,0.,-1.15648231731787E-16));
#2451=DIRECTION('',(1.15648231731787E-16,0.,-1.));
#2452=DIRECTION('',(-1.,0.,-1.15648231731787E-16));
#2453=DIRECTION('',(1.15648231731787E-16,0.,-1.));
#2454=DIRECTION('',(-1.,0.,-1.15648231731787E-16));
#2455=DIRECTION('',(1.15648231731787E-16,0.,-1.));
#2456=DIRECTION('',(-1.,0.,-1.15648231731787E-16));
#2457=DIRECTION('',(1.15648231731787E-16,0.,-1.));
#2458=DIRECTION('',(-1.,0.,-1.15648231731787E-16));
#2459=DIRECTION('',(0.,1.,0.));
#2460=DIRECTION('',(-1.,0.,-1.15648231731787E-16));
#2461=DIRECTION('',(0.,1.,0.));
#2462=DIRECTION('',(1.15648231731787E-16,0.,-1.));
#2463=DIRECTION('',(-1.,0.,-1.15648231731787E-16));
#2464=DIRECTION('',(-1.15648231731787E-16,0.,1.));
#2465=DIRECTION('',(1.,0.,1.15648231731787E-16));
#2466=DIRECTION('',(-1.15648231731787E-16,0.,1.));
#2467=DIRECTION('',(1.,0.,1.15648231731787E-16));
#2468=DIRECTION('',(1.15648231731787E-16,0.,-1.));
#2469=DIRECTION('',(-1.,0.,-1.15648231731787E-16));
#2470=DIRECTION('',(1.15648231731787E-16,0.,-1.));
#2471=DIRECTION('',(-1.,0.,-1.15648231731787E-16));
#2472=DIRECTION('',(-1.,7.00898374132043E-17,0.));
#2473=DIRECTION('',(-7.00898374132043E-17,-1.,0.));
#2474=DIRECTION('',(0.,0.,1.));
#2475=DIRECTION('',(-1.,7.00898374132043E-17,0.));
#2476=DIRECTION('',(-7.00898374132043E-17,-1.,0.));
#2477=DIRECTION('',(-1.,7.00898374132043E-17,0.));
#2478=DIRECTION('',(-7.00898374132043E-17,-1.,0.));
#2479=DIRECTION('',(-1.,0.,0.));
#2480=DIRECTION('',(0.,0.,1.));
#2481=DIRECTION('',(1.98254111540206E-16,0.,-1.));
#2482=DIRECTION('',(-1.,0.,0.));
#2483=DIRECTION('',(0.,0.,1.));
#2484=DIRECTION('',(-1.,0.,0.));
#2485=DIRECTION('',(0.,0.,1.));
#2486=DIRECTION('',(0.,1.,0.));
#2487=DIRECTION('',(0.,0.,1.));
#2488=DIRECTION('',(0.,0.,1.));
#2489=DIRECTION('',(-1.,0.,0.));
#2490=DIRECTION('',(0.,0.,1.));
#2491=DIRECTION('',(1.,0.,0.));
#2492=DIRECTION('',(0.,0.,-1.));
#2493=DIRECTION('',(0.,0.,1.));
#2494=DIRECTION('',(0.,1.,0.));
#2495=DIRECTION('',(-1.57702134179709E-16,1.,0.));
#2496=DIRECTION('',(-1.,-1.5770213417971E-16,0.));
#2497=DIRECTION('',(-1.57702134179709E-16,1.,0.));
#2498=DIRECTION('',(-1.,-1.5770213417971E-16,0.));
#2499=DIRECTION('',(0.,0.,1.));
#2500=DIRECTION('',(-1.,-1.57702134179709E-16,0.));
#2501=DIRECTION('',(-1.97127667724637E-16,1.,0.));
#2502=DIRECTION('',(-1.,-1.97127667724637E-16,0.));
#2503=DIRECTION('',(0.,0.,1.));
#2504=DIRECTION('',(1.,0.,0.));
#2505=DIRECTION('',(0.,0.,1.));
#2506=DIRECTION('',(1.,0.,0.));
#2507=DIRECTION('',(0.,0.,1.));
#2508=DIRECTION('',(1.,0.,0.));
#2509=DIRECTION('',(0.,0.,1.));
#2510=DIRECTION('',(1.,0.,0.));
#2511=DIRECTION('',(0.,0.,1.));
#2512=DIRECTION('',(1.,0.,0.));
#2513=DIRECTION('',(0.,0.,1.));
#2514=DIRECTION('',(1.,0.,0.));
#2515=DIRECTION('',(-1.97127667724637E-16,1.,0.));
#2516=DIRECTION('',(0.,0.,1.));
#2517=DIRECTION('',(1.,0.,0.));
#2518=DIRECTION('',(0.,0.,1.));
#2519=DIRECTION('',(1.,0.,0.));
#2520=DIRECTION('',(0.,0.,1.));
#2521=DIRECTION('',(1.,0.,0.));
#2522=DIRECTION('',(0.,0.,1.));
#2523=DIRECTION('',(1.,0.,0.));
#2524=DIRECTION('',(0.,0.,1.));
#2525=DIRECTION('',(1.,0.,0.));
#2526=DIRECTION('',(0.,1.,0.));
#2527=DIRECTION('',(0.,0.,1.));
#2528=DIRECTION('',(0.,1.,0.));
#2529=DIRECTION('',(0.,0.,1.));
#2530=DIRECTION('',(0.,1.,0.));
#2531=DIRECTION('',(0.,0.,1.));
#2532=DIRECTION('',(0.,1.,0.));
#2533=DIRECTION('',(0.,0.,1.));
#2534=DIRECTION('',(0.,1.,0.));
#2535=DIRECTION('',(0.,0.,1.));
#2536=DIRECTION('',(0.,1.,0.));
#2537=DIRECTION('',(0.,0.,1.));
#2538=DIRECTION('',(-1.15648231731787E-16,0.,1.));
#2539=DIRECTION('',(1.,0.,1.15648231731787E-16));
#2540=DIRECTION('',(1.15648231731787E-16,0.,-1.));
#2541=DIRECTION('',(-1.,0.,-1.15648231731787E-16));
#2542=DIRECTION('',(1.15648231731787E-16,0.,-1.));
#2543=DIRECTION('',(1.,0.,1.15648231731787E-16));
#2544=DIRECTION('',(1.15648231731787E-16,0.,-1.));
#2545=DIRECTION('',(-1.,0.,-1.15648231731787E-16));
#2546=DIRECTION('',(-1.15648231731787E-16,0.,1.));
#2547=DIRECTION('',(1.,0.,1.15648231731787E-16));
#2548=DIRECTION('',(1.15648231731787E-16,0.,-1.));
#2549=DIRECTION('',(-1.,0.,-1.15648231731787E-16));
#2550=DIRECTION('',(1.15648231731787E-16,0.,-1.));
#2551=DIRECTION('',(1.,0.,1.15648231731787E-16));
#2552=DIRECTION('',(1.15648231731787E-16,0.,-1.));
#2553=DIRECTION('',(-1.,0.,-1.15648231731787E-16));
#2554=DIRECTION('',(0.,0.,-1.));
#2555=DIRECTION('',(-1.,0.,0.));
#2556=DIRECTION('',(0.,0.,-1.));
#2557=DIRECTION('',(-1.,0.,0.));
#2558=DIRECTION('',(-0.874163683980146,-0.48563139685389,0.));
#2559=DIRECTION('',(-0.86824314212446,0.496138938356833,0.));
#2560=DIRECTION('',(0.,-1.,0.));
#2561=DIRECTION('',(0.,-1.,0.));
#2562=DIRECTION('',(-1.,0.,0.));
#2563=DIRECTION('',(0.,0.,1.));
#2564=DIRECTION('',(0.,0.,1.));
#2565=DIRECTION('',(-1.,0.,0.));
#2566=DIRECTION('',(0.,0.,1.));
#2567=DIRECTION('',(0.,0.,1.));
#2568=DIRECTION('',(0.,0.,-1.));
#2569=DIRECTION('',(-1.,0.,0.));
#2570=DIRECTION('',(0.,0.,-1.));
#2571=DIRECTION('',(-1.,0.,0.));
#2572=DIRECTION('',(-0.874157276121538,-0.485642931178633,0.));
#2573=DIRECTION('',(-0.868243142124459,0.496138938356834,0.));
#2574=DIRECTION('',(0.,-1.,0.));
#2575=DIRECTION('',(0.,-1.,0.));
#2576=DIRECTION('',(-1.,0.,0.));
#2577=DIRECTION('',(0.,0.,1.));
#2578=DIRECTION('',(0.,0.,1.));
#2579=DIRECTION('',(-1.,0.,0.));
#2580=DIRECTION('',(0.,0.,1.));
#2581=DIRECTION('',(0.,0.,1.));
#2582=DIRECTION('',(0.496138938356833,0.86824314212446,0.));
#2583=DIRECTION('',(-0.86824314212446,0.496138938356833,0.));
#2584=DIRECTION('',(0.,0.,1.));
#2585=DIRECTION('',(-0.48563139685389,0.874163683980146,0.));
#2586=DIRECTION('',(-0.874163683980146,-0.48563139685389,0.));
#2587=DIRECTION('',(0.496138938356834,0.868243142124459,0.));
#2588=DIRECTION('',(-0.868243142124459,0.496138938356834,0.));
#2589=DIRECTION('',(0.,0.,1.));
#2590=DIRECTION('',(-0.485642931178633,0.874157276121538,0.));
#2591=DIRECTION('',(-0.874157276121538,-0.485642931178633,0.));
#2592=DIRECTION('',(1.15648231731787E-16,0.,-1.));
#2593=DIRECTION('',(1.,0.,1.15648231731787E-16));
#2594=DIRECTION('',(1.15648231731787E-16,0.,-1.));
#2595=DIRECTION('',(-1.,0.,-1.15648231731787E-16));
#2596=DIRECTION('',(1.15648231731787E-16,0.,-1.));
#2597=DIRECTION('',(-1.,0.,-1.15648231731787E-16));
#2598=DIRECTION('',(1.15648231731787E-16,0.,-1.));
#2599=DIRECTION('',(1.,0.,1.15648231731787E-16));
#2600=DIRECTION('',(1.15648231731787E-16,0.,-1.));
#2601=DIRECTION('',(-1.,0.,-1.15648231731787E-16));
#2602=DIRECTION('',(1.15648231731787E-16,0.,-1.));
#2603=DIRECTION('',(-1.,0.,-1.15648231731787E-16));
#2604=DIRECTION('',(1.15648231731787E-16,0.,-1.));
#2605=DIRECTION('',(-1.,0.,-1.15648231731787E-16));
#2606=DIRECTION('',(1.15648231731787E-16,0.,-1.));
#2607=DIRECTION('',(-1.,0.,-1.15648231731787E-16));
#2608=DIRECTION('',(-1.15648231731787E-16,0.,1.));
#2609=DIRECTION('',(1.,0.,1.15648231731787E-16));
#2610=DIRECTION('',(1.15648231731787E-16,0.,-1.));
#2611=DIRECTION('',(-1.,0.,-1.15648231731787E-16));
#2612=DIRECTION('',(1.15648231731787E-16,0.,-1.));
#2613=DIRECTION('',(1.,0.,1.15648231731787E-16));
#2614=DIRECTION('',(-1.15648231731787E-16,0.,1.));
#2615=DIRECTION('',(1.,0.,1.15648231731787E-16));
#2616=DIRECTION('',(1.15648231731787E-16,0.,-1.));
#2617=DIRECTION('',(-1.,0.,-1.15648231731787E-16));
#2618=DIRECTION('',(1.15648231731787E-16,0.,-1.));
#2619=DIRECTION('',(1.,0.,1.15648231731787E-16));
#2620=DIRECTION('',(-1.15648231731787E-16,0.,1.));
#2621=DIRECTION('',(1.,0.,1.15648231731787E-16));
#2622=DIRECTION('',(-1.15648231731787E-16,0.,1.));
#2623=DIRECTION('',(1.,0.,1.15648231731787E-16));
#2624=DIRECTION('',(-1.15648231731787E-16,0.,1.));
#2625=DIRECTION('',(1.,0.,1.15648231731787E-16));
#2626=DIRECTION('',(1.15648231731787E-16,0.,-1.));
#2627=DIRECTION('',(-1.,0.,-1.15648231731787E-16));
#2628=DIRECTION('',(1.15648231731787E-16,0.,-1.));
#2629=DIRECTION('',(-1.,0.,-1.15648231731787E-16));
#2630=DIRECTION('',(1.15648231731787E-16,0.,-1.));
#2631=DIRECTION('',(-1.,0.,-1.15648231731787E-16));
#2632=DIRECTION('',(1.15648231731787E-16,0.,-1.));
#2633=DIRECTION('',(-1.,0.,-1.15648231731787E-16));
#2634=DIRECTION('',(1.15648231731787E-16,0.,-1.));
#2635=DIRECTION('',(-1.,0.,-1.15648231731787E-16));
#2636=DIRECTION('',(1.15648231731787E-16,0.,-1.));
#2637=DIRECTION('',(-1.,0.,-1.15648231731787E-16));
#2638=DIRECTION('',(1.15648231731787E-16,0.,-1.));
#2639=DIRECTION('',(-1.,0.,-1.15648231731787E-16));
#2640=DIRECTION('',(1.15648231731787E-16,0.,-1.));
#2641=DIRECTION('',(-1.,0.,-1.15648231731787E-16));
#2642=DIRECTION('',(0.,0.,-1.));
#2643=DIRECTION('',(1.,0.,0.));
#2644=DIRECTION('',(0.,0.,-1.));
#2645=DIRECTION('',(-1.,0.,0.));
#2646=DIRECTION('',(-1.,0.,0.));
#2647=DIRECTION('',(0.,1.,0.));
#2648=DIRECTION('',(-1.,0.,0.));
#2649=DIRECTION('',(0.,1.,0.));
#2650=DIRECTION('',(0.,0.,-1.));
#2651=DIRECTION('',(-1.,0.,0.));
#2652=DIRECTION('',(0.,0.,-1.));
#2653=DIRECTION('',(-1.,0.,0.));
#2654=DIRECTION('',(0.,0.,-1.));
#2655=DIRECTION('',(-1.,0.,0.));
#2656=DIRECTION('',(0.,0.,-1.));
#2657=DIRECTION('',(-1.,0.,0.));
#2658=DIRECTION('',(-1.,0.,0.));
#2659=DIRECTION('',(0.,0.,1.));
#2660=DIRECTION('',(0.,0.,-1.));
#2661=DIRECTION('',(0.,1.,0.));
#2662=DIRECTION('',(0.,0.,-1.));
#2663=DIRECTION('',(0.,-1.,0.));
#2664=DIRECTION('',(0.,0.,-1.));
#2665=DIRECTION('',(0.,0.,-1.));
#2666=DIRECTION('',(-1.,0.,0.));
#2667=DIRECTION('',(-1.,0.,0.));
#2668=DIRECTION('',(0.,0.,1.));
#2669=DIRECTION('',(0.,0.,-1.));
#2670=DIRECTION('',(0.,1.,0.));
#2671=DIRECTION('',(0.,-1.,0.));
#2672=DIRECTION('',(0.,0.,-1.));
#2673=DIRECTION('',(-1.,0.,0.));
#2674=DIRECTION('',(0.,0.,1.));
#2675=DIRECTION('',(1.,0.,0.));
#2676=DIRECTION('',(0.,0.,-1.));
#2677=DIRECTION('',(-1.,0.,0.));
#2678=DIRECTION('',(0.,0.,1.));
#2679=DIRECTION('',(1.,0.,0.));
#2680=DIRECTION('',(0.,0.,-1.));
#2681=DIRECTION('',(-1.,0.,0.));
#2682=DIRECTION('',(0.,0.,1.));
#2683=DIRECTION('',(1.,0.,0.));
#2684=DIRECTION('',(0.,0.,-1.));
#2685=DIRECTION('',(-1.,0.,0.));
#2686=DIRECTION('',(0.,0.,1.));
#2687=DIRECTION('',(1.,0.,0.));
#2688=DIRECTION('',(0.,0.,-1.));
#2689=DIRECTION('',(-1.,0.,0.));
#2690=DIRECTION('',(0.,-1.,0.));
#2691=DIRECTION('',(1.,0.,0.));
#2692=DIRECTION('',(0.,1.,0.));
#2693=DIRECTION('',(0.,0.,1.));
#2694=DIRECTION('',(0.,1.,0.));
#2695=DIRECTION('',(0.,0.,1.));
#2696=DIRECTION('',(1.,1.97127667724637E-16,0.));
#2697=DIRECTION('',(-1.97127667724637E-16,1.,0.));
#2698=DIRECTION('',(8.177564888978E-17,0.707106781186548,-0.707106781186548));
#2699=DIRECTION('',(1.,0.,1.15648231731787E-16));
#2700=DIRECTION('',(1.,0.,1.15648231731787E-16));
#2701=DIRECTION('',(-6.16297582203916E-33,-0.707106781186548,-0.707106781186548));
#2702=DIRECTION('',(1.,0.,0.));
#2703=DIRECTION('',(-1.40186826668194E-16,0.707106781186548,0.707106781186548));
#2704=DIRECTION('',(1.15648231731787E-16,0.,-1.));
#2705=DIRECTION('',(-1.,0.,-1.15648231731787E-16));
#2706=DIRECTION('',(1.15648231731787E-16,0.,-1.));
#2707=DIRECTION('',(-1.,0.,-1.15648231731787E-16));
#2708=DIRECTION('',(1.15648231731787E-16,0.,-1.));
#2709=DIRECTION('',(-1.,0.,-1.15648231731787E-16));
#2710=DIRECTION('',(1.15648231731787E-16,0.,-1.));
#2711=DIRECTION('',(-1.,0.,-1.15648231731787E-16));
#2712=DIRECTION('',(1.15648231731787E-16,0.,-1.));
#2713=DIRECTION('',(-1.,0.,-1.15648231731787E-16));
#2714=DIRECTION('',(0.,1.,0.));
#2715=DIRECTION('',(1.,0.,1.15648231731787E-16));
#2716=DIRECTION('',(0.,1.,0.));
#2717=DIRECTION('',(1.15648231731787E-16,0.,-1.));
#2718=DIRECTION('',(-1.,0.,-1.15648231731787E-16));
#2719=DIRECTION('',(-1.,0.,-1.15648231731787E-16));
#2720=DIRECTION('',(-1.15648231731787E-16,0.,1.));
#2721=DIRECTION('',(-1.,0.,-1.15648231731787E-16));
#2722=DIRECTION('',(-1.15648231731787E-16,0.,1.));
#2723=DIRECTION('',(-1.,0.,-1.15648231731787E-16));
#2724=DIRECTION('',(-1.15648231731787E-16,0.,1.));
#2725=DIRECTION('',(-1.,0.,0.));
#2726=DIRECTION('',(0.,0.,1.));
#2727=DIRECTION('',(-1.,0.,0.));
#2728=DIRECTION('',(0.,0.,1.));
#2729=DIRECTION('',(-1.,0.,0.));
#2730=DIRECTION('',(0.,0.,1.));
#2731=DIRECTION('',(0.,-0.707106781186548,-0.707106781186548));
#2732=DIRECTION('',(-1.,0.,0.));
#2733=DIRECTION('',(1.,0.,0.));
#2734=DIRECTION('',(0.,0.707106781186548,-0.707106781186548));
#2735=DIRECTION('',(-1.,0.,0.));
#2736=DIRECTION('',(-1.40186826668194E-16,-0.707106781186548,0.707106781186548));
#2737=DIRECTION('',(0.,0.,-1.));
#2738=DIRECTION('',(-1.,0.,0.));
#2739=DIRECTION('',(-1.,0.,0.));
#2740=DIRECTION('',(0.,1.,0.));
#2741=DIRECTION('',(0.,0.,-1.));
#2742=DIRECTION('',(-1.,0.,0.));
#2743=DIRECTION('',(0.,0.,-1.));
#2744=DIRECTION('',(-1.,0.,0.));
#2745=DIRECTION('',(0.,0.,-1.));
#2746=DIRECTION('',(-1.,0.,0.));
#2747=DIRECTION('',(0.,0.,-1.));
#2748=DIRECTION('',(-1.,0.,0.));
#2749=DIRECTION('',(0.,0.,-1.));
#2750=DIRECTION('',(-1.,0.,0.));
#2751=DIRECTION('',(0.,1.,0.));
#2752=DIRECTION('',(1.,0.,0.));
#2753=DIRECTION('',(0.,0.,-1.));
#2754=DIRECTION('',(1.,0.,0.));
#2755=DIRECTION('',(0.,0.,-1.));
#2756=DIRECTION('',(1.,0.,0.));
#2757=DIRECTION('',(0.,0.,-1.));
#2758=DIRECTION('',(-1.,0.,0.));
#2759=DIRECTION('',(0.,0.,1.));
#2760=DIRECTION('',(-1.,0.,0.));
#2761=DIRECTION('',(0.,0.,1.));
#2762=DIRECTION('',(-1.,0.,0.));
#2763=DIRECTION('',(0.,0.,1.));
#2764=DIRECTION('',(0.,0.,-1.));
#2765=DIRECTION('',(-1.,0.,0.));
#2766=DIRECTION('',(0.,-1.,0.));
#2767=DIRECTION('',(0.,0.,-1.));
#2768=DIRECTION('',(0.,1.,0.));
#2769=DIRECTION('',(0.,0.,1.));
#2770=DIRECTION('',(0.,0.,1.));
#2771=DIRECTION('',(1.,0.,0.));
#2772=DIRECTION('',(0.,0.,1.));
#2773=DIRECTION('',(1.,0.,0.));
#2774=DIRECTION('',(0.,0.,-1.));
#2775=DIRECTION('',(-1.,0.,0.));
#2776=DIRECTION('',(0.,1.,0.));
#2777=DIRECTION('',(0.,0.,1.));
#2778=DIRECTION('',(0.,1.,0.));
#2779=DIRECTION('',(0.,0.,1.));
#2780=DIRECTION('',(1.15648231731787E-16,0.,-1.));
#2781=DIRECTION('',(-1.,0.,-1.15648231731787E-16));
#2782=DIRECTION('',(-1.,0.,0.));
#2783=DIRECTION('',(0.,0.,1.));
#2784=DIRECTION('',(-1.,0.,0.));
#2785=DIRECTION('',(0.,0.,1.));
#2786=DIRECTION('',(-1.,0.,0.));
#2787=DIRECTION('',(0.,0.,1.));
#2788=DIRECTION('',(-1.,0.,0.));
#2789=DIRECTION('',(0.,0.,1.));
#2790=DIRECTION('',(0.,1.,0.));
#2791=DIRECTION('',(0.,0.,1.));
#2792=DIRECTION('',(0.,1.,0.));
#2793=DIRECTION('',(0.,0.,1.));
#2794=DIRECTION('',(-1.,0.,-1.15648231731787E-16));
#2795=DIRECTION('',(-1.15648231731787E-16,0.,1.));
#2796=DIRECTION('',(-1.,0.,-1.98254111540206E-16));
#2797=DIRECTION('',(-1.98254111540206E-16,0.,1.));
#2798=DIRECTION('',(1.,0.,0.));
#2799=DIRECTION('',(0.,0.,-1.));
#2800=DIRECTION('',(-1.,0.,-1.98254111540206E-16));
#2801=DIRECTION('',(-1.98254111540206E-16,0.,1.));
#2802=DIRECTION('',(-1.,0.,-1.98254111540206E-16));
#2803=DIRECTION('',(-1.98254111540206E-16,0.,1.));
#2804=DIRECTION('',(1.73472347597681E-16,2.40741243048404E-31,-1.));
#2805=DIRECTION('',(-1.,0.,-1.73472347597681E-16));
#2806=DIRECTION('',(-1.,0.,-1.98254111540206E-16));
#2807=DIRECTION('',(-1.98254111540206E-16,0.,1.));
#2808=DIRECTION('',(0.,0.,-1.));
#2809=DIRECTION('',(-1.,0.,0.));
#2810=DIRECTION('',(1.98254111540206E-16,0.,-1.));
#2811=DIRECTION('',(-1.,0.,-1.98254111540206E-16));
#2812=DIRECTION('',(-1.,0.,0.));
#2813=DIRECTION('',(0.,0.,1.));
#2814=DIRECTION('',(-1.,0.,-1.98254111540206E-16));
#2815=DIRECTION('',(-1.98254111540206E-16,0.,1.));
#2816=DIRECTION('',(0.,-0.707106781186547,0.707106781186547));
#2817=DIRECTION('',(0.,-0.707106781186548,-0.707106781186548));
#2818=DIRECTION('',(-1.40186826668194E-16,-0.707106781186548,0.707106781186548));
#2819=DIRECTION('',(0.,-0.707106781186548,-0.707106781186548));
#2820=DIRECTION('',(0.,-0.707106781186547,0.707106781186547));
#2821=DIRECTION('',(0.,-0.707106781186548,-0.707106781186548));
#2822=DIRECTION('',(-1.,0.,-1.98254111540206E-16));
#2823=DIRECTION('',(-1.98254111540206E-16,0.,1.));
#2824=DIRECTION('',(0.,-1.,0.));
#2825=DIRECTION('',(0.,0.,-1.));
#2826=DIRECTION('',(0.,1.,0.));
#2827=DIRECTION('',(0.,0.,1.));
#2828=DIRECTION('',(0.,0.,-1.));
#2829=DIRECTION('',(-1.,0.,0.));
#2830=DIRECTION('',(0.,-1.,0.));
#2831=DIRECTION('',(0.,0.,-1.));
#2832=DIRECTION('',(0.,1.,0.));
#2833=DIRECTION('',(0.,0.,1.));
#2834=DIRECTION('',(-1.,0.,0.));
#2835=DIRECTION('',(0.,0.,1.));
#2836=DIRECTION('',(0.,0.707106781186548,-0.707106781186548));
#2837=DIRECTION('',(0.,0.707106781186548,0.707106781186548));
#2838=DIRECTION('',(0.,-0.707106781186548,0.707106781186548));
#2839=DIRECTION('',(0.,-0.707106781186548,-0.707106781186548));
#2840=DIRECTION('',(0.,0.707106781186548,-0.707106781186548));
#2841=DIRECTION('',(0.,0.707106781186548,0.707106781186548));
#2842=DIRECTION('',(-1.,0.,0.));
#2843=DIRECTION('',(0.,0.,1.));
#2844=DIRECTION('',(-1.,0.,-1.98254111540206E-16));
#2845=DIRECTION('',(-1.98254111540206E-16,0.,1.));
#2846=DIRECTION('',(2.62850300002865E-16,-0.707106781186547,-0.707106781186548));
#2847=DIRECTION('',(0.,0.707106781186548,-0.707106781186547));
#2848=DIRECTION('',(1.40186826668194E-16,-0.707106781186548,-0.707106781186548));
#2849=DIRECTION('',(0.,0.707106781186548,-0.707106781186548));
#2850=DIRECTION('',(4.9065389333868E-16,-0.707106781186547,-0.707106781186547));
#2851=DIRECTION('',(0.,0.707106781186548,-0.707106781186548));
#2852=DIRECTION('',(-1.,0.,-1.98254111540206E-16));
#2853=DIRECTION('',(-1.98254111540206E-16,0.,1.));
#2854=DIRECTION('',(0.,-1.,0.));
#2855=DIRECTION('',(0.,0.,-1.));
#2856=DIRECTION('',(0.,-1.,0.));
#2857=DIRECTION('',(0.,0.,-1.));
#2858=DIRECTION('',(1.15648231731787E-16,0.,-1.));
#2859=DIRECTION('',(-1.,0.,-1.15648231731787E-16));
#2860=DIRECTION('',(0.,1.,0.));
#2861=DIRECTION('',(0.,0.,1.));
#2862=DIRECTION('',(0.,1.,0.));
#2863=DIRECTION('',(0.,0.,1.));
#2864=DIRECTION('',(-1.,0.,0.));
#2865=DIRECTION('',(0.,0.,1.));
#2866=DIRECTION('',(0.,0.707106781186548,0.707106781186548));
#2867=DIRECTION('',(0.,-0.707106781186548,0.707106781186548));
#2868=DIRECTION('',(0.,-0.707106781186548,-0.707106781186548));
#2869=DIRECTION('',(0.,0.707106781186548,-0.707106781186548));
#2870=DIRECTION('',(-9.7769691116014E-16,0.707106781186548,0.707106781186548));
#2871=DIRECTION('',(0.,-0.707106781186548,0.707106781186548));
#2872=DIRECTION('',(-1.,0.,0.));
#2873=DIRECTION('',(0.,0.,1.));
#2874=CARTESIAN_POINT('',(0.,0.,0.));
#2875=CARTESIAN_POINT('',(0.03,-0.11883,0.035));
#2876=CARTESIAN_POINT('',(0.0194480451624448,-0.11883,0.0298136361266566));
#2877=CARTESIAN_POINT('',(0.0194480451624448,-0.11883,0.0315636361266566));
#2878=CARTESIAN_POINT('',(0.0194480451624448,-0.11883,0.0280636361266566));
#2879=CARTESIAN_POINT('',(0.0229980451624448,-0.11883,0.0315636361266566));
#2880=CARTESIAN_POINT('',(0.0265480451624448,-0.11883,0.0315636361266566));
#2881=CARTESIAN_POINT('',(0.0265480451624448,-0.11883,0.0298136361266566));
#2882=CARTESIAN_POINT('',(0.0265480451624448,-0.11883,0.0280636361266566));
#2883=CARTESIAN_POINT('',(0.0229980451624448,-0.11883,0.0280636361266566));
#2884=CARTESIAN_POINT('',(0.0364290834688377,-0.11883,0.0297049788636575));
#2885=CARTESIAN_POINT('',(0.0364290834688377,-0.11883,0.0314549788636575));
#2886=CARTESIAN_POINT('',(0.0364290834688377,-0.11883,0.0279549788636575));
#2887=CARTESIAN_POINT('',(0.0399790834688377,-0.11883,0.0314549788636575));
#2888=CARTESIAN_POINT('',(0.0435290834688377,-0.11883,0.0314549788636575));
#2889=CARTESIAN_POINT('',(0.0435290834688377,-0.11883,0.0297049788636575));
#2890=CARTESIAN_POINT('',(0.0435290834688377,-0.11883,0.0279549788636575));
#2891=CARTESIAN_POINT('',(0.0399790834688377,-0.11883,0.0279549788636575));
#2892=CARTESIAN_POINT('',(0.03,-0.11883,0.024));
#2893=CARTESIAN_POINT('',(0.055,-0.11883,0.024));
#2894=CARTESIAN_POINT('',(0.0433,-0.11883,0.024));
#2895=CARTESIAN_POINT('',(0.055,-0.11883,0.082));
#2896=CARTESIAN_POINT('',(0.055,-0.11883,0.077));
#2897=CARTESIAN_POINT('',(-1.04083408558608E-17,-0.11883,0.077));
#2898=CARTESIAN_POINT('',(0.005,-0.11883,0.077));
#2899=CARTESIAN_POINT('',(0.005,-0.11883,0.035));
#2900=CARTESIAN_POINT('',(0.005,-0.11883,0.024));
#2901=CARTESIAN_POINT('',(0.03,-0.11883,0.024));
#2902=CARTESIAN_POINT('',(0.0197,-0.11883,0.024));
#2903=CARTESIAN_POINT('',(0.0197,-0.11883,0.02));
#2904=CARTESIAN_POINT('',(0.0197,-0.11883,0.02));
#2905=CARTESIAN_POINT('',(0.03,-0.11883,0.02));
#2906=CARTESIAN_POINT('',(0.0263,-0.11883,0.02));
#2907=CARTESIAN_POINT('',(0.0263,-0.11883,0.02));
#2908=CARTESIAN_POINT('',(0.0263,-0.11883,0.024));
#2909=CARTESIAN_POINT('',(0.03,-0.11883,0.024));
#2910=CARTESIAN_POINT('',(0.0367,-0.11883,0.024));
#2911=CARTESIAN_POINT('',(0.0367,-0.11883,0.02));
#2912=CARTESIAN_POINT('',(0.0367,-0.11883,0.02));
#2913=CARTESIAN_POINT('',(0.03,-0.11883,0.02));
#2914=CARTESIAN_POINT('',(0.0433,-0.11883,0.02));
#2915=CARTESIAN_POINT('',(0.0433,-0.11883,0.02));
#2916=CARTESIAN_POINT('',(0.03,-0.09633,0.07));
#2917=CARTESIAN_POINT('',(0.03,-0.09133,0.07));
#2918=CARTESIAN_POINT('',(0.055,-0.09133,0.07));
#2919=CARTESIAN_POINT('',(0.005,-0.09133,0.07));
#2920=CARTESIAN_POINT('',(0.055,-0.09633,0.07));
#2921=CARTESIAN_POINT('',(0.06,-0.09633,0.07));
#2922=CARTESIAN_POINT('',(0.06,-0.09633,0.07));
#2923=CARTESIAN_POINT('',(0.06,-0.038,0.07));
#2924=CARTESIAN_POINT('',(0.03,-0.038,0.07));
#2925=CARTESIAN_POINT('',(-1.38777878078145E-17,-0.038,0.07));
#2926=CARTESIAN_POINT('',(-1.38777878078145E-17,-0.09633,0.07));
#2927=CARTESIAN_POINT('',(0.,-0.09633,0.07));
#2928=CARTESIAN_POINT('',(0.005,-0.09633,0.07));
#2929=CARTESIAN_POINT('',(0.004,-0.06633,0.07));
#2930=CARTESIAN_POINT('',(0.004,-0.08833,0.07));
#2931=CARTESIAN_POINT('',(0.004,-0.04433,0.07));
#2932=CARTESIAN_POINT('',(0.034,-0.04433,0.07));
#2933=CARTESIAN_POINT('',(0.056,-0.04433,0.07));
#2934=CARTESIAN_POINT('',(0.056,-0.06633,0.07));
#2935=CARTESIAN_POINT('',(0.056,-0.08833,0.07));
#2936=CARTESIAN_POINT('',(0.034,-0.08833,0.07));
#2937=CARTESIAN_POINT('',(0.0229980451624448,-0.10983,0.0280636361266566));
#2938=CARTESIAN_POINT('',(0.023,-0.113819012073453,0.0280636361266566));
#2939=CARTESIAN_POINT('',(0.021,-0.113819012073453,0.0280636361266566));
#2940=CARTESIAN_POINT('',(0.023009837615275,-0.109851226415094,0.0280636361266566));
#2941=CARTESIAN_POINT('',(0.0194480451624448,-0.11183,0.0280636361266566));
#2942=CARTESIAN_POINT('',(0.0230480451624448,-0.10983,0.0280636361266566));
#2943=CARTESIAN_POINT('',(0.0194480451624448,-0.10983,0.0280636361266566));
#2944=CARTESIAN_POINT('',(0.0265480451624448,-0.10983,0.0280636361266566));
#2945=CARTESIAN_POINT('',(0.0265480451624448,-0.11183,0.0280636361266566));
#2946=CARTESIAN_POINT('',(0.0230103528547525,-0.109808461538461,0.0280636361266566));
#2947=CARTESIAN_POINT('',(0.0399790834688377,-0.10983,0.0279549788636575));
#2948=CARTESIAN_POINT('',(0.04,-0.113819012073453,0.0279549788636575));
#2949=CARTESIAN_POINT('',(0.038,-0.113819012073453,0.0279549788636575));
#2950=CARTESIAN_POINT('',(0.0399909017503817,-0.109851273567977,0.0279549788636575));
#2951=CARTESIAN_POINT('',(0.0364290834688377,-0.11183,0.0279549788636575));
#2952=CARTESIAN_POINT('',(0.040029195362934,-0.10983,0.0279549788636575));
#2953=CARTESIAN_POINT('',(0.0364290834688377,-0.10983,0.0279549788636575));
#2954=CARTESIAN_POINT('',(0.0435290834688377,-0.10983,0.0279549788636575));
#2955=CARTESIAN_POINT('',(0.0435290834688377,-0.111829936060516,0.0279549788636575));
#2956=CARTESIAN_POINT('',(0.0399914187043076,-0.109808413337928,0.0279549788636575));
#2957=CARTESIAN_POINT('',(0.03,-0.11883,0.035));
#2958=CARTESIAN_POINT('',(0.03,-0.11883,-0.007));
#2959=CARTESIAN_POINT('',(0.005,-0.11883,-0.007));
#2960=CARTESIAN_POINT('',(0.055,-0.11883,-0.007));
#2961=CARTESIAN_POINT('',(0.055,-0.11883,0.082));
#2962=CARTESIAN_POINT('',(0.055,-0.11883,0.004));
#2963=CARTESIAN_POINT('',(0.03,-0.11883,0.004));
#2964=CARTESIAN_POINT('',(0.005,-0.11883,0.004));
#2965=CARTESIAN_POINT('',(0.005,-0.11883,0.035));
#2966=CARTESIAN_POINT('',(0.03,-0.04683,0.004));
#2967=CARTESIAN_POINT('',(0.055,-0.11383,0.004));
#2968=CARTESIAN_POINT('',(0.056,-0.118728979485566,0.004));
#2969=CARTESIAN_POINT('',(0.056,-0.11883,0.004));
#2970=CARTESIAN_POINT('',(0.056,-0.0991584271247462,0.004));
#2971=CARTESIAN_POINT('',(0.055,-0.09633,0.004));
#2972=CARTESIAN_POINT('',(0.055,-0.09933,0.004));
#2973=CARTESIAN_POINT('',(0.03,-0.09933,0.004));
#2974=CARTESIAN_POINT('',(0.005,-0.09933,0.004));
#2975=CARTESIAN_POINT('',(0.005,-0.09633,0.004));
#2976=CARTESIAN_POINT('',(0.004,-0.0991584271247462,0.004));
#2977=CARTESIAN_POINT('',(0.004,-0.11883,0.004));
#2978=CARTESIAN_POINT('',(0.004,-0.118728979485566,0.004));
#2979=CARTESIAN_POINT('',(0.005,-0.11383,0.004));
#2980=CARTESIAN_POINT('',(0.023,-0.113819012073453,0.004));
#2981=CARTESIAN_POINT('',(0.025,-0.113819012073453,0.004));
#2982=CARTESIAN_POINT('',(0.04,-0.113819012073453,0.004));
#2983=CARTESIAN_POINT('',(0.042,-0.113819012073453,0.004));
#2984=CARTESIAN_POINT('',(0.03,-0.04683,0.024));
#2985=CARTESIAN_POINT('',(0.056,-0.11883,0.024));
#2986=CARTESIAN_POINT('',(0.056,-0.118728979485566,0.024));
#2987=CARTESIAN_POINT('',(0.056,-0.04683,0.024));
#2988=CARTESIAN_POINT('',(0.055,-0.11383,0.024));
#2989=CARTESIAN_POINT('',(0.04,-0.113819012073453,0.024));
#2990=CARTESIAN_POINT('',(0.023,-0.113819012073453,0.024));
#2991=CARTESIAN_POINT('',(0.005,-0.11383,0.024));
#2992=CARTESIAN_POINT('',(0.004,-0.118728979485566,0.024));
#2993=CARTESIAN_POINT('',(0.004,-0.11883,0.024));
#2994=CARTESIAN_POINT('',(0.004,-0.04683,0.024));
#2995=CARTESIAN_POINT('',(0.03,-0.04683,0.024));
#2996=CARTESIAN_POINT('',(0.0241005050633883,-0.0762294949366117,0.024));
#2997=CARTESIAN_POINT('',(0.0257505050633883,-0.0762294949366117,0.024));
#2998=CARTESIAN_POINT('',(0.0241005050633883,-0.0564305050633883,0.024));
#2999=CARTESIAN_POINT('',(0.0257505050633883,-0.0564305050633883,0.024));
#3000=CARTESIAN_POINT('',(0.0438994949366117,-0.0564305050633883,0.024));
#3001=CARTESIAN_POINT('',(0.0455494949366117,-0.0564305050633883,0.024));
#3002=CARTESIAN_POINT('',(0.0438994949366117,-0.0762294949366117,0.024));
#3003=CARTESIAN_POINT('',(0.0455494949366117,-0.0762294949366117,0.024));
#3004=CARTESIAN_POINT('',(0.034,-0.06633,0.024));
#3005=CARTESIAN_POINT('',(0.045,-0.06633,0.024));
#3006=CARTESIAN_POINT('',(0.03,-0.04683,0.035));
#3007=CARTESIAN_POINT('',(0.0519,-0.04683,0.00755));
#3008=CARTESIAN_POINT('',(0.0519,-0.04683,0.00545));
#3009=CARTESIAN_POINT('',(0.0081,-0.04683,0.00755));
#3010=CARTESIAN_POINT('',(0.0081,-0.04683,0.00545));
#3011=CARTESIAN_POINT('',(0.004,-0.04683,0.0046));
#3012=CARTESIAN_POINT('',(0.004,-0.04683,0.005));
#3013=CARTESIAN_POINT('',(0.056,-0.04683,0.005));
#3014=CARTESIAN_POINT('',(0.056,-0.04683,0.005));
#3015=CARTESIAN_POINT('',(0.056,-0.04683,0.0046));
#3016=CARTESIAN_POINT('',(0.03,-0.09633,0.));
#3017=CARTESIAN_POINT('',(0.056,-0.07158,0.));
#3018=CARTESIAN_POINT('',(0.056,-0.0914310205144336,0.));
#3019=CARTESIAN_POINT('',(0.056,-0.04183,0.));
#3020=CARTESIAN_POINT('',(0.004,-0.04183,0.));
#3021=CARTESIAN_POINT('',(0.004,-0.04183,0.));
#3022=CARTESIAN_POINT('',(0.004,-0.07158,0.));
#3023=CARTESIAN_POINT('',(0.004,-0.0914310205144337,0.));
#3024=CARTESIAN_POINT('',(0.005,-0.09633,0.));
#3025=CARTESIAN_POINT('',(0.,-0.09633,-1.47196168001604E-17));
#3026=CARTESIAN_POINT('',(0.,-0.09633,0.));
#3027=CARTESIAN_POINT('',(0.,-0.038,0.));
#3028=CARTESIAN_POINT('',(0.03,-0.038,0.));
#3029=CARTESIAN_POINT('',(0.06,-0.038,0.));
#3030=CARTESIAN_POINT('',(0.06,-0.09633,0.));
#3031=CARTESIAN_POINT('',(0.06,-0.09633,-7.43452918275776E-19));
#3032=CARTESIAN_POINT('',(0.055,-0.09633,0.));
#3033=CARTESIAN_POINT('',(0.,-0.09633,0.035));
#3034=CARTESIAN_POINT('',(0.,-0.07883,0.0525));
#3035=CARTESIAN_POINT('',(0.,-0.12633,0.1));
#3036=CARTESIAN_POINT('',(0.,-0.038,0.035));
#3037=CARTESIAN_POINT('',(0.,-0.07883,0.0175));
#3038=CARTESIAN_POINT('',(0.,-0.12633,-0.03));
#3039=CARTESIAN_POINT('',(0.,-0.09633,-0.03));
#3040=CARTESIAN_POINT('',(-1.78907172833307E-17,-0.17633,-0.03));
#3041=CARTESIAN_POINT('',(-1.39106151861017E-17,-0.17633,0.035));
#3042=CARTESIAN_POINT('',(-1.70946968638849E-17,-0.17633,-0.017));
#3043=CARTESIAN_POINT('',(0.,-0.11883,-0.017));
#3044=CARTESIAN_POINT('',(0.,-0.12383,-0.017));
#3045=CARTESIAN_POINT('',(8.67361737988404E-19,-0.12383,-0.007));
#3046=CARTESIAN_POINT('',(0.,-0.11383,-0.007));
#3047=CARTESIAN_POINT('',(0.,-0.11383,0.035));
#3048=CARTESIAN_POINT('',(0.,-0.11383,0.077));
#3049=CARTESIAN_POINT('',(8.67361737988404E-19,-0.12383,0.077));
#3050=CARTESIAN_POINT('',(0.,-0.12383,0.087));
#3051=CARTESIAN_POINT('',(0.,-0.09633,0.087));
#3052=CARTESIAN_POINT('',(-1.07265335083186E-17,-0.17633,0.087));
#3053=CARTESIAN_POINT('',(-1.39106151861017E-17,-0.17633,0.035));
#3054=CARTESIAN_POINT('',(-9.93051308887284E-18,-0.17633,0.1));
#3055=CARTESIAN_POINT('',(0.,-0.12633,0.1));
#3056=CARTESIAN_POINT('',(0.06,-0.09633,0.035));
#3057=CARTESIAN_POINT('',(0.06,-0.12633,0.1));
#3058=CARTESIAN_POINT('',(0.06,-0.12633,0.1));
#3059=CARTESIAN_POINT('',(0.06,-0.09633,0.1));
#3060=CARTESIAN_POINT('',(0.06,-0.17633,0.1));
#3061=CARTESIAN_POINT('',(0.06,-0.17633,0.035));
#3062=CARTESIAN_POINT('',(0.06,-0.17633,0.087));
#3063=CARTESIAN_POINT('',(0.06,-0.17633,0.087));
#3064=CARTESIAN_POINT('',(0.06,-0.17633,0.0861895699792759));
#3065=CARTESIAN_POINT('',(0.06,-0.17687954511921,0.0846211359496347));
#3066=CARTESIAN_POINT('',(0.06,-0.178753179382167,0.0830121929835262));
#3067=CARTESIAN_POINT('',(0.06,-0.181014197009256,0.0821676075590588));
#3068=CARTESIAN_POINT('',(0.06,-0.182610494876918,0.082));
#3069=CARTESIAN_POINT('',(0.06,-0.183413506551851,0.082));
#3070=CARTESIAN_POINT('',(0.06,-0.183413506551851,0.082));
#3071=CARTESIAN_POINT('',(0.06,-0.17633,0.082));
#3072=CARTESIAN_POINT('',(0.06,-0.132490254037844,0.082));
#3073=CARTESIAN_POINT('',(0.06,-0.12383,0.077));
#3074=CARTESIAN_POINT('',(0.06,-0.11383,0.077));
#3075=CARTESIAN_POINT('',(0.06,-0.11383,-0.012));
#3076=CARTESIAN_POINT('',(0.06,-0.11383,-0.007));
#3077=CARTESIAN_POINT('',(0.06,-0.12383,-0.007));
#3078=CARTESIAN_POINT('',(0.06,-0.12383,-0.017));
#3079=CARTESIAN_POINT('',(0.06,-0.09633,-0.017));
#3080=CARTESIAN_POINT('',(0.06,-0.17633,-0.017));
#3081=CARTESIAN_POINT('',(0.06,-0.17633,0.035));
#3082=CARTESIAN_POINT('',(0.06,-0.17633,-0.03));
#3083=CARTESIAN_POINT('',(0.06,-0.12633,-0.03));
#3084=CARTESIAN_POINT('',(0.06,-0.12633,-0.03));
#3085=CARTESIAN_POINT('',(0.06,-0.09633,-2.47817639425259E-18));
#3086=CARTESIAN_POINT('',(0.06,-0.038,0.035));
#3087=CARTESIAN_POINT('',(0.03,-0.17633,0.082));
#3088=CARTESIAN_POINT('',(0.05515,-0.184721019662497,0.082));
#3089=CARTESIAN_POINT('',(0.0601109375,-0.184721019662497,0.082));
#3090=CARTESIAN_POINT('',(0.05515,-0.235021019662497,0.082));
#3091=CARTESIAN_POINT('',(0.0599048561554425,-0.236436026312642,0.082));
#3092=CARTESIAN_POINT('',(0.0565650066501458,-0.239775875817939,0.082));
#3093=CARTESIAN_POINT('',(0.03,-0.209871019662497,0.082));
#3094=CARTESIAN_POINT('',(0.00343499334985411,-0.239775875817939,0.082));
#3095=CARTESIAN_POINT('',(0.00485,-0.235021019662497,0.082));
#3096=CARTESIAN_POINT('',(9.51438445574758E-5,-0.236436026312642,0.082));
#3097=CARTESIAN_POINT('',(0.03,-0.209871019662497,0.082));
#3098=CARTESIAN_POINT('',(9.51438445574758E-5,-0.183306013012351,0.082));
#3099=CARTESIAN_POINT('',(0.00485,-0.184721019662497,0.082));
#3100=CARTESIAN_POINT('',(0.00343499334985411,-0.179966163507054,0.082));
#3101=CARTESIAN_POINT('',(0.03,-0.209871019662497,0.082));
#3102=CARTESIAN_POINT('',(0.005,-0.178646029670505,0.082));
#3103=CARTESIAN_POINT('',(0.005,-0.17633,0.082));
#3104=CARTESIAN_POINT('',(0.005,-0.12383,0.082));
#3105=CARTESIAN_POINT('',(0.06,-0.12383,0.082));
#3106=CARTESIAN_POINT('',(0.055,-0.12383,0.082));
#3107=CARTESIAN_POINT('',(0.06,-0.132490254037844,0.082));
#3108=CARTESIAN_POINT('',(0.06,-0.131623620840018,0.082));
#3109=CARTESIAN_POINT('',(0.0596643021259566,-0.129927829005714,0.082));
#3110=CARTESIAN_POINT('',(0.0580508575978571,-0.126884823335823,0.082));
#3111=CARTESIAN_POINT('',(0.0562064881739736,-0.125036489380234,0.082));
#3112=CARTESIAN_POINT('',(0.055,-0.12383,0.082));
#3113=CARTESIAN_POINT('',(0.03,-0.209871019662497,0.082));
#3114=CARTESIAN_POINT('',(0.03,-0.209871019662497,0.082));
#3115=CARTESIAN_POINT('',(0.015,-0.209871019662497,0.082));
#3116=CARTESIAN_POINT('',(0.03,-0.17633,-0.012));
#3117=CARTESIAN_POINT('',(-0.004,-0.199871019662497,-0.012));
#3118=CARTESIAN_POINT('',(-0.00770303011866046,-0.196511322065942,-0.012));
#3119=CARTESIAN_POINT('',(-0.00893232019981089,-0.200690908341854,-0.012));
#3120=CARTESIAN_POINT('',(0.03,-0.209871019662497,-0.012));
#3121=CARTESIAN_POINT('',(-0.00893232019981088,-0.21905113098314,-0.012));
#3122=CARTESIAN_POINT('',(-0.004,-0.219871019662497,-0.012));
#3123=CARTESIAN_POINT('',(-0.00770303011866047,-0.223230717259051,-0.012));
#3124=CARTESIAN_POINT('',(0.03,-0.209871019662497,-0.012));
#3125=CARTESIAN_POINT('',(0.0677030301186604,-0.223230717259051,-0.012));
#3126=CARTESIAN_POINT('',(0.064,-0.219871019662497,-0.012));
#3127=CARTESIAN_POINT('',(0.0689323201998109,-0.21905113098314,-0.012));
#3128=CARTESIAN_POINT('',(0.03,-0.209871019662497,-0.012));
#3129=CARTESIAN_POINT('',(0.0689323201998109,-0.200690908341854,-0.012));
#3130=CARTESIAN_POINT('',(0.064,-0.199871019662497,-0.012));
#3131=CARTESIAN_POINT('',(0.0677030301186604,-0.196511322065942,-0.012));
#3132=CARTESIAN_POINT('',(0.03,-0.209871019662497,-0.012));
#3133=CARTESIAN_POINT('',(0.055,-0.178646029670505,-0.012));
#3134=CARTESIAN_POINT('',(0.055,-0.17633,-0.012));
#3135=CARTESIAN_POINT('',(0.055,-0.12383,-0.012));
#3136=CARTESIAN_POINT('',(0.03,-0.12383,-0.012));
#3137=CARTESIAN_POINT('',(0.005,-0.12383,-0.012));
#3138=CARTESIAN_POINT('',(0.005,-0.17633,-0.012));
#3139=CARTESIAN_POINT('',(0.005,-0.178646029670505,-0.012));
#3140=CARTESIAN_POINT('',(0.03,-0.209871019662497,-0.012));
#3141=CARTESIAN_POINT('',(0.03,-0.209871019662497,-0.012));
#3142=CARTESIAN_POINT('',(0.045,-0.209871019662497,-0.012));
#3143=CARTESIAN_POINT('',(0.03,-0.209871019662497,-0.03));
#3144=CARTESIAN_POINT('',(0.03,-0.209871019662497,-0.03));
#3145=CARTESIAN_POINT('',(0.03,-0.209871019662497,-0.017));
#3146=CARTESIAN_POINT('',(0.004,-0.07158,0.0046));
#3147=CARTESIAN_POINT('',(0.004,-0.118728979485566,0.024));
#3148=CARTESIAN_POINT('',(0.004,-0.09633,0.));
#3149=CARTESIAN_POINT('',(0.004,-0.04183,0.005));
#3150=CARTESIAN_POINT('',(0.056,-0.07158,0.0046));
#3151=CARTESIAN_POINT('',(0.056,-0.118728979485566,0.004));
#3152=CARTESIAN_POINT('',(0.056,-0.04183,0.005));
#3153=CARTESIAN_POINT('',(0.056,-0.09633,0.));
#3154=CARTESIAN_POINT('',(0.034,-0.08833,0.025));
#3155=CARTESIAN_POINT('',(0.056,-0.08833,0.025));
#3156=CARTESIAN_POINT('',(0.056,-0.08833,0.025));
#3157=CARTESIAN_POINT('',(0.034,-0.08833,0.025));
#3158=CARTESIAN_POINT('',(0.004,-0.08833,0.025));
#3159=CARTESIAN_POINT('',(0.004,-0.08833,0.025));
#3160=CARTESIAN_POINT('',(0.056,-0.06633,0.025));
#3161=CARTESIAN_POINT('',(0.056,-0.04433,0.025));
#3162=CARTESIAN_POINT('',(0.056,-0.04433,0.025));
#3163=CARTESIAN_POINT('',(0.056,-0.06633,0.025));
#3164=CARTESIAN_POINT('',(0.034,-0.04433,0.025));
#3165=CARTESIAN_POINT('',(0.0519,-0.04433,0.06245));
#3166=CARTESIAN_POINT('',(0.0498,-0.04433,0.06245));
#3167=CARTESIAN_POINT('',(0.004,-0.04433,0.025));
#3168=CARTESIAN_POINT('',(0.004,-0.04433,0.025));
#3169=CARTESIAN_POINT('',(0.034,-0.04433,0.025));
#3170=CARTESIAN_POINT('',(0.0081,-0.04433,0.06245));
#3171=CARTESIAN_POINT('',(0.006,-0.04433,0.06245));
#3172=CARTESIAN_POINT('',(0.03,-0.048165,0.025));
#3173=CARTESIAN_POINT('',(0.0241005050633883,-0.0762294949366117,0.025));
#3174=CARTESIAN_POINT('',(0.0257505050633883,-0.0762294949366117,0.025));
#3175=CARTESIAN_POINT('',(0.0241005050633883,-0.0564305050633883,0.025));
#3176=CARTESIAN_POINT('',(0.0257505050633883,-0.0564305050633883,0.025));
#3177=CARTESIAN_POINT('',(0.0438994949366117,-0.0564305050633883,0.025));
#3178=CARTESIAN_POINT('',(0.0455494949366117,-0.0564305050633883,0.025));
#3179=CARTESIAN_POINT('',(0.0438994949366117,-0.0762294949366117,0.025));
#3180=CARTESIAN_POINT('',(0.0455494949366117,-0.0762294949366117,0.025));
#3181=CARTESIAN_POINT('',(0.034,-0.06633,0.025));
#3182=CARTESIAN_POINT('',(0.045,-0.06633,0.025));
#3183=CARTESIAN_POINT('',(0.004,-0.06633,0.025));
#3184=CARTESIAN_POINT('',(0.034,-0.06633,6.93889390390723E-18));
#3185=CARTESIAN_POINT('',(0.0438994949366117,-0.0762294949366117,6.93889390390723E-18));
#3186=CARTESIAN_POINT('',(0.0438994949366117,-0.0564305050633883,6.93889390390723E-18));
#3187=CARTESIAN_POINT('',(0.0241005050633883,-0.0564305050633883,6.93889390390723E-18));
#3188=CARTESIAN_POINT('',(0.0241005050633883,-0.0762294949366117,6.93889390390723E-18));
#3189=CARTESIAN_POINT('',(0.0519,-0.0501,0.06245));
#3190=CARTESIAN_POINT('',(0.0519,-0.038,0.06245));
#3191=CARTESIAN_POINT('',(0.0519,-0.038,0.06455));
#3192=CARTESIAN_POINT('',(0.0081,-0.0501,0.00755));
#3193=CARTESIAN_POINT('',(0.0081,-0.038,0.00755));
#3194=CARTESIAN_POINT('',(0.0081,-0.038,0.00965));
#3195=CARTESIAN_POINT('',(0.0519,-0.0501,0.00755));
#3196=CARTESIAN_POINT('',(0.0519,-0.038,0.00755));
#3197=CARTESIAN_POINT('',(0.0519,-0.038,0.00965));
#3198=CARTESIAN_POINT('',(0.04,-0.113819012073453,0.02));
#3199=CARTESIAN_POINT('',(0.04,-0.113819012073453,0.02));
#3200=CARTESIAN_POINT('',(0.03,-0.08283,0.02));
#3201=CARTESIAN_POINT('',(0.04,-0.113819012073453,0.02));
#3202=CARTESIAN_POINT('',(0.038,-0.113819012073453,0.02));
#3203=CARTESIAN_POINT('',(0.023,-0.113819012073453,0.02));
#3204=CARTESIAN_POINT('',(0.023,-0.113819012073453,0.02));
#3205=CARTESIAN_POINT('',(0.03,-0.08283,0.02));
#3206=CARTESIAN_POINT('',(0.023,-0.113819012073453,0.02));
#3207=CARTESIAN_POINT('',(0.021,-0.113819012073453,0.02));
#3208=CARTESIAN_POINT('',(0.0399790834688377,-0.10983,0.0314549788636575));
#3209=CARTESIAN_POINT('',(0.04,-0.113819012073453,0.0314549788636575));
#3210=CARTESIAN_POINT('',(0.038,-0.113819012073453,0.0314549788636575));
#3211=CARTESIAN_POINT('',(0.0382291394158858,-0.11083,0.0314549788636575));
#3212=CARTESIAN_POINT('',(0.040029195362934,-0.10983,0.0314549788636575));
#3213=CARTESIAN_POINT('',(0.0364290834688377,-0.11183,0.0314549788636575));
#3214=CARTESIAN_POINT('',(0.0417791394158858,-0.110829968030258,0.0314549788636575));
#3215=CARTESIAN_POINT('',(0.0435290834688377,-0.111829936060516,0.0314549788636575));
#3216=CARTESIAN_POINT('',(0.0435290834688377,-0.10983,0.0314549788636575));
#3217=CARTESIAN_POINT('',(0.0364290834688377,-0.10983,0.0314549788636575));
#3218=CARTESIAN_POINT('',(0.0364290834688377,-0.10983,0.0297049788636575));
#3219=CARTESIAN_POINT('',(0.0364290834688377,-0.11183,0.0274549788636575));
#3220=CARTESIAN_POINT('',(0.0435290834688377,-0.10983,0.0297049788636575));
#3221=CARTESIAN_POINT('',(0.0435290834688377,-0.111829936060516,0.0274549788636575));
#3222=CARTESIAN_POINT('',(0.0229980451624448,-0.10983,0.0315636361266566));
#3223=CARTESIAN_POINT('',(0.023,-0.113819012073453,0.0315636361266566));
#3224=CARTESIAN_POINT('',(0.021,-0.113819012073453,0.0315636361266566));
#3225=CARTESIAN_POINT('',(0.0212480451624448,-0.11083,0.0315636361266566));
#3226=CARTESIAN_POINT('',(0.0230480451624448,-0.10983,0.0315636361266566));
#3227=CARTESIAN_POINT('',(0.0194480451624448,-0.11183,0.0315636361266566));
#3228=CARTESIAN_POINT('',(0.0247980451624448,-0.11083,0.0315636361266566));
#3229=CARTESIAN_POINT('',(0.0265480451624448,-0.11183,0.0315636361266566));
#3230=CARTESIAN_POINT('',(0.0265480451624448,-0.10983,0.0315636361266566));
#3231=CARTESIAN_POINT('',(0.0194480451624448,-0.10983,0.0315636361266566));
#3232=CARTESIAN_POINT('',(0.0194480451624448,-0.10983,0.0298136361266566));
#3233=CARTESIAN_POINT('',(0.0194480451624448,-0.11183,0.0275636361266566));
#3234=CARTESIAN_POINT('',(0.0265480451624448,-0.10983,0.0298136361266566));
#3235=CARTESIAN_POINT('',(0.0265480451624448,-0.11183,0.0275636361266566));
#3236=CARTESIAN_POINT('',(0.0417791394158858,-0.110829968030258,0.0274549788636575));
#3237=CARTESIAN_POINT('',(0.040029195362934,-0.10983,0.0274549788636575));
#3238=CARTESIAN_POINT('',(0.0382291394158858,-0.11083,0.0274549788636575));
#3239=CARTESIAN_POINT('',(0.0247980451624448,-0.11083,0.0275636361266566));
#3240=CARTESIAN_POINT('',(0.0230480451624448,-0.10983,0.0275636361266566));
#3241=CARTESIAN_POINT('',(0.0212480451624448,-0.11083,0.0275636361266566));
#3242=CARTESIAN_POINT('',(0.023,-0.113324506036726,0.036));
#3243=CARTESIAN_POINT('',(0.023,-0.113819012073453,0.036));
#3244=CARTESIAN_POINT('',(0.021,-0.113819012073453,0.036));
#3245=CARTESIAN_POINT('',(0.023,-0.113819012073453,0.036));
#3246=CARTESIAN_POINT('',(0.04,-0.113324506036726,0.036));
#3247=CARTESIAN_POINT('',(0.04,-0.113819012073453,0.036));
#3248=CARTESIAN_POINT('',(0.038,-0.113819012073453,0.036));
#3249=CARTESIAN_POINT('',(0.04,-0.113819012073453,0.036));
#3250=CARTESIAN_POINT('',(0.023,-0.113819012073453,0.036));
#3251=CARTESIAN_POINT('',(0.04,-0.113819012073453,0.036));
#3252=CARTESIAN_POINT('',(0.04,-0.113819012073453,-0.0047));
#3253=CARTESIAN_POINT('',(0.04,-0.113819012073453,-0.0047));
#3254=CARTESIAN_POINT('',(0.038,-0.113819012073453,-0.0047));
#3255=CARTESIAN_POINT('',(0.04,-0.113324506036726,-0.0047));
#3256=CARTESIAN_POINT('',(0.023,-0.113819012073453,-0.0009));
#3257=CARTESIAN_POINT('',(0.023,-0.113819012073453,-0.0009));
#3258=CARTESIAN_POINT('',(0.021,-0.113819012073453,-0.0009));
#3259=CARTESIAN_POINT('',(0.023,-0.113324506036726,-0.0009));
#3260=CARTESIAN_POINT('',(0.03,-0.209871019662497,-0.026));
#3261=CARTESIAN_POINT('',(0.03,-0.209871019662497,-0.026));
#3262=CARTESIAN_POINT('',(0.045,-0.209871019662497,-0.026));
#3263=CARTESIAN_POINT('',(0.03,-0.186850509831249,-0.026));
#3264=CARTESIAN_POINT('',(-0.004,-0.199871019662497,-0.005));
#3265=CARTESIAN_POINT('',(-0.00770303011866046,-0.196511322065942,-0.012));
#3266=CARTESIAN_POINT('',(-0.00821207878805527,-0.197072391180188,-0.012));
#3267=CARTESIAN_POINT('',(-0.00895835841878842,-0.198409025665832,-0.012038811161523));
#3268=CARTESIAN_POINT('',(-0.00905654220187627,-0.199943608488259,-0.012));
#3269=CARTESIAN_POINT('',(-0.00893232019981089,-0.200690908341854,-0.012));
#3270=CARTESIAN_POINT('',(-0.004,-0.199871019662497,-0.035));
#3271=CARTESIAN_POINT('',(-0.00770303011866046,-0.196511322065942,-0.035));
#3272=CARTESIAN_POINT('',(-0.00893232019981088,-0.200690908341854,-0.035));
#3273=CARTESIAN_POINT('',(-0.00893232019981088,-0.200690908341854,-0.035));
#3274=CARTESIAN_POINT('',(-0.00905654663069756,-0.199943581845172,-0.035));
#3275=CARTESIAN_POINT('',(-0.00896033631208022,-0.198415750503024,-0.034961188838477));
#3276=CARTESIAN_POINT('',(-0.00821206063985948,-0.197072371177401,-0.035));
#3277=CARTESIAN_POINT('',(-0.00770303011866047,-0.196511322065942,-0.035));
#3278=CARTESIAN_POINT('',(0.064,-0.199871019662497,-0.005));
#3279=CARTESIAN_POINT('',(0.0689323201998109,-0.200690908341854,-0.012));
#3280=CARTESIAN_POINT('',(0.0690565466306976,-0.199943581845172,-0.012));
#3281=CARTESIAN_POINT('',(0.0689603363120802,-0.198415750503024,-0.012038811161523));
#3282=CARTESIAN_POINT('',(0.0682120606398594,-0.197072371177401,-0.012));
#3283=CARTESIAN_POINT('',(0.0677030301186604,-0.196511322065942,-0.012));
#3284=CARTESIAN_POINT('',(0.064,-0.199871019662497,-0.035));
#3285=CARTESIAN_POINT('',(0.0689323201998109,-0.200690908341854,-0.035));
#3286=CARTESIAN_POINT('',(0.0677030301186604,-0.196511322065942,-0.035));
#3287=CARTESIAN_POINT('',(0.0677030301186604,-0.196511322065942,-0.035));
#3288=CARTESIAN_POINT('',(0.0682120787880552,-0.197072391180188,-0.035));
#3289=CARTESIAN_POINT('',(0.0689583584187884,-0.198409025665832,-0.034961188838477));
#3290=CARTESIAN_POINT('',(0.0690565422018763,-0.199943608488259,-0.035));
#3291=CARTESIAN_POINT('',(0.0689323201998109,-0.200690908341854,-0.035));
#3292=CARTESIAN_POINT('',(0.064,-0.219871019662497,-0.005));
#3293=CARTESIAN_POINT('',(0.0677030301186604,-0.223230717259051,-0.012));
#3294=CARTESIAN_POINT('',(0.0682120787880552,-0.222669648144806,-0.012));
#3295=CARTESIAN_POINT('',(0.0689583584187884,-0.221333013659162,-0.012038811161523));
#3296=CARTESIAN_POINT('',(0.0690565422018763,-0.219798430836735,-0.012));
#3297=CARTESIAN_POINT('',(0.0689323201998109,-0.21905113098314,-0.012));
#3298=CARTESIAN_POINT('',(0.064,-0.219871019662497,-0.035));
#3299=CARTESIAN_POINT('',(0.0677030301186604,-0.223230717259051,-0.035));
#3300=CARTESIAN_POINT('',(0.0689323201998109,-0.21905113098314,-0.035));
#3301=CARTESIAN_POINT('',(0.0689323201998109,-0.21905113098314,-0.035));
#3302=CARTESIAN_POINT('',(0.0690565466306976,-0.219798457479822,-0.035));
#3303=CARTESIAN_POINT('',(0.0689603363120802,-0.22132628882197,-0.034961188838477));
#3304=CARTESIAN_POINT('',(0.0682120606398594,-0.222669668147593,-0.035));
#3305=CARTESIAN_POINT('',(0.0677030301186604,-0.223230717259052,-0.035));
#3306=CARTESIAN_POINT('',(-0.004,-0.219871019662497,-0.005));
#3307=CARTESIAN_POINT('',(-0.00893232019981088,-0.21905113098314,-0.012));
#3308=CARTESIAN_POINT('',(-0.00905654663069755,-0.219798457479822,-0.012));
#3309=CARTESIAN_POINT('',(-0.00896033631208039,-0.221326288821969,-0.012038811161523));
#3310=CARTESIAN_POINT('',(-0.00821206063985942,-0.222669668147593,-0.012));
#3311=CARTESIAN_POINT('',(-0.00770303011866046,-0.223230717259051,-0.012));
#3312=CARTESIAN_POINT('',(-0.004,-0.219871019662497,-0.035));
#3313=CARTESIAN_POINT('',(-0.00893232019981088,-0.21905113098314,-0.035));
#3314=CARTESIAN_POINT('',(-0.00770303011866047,-0.223230717259051,-0.035));
#3315=CARTESIAN_POINT('',(-0.00770303011866047,-0.223230717259051,-0.035));
#3316=CARTESIAN_POINT('',(-0.00821207878805516,-0.222669648144805,-0.035));
#3317=CARTESIAN_POINT('',(-0.0089583584187886,-0.221333013659162,-0.034961188838477));
#3318=CARTESIAN_POINT('',(-0.00905654220187625,-0.219798430836735,-0.035));
#3319=CARTESIAN_POINT('',(-0.00893232019981088,-0.21905113098314,-0.035));
#3320=CARTESIAN_POINT('',(0.03,-0.215600509831248,0.096));
#3321=CARTESIAN_POINT('',(0.03,-0.209871019662497,0.096));
#3322=CARTESIAN_POINT('',(0.015,-0.209871019662497,0.096));
#3323=CARTESIAN_POINT('',(0.03,-0.218621019662497,0.096));
#3324=CARTESIAN_POINT('',(0.03875,-0.218621019662497,0.096));
#3325=CARTESIAN_POINT('',(0.02125,-0.218621019662497,0.096));
#3326=CARTESIAN_POINT('',(0.03875,-0.209871019662497,0.096));
#3327=CARTESIAN_POINT('',(0.03875,-0.201121019662497,0.096));
#3328=CARTESIAN_POINT('',(0.03,-0.201121019662497,0.096));
#3329=CARTESIAN_POINT('',(0.02125,-0.201121019662497,0.096));
#3330=CARTESIAN_POINT('',(0.02125,-0.209871019662497,0.096));
#3331=CARTESIAN_POINT('',(0.03,-0.209871019662497,0.1));
#3332=CARTESIAN_POINT('',(0.03,-0.209871019662497,0.087));
#3333=CARTESIAN_POINT('',(0.03,-0.209871019662497,0.1));
#3334=CARTESIAN_POINT('',(0.03,-0.209871019662497,0.096));
#3335=CARTESIAN_POINT('',(0.03875,-0.209871019662497,0.121));
#3336=CARTESIAN_POINT('',(0.03875,-0.218621019662497,0.121));
#3337=CARTESIAN_POINT('',(0.03875,-0.218621019662497,0.105));
#3338=CARTESIAN_POINT('',(0.03875,-0.186850509831249,0.105));
#3339=CARTESIAN_POINT('',(0.03875,-0.201121019662497,0.105));
#3340=CARTESIAN_POINT('',(0.03875,-0.201121019662497,0.121));
#3341=CARTESIAN_POINT('',(0.03,-0.218621019662497,0.121));
#3342=CARTESIAN_POINT('',(0.02125,-0.218621019662497,0.121));
#3343=CARTESIAN_POINT('',(0.02125,-0.218621019662497,0.105));
#3344=CARTESIAN_POINT('',(0.03,-0.218621019662497,0.105));
#3345=CARTESIAN_POINT('',(0.02125,-0.209871019662497,0.121));
#3346=CARTESIAN_POINT('',(0.02125,-0.201121019662497,0.121));
#3347=CARTESIAN_POINT('',(0.02125,-0.201121019662497,0.105));
#3348=CARTESIAN_POINT('',(0.02125,-0.186850509831249,0.105));
#3349=CARTESIAN_POINT('',(0.03,-0.201121019662497,0.121));
#3350=CARTESIAN_POINT('',(0.03,-0.201121019662497,0.105));
#3351=CARTESIAN_POINT('',(0.00485,-0.235021019662497,0.082));
#3352=CARTESIAN_POINT('',(0.00343499334985411,-0.239775875817939,0.082));
#3353=CARTESIAN_POINT('',(0.0026412022342892,-0.239539650016226,0.082));
#3354=CARTESIAN_POINT('',(0.00119871994597105,-0.238673963556584,0.0820559999214951));
#3355=CARTESIAN_POINT('',(0.000331367971403953,-0.237229811800141,0.082));
#3356=CARTESIAN_POINT('',(9.51438445574713E-5,-0.236436026312642,0.082));
#3357=CARTESIAN_POINT('',(0.00485,-0.235021019662497,0.105));
#3358=CARTESIAN_POINT('',(0.00343499334985411,-0.239775875817939,0.105));
#3359=CARTESIAN_POINT('',(9.51438445574758E-5,-0.236436026312642,0.105));
#3360=CARTESIAN_POINT('',(9.51438445574758E-5,-0.236436026312642,0.105));
#3361=CARTESIAN_POINT('',(0.000331369646270763,-0.237229817428207,0.105));
#3362=CARTESIAN_POINT('',(0.0011970561059129,-0.238672299716526,0.104944000078505));
#3363=CARTESIAN_POINT('',(0.00264120786235514,-0.239539651691093,0.105));
#3364=CARTESIAN_POINT('',(0.00343499334985411,-0.239775875817939,0.105));
#3365=CARTESIAN_POINT('',(0.05515,-0.184721019662497,0.082));
#3366=CARTESIAN_POINT('',(0.05515,-0.184721019662497,0.105));
#3367=CARTESIAN_POINT('',(0.0565650066501459,-0.179966163507054,0.105));
#3368=CARTESIAN_POINT('',(0.0599048561554424,-0.183306013012351,0.105));
#3369=CARTESIAN_POINT('',(0.0599048561554424,-0.183306013012351,0.105));
#3370=CARTESIAN_POINT('',(0.0596686303537291,-0.182512221896786,0.105));
#3371=CARTESIAN_POINT('',(0.0588029438940868,-0.181069739608468,0.104944000078505));
#3372=CARTESIAN_POINT('',(0.0573587921376448,-0.180202387633901,0.105));
#3373=CARTESIAN_POINT('',(0.0565650066501459,-0.179966163507054,0.105));
#3374=CARTESIAN_POINT('',(0.00485,-0.184721019662497,0.082));
#3375=CARTESIAN_POINT('',(9.51438445574758E-5,-0.183306013012351,0.082));
#3376=CARTESIAN_POINT('',(0.000331369646270826,-0.182512221896786,0.082));
#3377=CARTESIAN_POINT('',(0.0011970561059132,-0.181069739608468,0.082055999921495));
#3378=CARTESIAN_POINT('',(0.00264120786235522,-0.180202387633901,0.082));
#3379=CARTESIAN_POINT('',(0.00343499334985411,-0.179966163507054,0.082));
#3380=CARTESIAN_POINT('',(0.00485,-0.184721019662497,0.105));
#3381=CARTESIAN_POINT('',(9.51438445574758E-5,-0.183306013012351,0.105));
#3382=CARTESIAN_POINT('',(0.00343499334985411,-0.179966163507054,0.105));
#3383=CARTESIAN_POINT('',(0.00343499334985411,-0.179966163507054,0.105));
#3384=CARTESIAN_POINT('',(0.00264120223428927,-0.180202389308768,0.105));
#3385=CARTESIAN_POINT('',(0.00119871994597136,-0.18106807576841,0.104944000078505));
#3386=CARTESIAN_POINT('',(0.000331367971404017,-0.182512227524852,0.105));
#3387=CARTESIAN_POINT('',(9.51438445574717E-5,-0.183306013012351,0.105));
#3388=CARTESIAN_POINT('',(0.05515,-0.235021019662497,0.082));
#3389=CARTESIAN_POINT('',(0.0599048561554425,-0.236436026312643,0.082));
#3390=CARTESIAN_POINT('',(0.0596686303537292,-0.237229817428207,0.082));
#3391=CARTESIAN_POINT('',(0.0588029438940871,-0.238672299716526,0.082055999921495));
#3392=CARTESIAN_POINT('',(0.0573587921376448,-0.239539651691093,0.082));
#3393=CARTESIAN_POINT('',(0.0565650066501458,-0.23977587581794,0.082));
#3394=CARTESIAN_POINT('',(0.05515,-0.235021019662497,0.105));
#3395=CARTESIAN_POINT('',(0.0599048561554425,-0.236436026312642,0.105));
#3396=CARTESIAN_POINT('',(0.0565650066501458,-0.239775875817939,0.105));
#3397=CARTESIAN_POINT('',(0.0565650066501458,-0.239775875817939,0.105));
#3398=CARTESIAN_POINT('',(0.0573587977657107,-0.239539650016226,0.105));
#3399=CARTESIAN_POINT('',(0.058801280054029,-0.238673963556584,0.104944000078505));
#3400=CARTESIAN_POINT('',(0.059668632028596,-0.237229811800141,0.105));
#3401=CARTESIAN_POINT('',(0.0599048561554425,-0.236436026312642,0.105));
#3402=CARTESIAN_POINT('',(0.03,-0.038,0.035));
#3403=CARTESIAN_POINT('',(0.0081,-0.038,0.06245));
#3404=CARTESIAN_POINT('',(0.0081,-0.038,0.06455));
#3405=CARTESIAN_POINT('',(0.0081,-0.0501,0.06245));
#3406=CARTESIAN_POINT('',(0.004,-0.06633,0.025));
#3407=CARTESIAN_POINT('',(0.03,-0.0927944660940673,-0.00353553390593275));
#3408=CARTESIAN_POINT('',(0.06,-0.122794466094067,-0.0335355339059327));
#3409=CARTESIAN_POINT('',(0.005,-0.122794466094067,-0.0335355339059327));
#3410=CARTESIAN_POINT('',(0.055,-0.122794466094067,-0.0335355339059327));
#3411=CARTESIAN_POINT('',(0.005,-0.0927944660940673,-0.00353553390593276));
#3412=CARTESIAN_POINT('',(0.005,-0.0927944660940673,-0.00353553390593274));
#3413=CARTESIAN_POINT('',(0.03,-0.0927944660940673,-0.00353553390593274));
#3414=CARTESIAN_POINT('',(0.055,-0.0927944660940673,-0.00353553390593274));
#3415=CARTESIAN_POINT('',(0.055,-0.122794466094067,-0.0335355339059327));
#3416=CARTESIAN_POINT('',(0.03,-0.11883,-0.035));
#3417=CARTESIAN_POINT('',(0.03,-0.209871019662497,-0.035));
#3418=CARTESIAN_POINT('',(0.03,-0.209871019662497,-0.035));
#3419=CARTESIAN_POINT('',(0.03,-0.209871019662497,-0.035));
#3420=CARTESIAN_POINT('',(0.03,-0.209871019662497,-0.035));
#3421=CARTESIAN_POINT('',(0.005,-0.178646029670505,-0.035));
#3422=CARTESIAN_POINT('',(0.005,-0.11883,-0.035));
#3423=CARTESIAN_POINT('',(0.005,-0.12633,-0.035));
#3424=CARTESIAN_POINT('',(0.06,-0.12633,-0.035));
#3425=CARTESIAN_POINT('',(0.055,-0.12633,-0.035));
#3426=CARTESIAN_POINT('',(0.055,-0.17633,-0.035));
#3427=CARTESIAN_POINT('',(0.055,-0.178646029670505,-0.035));
#3428=CARTESIAN_POINT('',(0.03,-0.209871019662497,-0.035));
#3429=CARTESIAN_POINT('',(0.03,-0.12633,-0.03));
#3430=CARTESIAN_POINT('',(0.005,-0.12633,-0.03));
#3431=CARTESIAN_POINT('',(0.055,-0.12633,-0.03));
#3432=CARTESIAN_POINT('',(0.03,-0.09633,0.));
#3433=CARTESIAN_POINT('',(0.005,-0.09633,0.));
#3434=CARTESIAN_POINT('',(0.055,-0.09633,0.));
#3435=CARTESIAN_POINT('',(0.03,-0.122794466094067,0.103535533905933));
#3436=CARTESIAN_POINT('',(0.03,-0.0927944660940673,0.0735355339059328));
#3437=CARTESIAN_POINT('',(0.005,-0.0927944660940673,0.0735355339059328));
#3438=CARTESIAN_POINT('',(0.055,-0.0927944660940673,0.0735355339059328));
#3439=CARTESIAN_POINT('',(0.005,-0.122794466094067,0.103535533905933));
#3440=CARTESIAN_POINT('',(0.005,-0.122794466094067,0.103535533905933));
#3441=CARTESIAN_POINT('',(0.03,-0.122794466094067,0.103535533905933));
#3442=CARTESIAN_POINT('',(0.055,-0.122794466094067,0.103535533905933));
#3443=CARTESIAN_POINT('',(0.055,-0.0927944660940673,0.0735355339059328));
#3444=CARTESIAN_POINT('',(0.03,-0.11883,0.105));
#3445=CARTESIAN_POINT('',(0.03,-0.12633,0.105));
#3446=CARTESIAN_POINT('',(0.055,-0.12633,0.105));
#3447=CARTESIAN_POINT('',(0.005,-0.12633,0.105));
#3448=CARTESIAN_POINT('',(0.005,-0.17633,0.105));
#3449=CARTESIAN_POINT('',(0.005,-0.178646029670505,0.105));
#3450=CARTESIAN_POINT('',(0.03,-0.209871019662497,0.105));
#3451=CARTESIAN_POINT('',(0.03,-0.209871019662497,0.105));
#3452=CARTESIAN_POINT('',(0.03,-0.209871019662497,0.105));
#3453=CARTESIAN_POINT('',(0.03,-0.209871019662497,0.105));
#3454=CARTESIAN_POINT('',(0.03,-0.209871019662497,0.105));
#3455=CARTESIAN_POINT('',(0.055,-0.178646029670505,0.105));
#3456=CARTESIAN_POINT('',(0.055,-0.11883,0.105));
#3457=CARTESIAN_POINT('',(0.03,-0.12633,0.1));
#3458=CARTESIAN_POINT('',(0.005,-0.12633,0.1));
#3459=CARTESIAN_POINT('',(0.055,-0.12633,0.1));
#3460=CARTESIAN_POINT('',(0.03,-0.09633,0.07));
#3461=CARTESIAN_POINT('',(0.005,-0.09633,0.07));
#3462=CARTESIAN_POINT('',(0.055,-0.09633,0.07));
#3463=CARTESIAN_POINT('',(0.03,-0.209871019662497,0.087));
#3464=CARTESIAN_POINT('',(-1.07265335083186E-17,-0.17633,0.087));
#3465=CARTESIAN_POINT('',(-1.07265335083186E-17,-0.17633,0.0856095291212718));
#3466=CARTESIAN_POINT('',(0.00122600384597342,-0.176873464427374,0.0829489910721363));
#3467=CARTESIAN_POINT('',(0.00376511270030506,-0.178052874825106,0.082));
#3468=CARTESIAN_POINT('',(0.005,-0.178646029670505,0.082));
#3469=CARTESIAN_POINT('',(0.005,-0.09633,-0.017));
#3470=CARTESIAN_POINT('',(0.005,-0.12383,-0.017));
#3471=CARTESIAN_POINT('',(-1.70946968638849E-17,-0.17633,-0.017));
#3472=CARTESIAN_POINT('',(-1.70946968638849E-17,-0.17633,-0.0156095291212718));
#3473=CARTESIAN_POINT('',(0.00122600384600391,-0.17687346442731,-0.0129489910721363));
#3474=CARTESIAN_POINT('',(0.00376511270024409,-0.178052874825233,-0.012));
#3475=CARTESIAN_POINT('',(0.005,-0.178646029670505,-0.012));
#3476=CARTESIAN_POINT('',(0.005,-0.11383,0.035));
#3477=CARTESIAN_POINT('',(0.005,-0.11383,0.077));
#3478=CARTESIAN_POINT('',(0.005,-0.11383,-0.007));
#3479=CARTESIAN_POINT('',(0.005,-0.17633,0.087));
#3480=CARTESIAN_POINT('',(0.005,-0.12383,0.087));
#3481=CARTESIAN_POINT('',(0.03,-0.209871019662497,-0.017));
#3482=CARTESIAN_POINT('',(0.06,-0.17633,-0.017));
#3483=CARTESIAN_POINT('',(0.06,-0.17633,-0.0156095291212719));
#3484=CARTESIAN_POINT('',(0.0587739961540167,-0.176873464427353,-0.0129489910721363));
#3485=CARTESIAN_POINT('',(0.0562348872997146,-0.178052874825147,-0.012));
#3486=CARTESIAN_POINT('',(0.055,-0.178646029670505,-0.012));
#3487=CARTESIAN_POINT('',(0.005,-0.12383,-0.007));
#3488=CARTESIAN_POINT('',(0.005,-0.12383,-0.007));
#3489=CARTESIAN_POINT('',(0.005,-0.12383,0.077));
#3490=CARTESIAN_POINT('',(0.005,-0.12383,0.077));
#3491=CARTESIAN_POINT('',(0.055,-0.17633,-0.017));
#3492=CARTESIAN_POINT('',(0.055,-0.12383,-0.017));
#3493=CARTESIAN_POINT('',(0.03,-0.12383,-0.007));
#3494=CARTESIAN_POINT('',(0.055,-0.12383,-0.007));
#3495=CARTESIAN_POINT('',(0.03,-0.12383,0.077));
#3496=CARTESIAN_POINT('',(0.055,-0.12383,0.077));
#3497=CARTESIAN_POINT('',(0.055,-0.12383,-0.007));
#3498=CARTESIAN_POINT('',(0.055,-0.11383,-0.007));
#3499=CARTESIAN_POINT('',(0.055,-0.12383,0.077));
#3500=CARTESIAN_POINT('',(0.055,-0.11383,0.077));
#3501=CARTESIAN_POINT('',(0.055,-0.11383,0.035));
#3502=CARTESIAN_POINT('',(0.03,-0.04183,0.005));
#3503=CARTESIAN_POINT('',(0.055,-0.09633,0.07));
#3504=CARTESIAN_POINT('',(0.055,-0.09633,0.07));
#3505=CARTESIAN_POINT('',(0.055,-0.07883,0.0525));
#3506=CARTESIAN_POINT('',(0.055,-0.12633,0.1));
#3507=CARTESIAN_POINT('',(0.055,-0.12633,0.1));
#3508=CARTESIAN_POINT('',(0.055,-0.12633,0.1));
#3509=CARTESIAN_POINT('',(0.055,-0.11883,0.1));
#3510=CARTESIAN_POINT('',(0.06,-0.17633,0.1));
#3511=CARTESIAN_POINT('',(0.06,-0.17633,0.101390470878728));
#3512=CARTESIAN_POINT('',(0.0587739961540175,-0.176873464427355,0.104051008927864));
#3513=CARTESIAN_POINT('',(0.0562348872997131,-0.178052874825144,0.105));
#3514=CARTESIAN_POINT('',(0.055,-0.178646029670505,0.105));
#3515=CARTESIAN_POINT('',(0.03,-0.209871019662497,0.1));
#3516=CARTESIAN_POINT('',(-9.93051308887284E-18,-0.17633,0.1));
#3517=CARTESIAN_POINT('',(-9.93051308887284E-18,-0.17633,0.101390470878728));
#3518=CARTESIAN_POINT('',(0.00122600384587973,-0.176873464427569,0.104051008927864));
#3519=CARTESIAN_POINT('',(0.00376511270049248,-0.178052874824716,0.105));
#3520=CARTESIAN_POINT('',(0.005,-0.178646029670505,0.105));
#3521=CARTESIAN_POINT('',(0.005,-0.09633,0.1));
#3522=CARTESIAN_POINT('',(0.005,-0.12633,0.1));
#3523=CARTESIAN_POINT('',(0.005,-0.12633,0.1));
#3524=CARTESIAN_POINT('',(0.005,-0.12633,0.1));
#3525=CARTESIAN_POINT('',(0.005,-0.07883,0.0525));
#3526=CARTESIAN_POINT('',(0.005,-0.09633,0.07));
#3527=CARTESIAN_POINT('',(0.005,-0.09633,0.07));
#3528=CARTESIAN_POINT('',(0.055,-0.09633,0.));
#3529=CARTESIAN_POINT('',(0.055,-0.09633,-8.67361737988404E-19));
#3530=CARTESIAN_POINT('',(0.055,-0.07883,0.0175));
#3531=CARTESIAN_POINT('',(0.055,-0.12633,-0.03));
#3532=CARTESIAN_POINT('',(0.055,-0.12633,-0.03));
#3533=CARTESIAN_POINT('',(0.055,-0.12633,-0.03));
#3534=CARTESIAN_POINT('',(0.055,-0.09633,-0.03));
#3535=CARTESIAN_POINT('',(0.06,-0.17633,-0.03));
#3536=CARTESIAN_POINT('',(0.06,-0.17633,-0.0313904708787281));
#3537=CARTESIAN_POINT('',(0.05877399615416,-0.176873464427651,-0.0340510089278637));
#3538=CARTESIAN_POINT('',(0.0562348872994281,-0.17805287482455,-0.035));
#3539=CARTESIAN_POINT('',(0.055,-0.178646029670505,-0.035));
#3540=CARTESIAN_POINT('',(0.03,-0.209871019662497,-0.03));
#3541=CARTESIAN_POINT('',(-1.78907172833307E-17,-0.17633,-0.03));
#3542=CARTESIAN_POINT('',(-1.78907172833307E-17,-0.17633,-0.0313904708787282));
#3543=CARTESIAN_POINT('',(0.00122600384598338,-0.176873464427353,-0.0340510089278637));
#3544=CARTESIAN_POINT('',(0.00376511270028517,-0.178052874825147,-0.035));
#3545=CARTESIAN_POINT('',(0.005,-0.178646029670505,-0.035));
#3546=CARTESIAN_POINT('',(0.005,-0.11883,-0.03));
#3547=CARTESIAN_POINT('',(0.005,-0.12633,-0.03));
#3548=CARTESIAN_POINT('',(0.005,-0.12633,-0.03));
#3549=CARTESIAN_POINT('',(0.005,-0.12633,-0.03));
#3550=CARTESIAN_POINT('',(0.005,-0.07883,0.0175));
#3551=CARTESIAN_POINT('',(0.005,-0.09633,-7.80625564189563E-18));
#3552=CARTESIAN_POINT('',(0.005,-0.09633,0.));
#3553=MECHANICAL_DESIGN_GEOMETRIC_PRESENTATION_REPRESENTATION('',(#2016),
#3554);
#3554=(
GEOMETRIC_REPRESENTATION_CONTEXT(3)
GLOBAL_UNCERTAINTY_ASSIGNED_CONTEXT((#3555))
GLOBAL_UNIT_ASSIGNED_CONTEXT((#3558,#3557,#3556))
REPRESENTATION_CONTEXT('J1','TOP_LEVEL_ASSEMBLY_PART')
);
#3555=UNCERTAINTY_MEASURE_WITH_UNIT(LENGTH_MEASURE(2.E-5),#3558,
'DISTANCE_ACCURACY_VALUE','Maximum Tolerance applied to model');
#3556=(
NAMED_UNIT(*)
SI_UNIT($,.STERADIAN.)
SOLID_ANGLE_UNIT()
);
#3557=(
NAMED_UNIT(*)
PLANE_ANGLE_UNIT()
SI_UNIT($,.RADIAN.)
);
#3558=(
LENGTH_UNIT()
NAMED_UNIT(*)
SI_UNIT($,.METRE.)
);
#3559=PRODUCT_DEFINITION_SHAPE('','',#3560);
#3560=PRODUCT_DEFINITION('','',#3562,#3561);
#3561=PRODUCT_DEFINITION_CONTEXT('',#3568,'design');
#3562=PRODUCT_DEFINITION_FORMATION_WITH_SPECIFIED_SOURCE('','',#3564,
 .NOT_KNOWN.);
#3563=PRODUCT_RELATED_PRODUCT_CATEGORY('','',(#3564));
#3564=PRODUCT('J1','J1','J1',(#3566));
#3565=PRODUCT_CATEGORY('','');
#3566=PRODUCT_CONTEXT('',#3568,'mechanical');
#3567=APPLICATION_PROTOCOL_DEFINITION('international standard',
'ap242_managed_model_based_3d_engineering',2020,#3568);
#3568=APPLICATION_CONTEXT('managed model based 3d engineering');
ENDSEC;
END-ISO-10303-21;
