ISO-10303-21;
HEADER;
/* Generated by software containing ST-Developer
 * from STEP Tools, Inc. (www.steptools.com) 
 */
/* OPTION: using custom renumber hook */

FILE_DESCRIPTION(
/* description */ ('STEP AP242 Edition 2',
'CAx-IF Rec.Pracs.---Representation and Presentation of Product Manufa
cturing Information (PMI)---4.0---2014-10-13',
'CAx-IF Rec.Pracs.---3D Tessellated Geometry---0.4---2014-09-14','2;1',
'CAx-IF Rec.Pracs.---User Defined Attributes---1.5---2016-08-15'),
/* implementation_level */ '2;1');

FILE_NAME(
/* name */ '693a05690be16c004317afd8',
/* time_stamp */ '2025-12-10T23:42:33Z',
/* author */ (''),
/* organization */ (''),
/* preprocessor_version */ 'ST-DEVELOPER v20',
/* originating_system */ 'ONSHAPE BY PTC INC, 1.207',
/* authorisation */ '  ');

FILE_SCHEMA (('AP242_MANAGED_MODEL_BASED_3D_ENGINEERING_MIM_LF { 1 0 10303 442 3 1 4 }'));
ENDSEC;

DATA;
#10=SHAPE_REPRESENTATION_RELATIONSHIP('','',#1434,#11);
#11=ADVANCED_BREP_SHAPE_REPRESENTATION('',(#1432),#2632);
#12=SPHERICAL_SURFACE('',#1521,0.002);
#13=SPHERICAL_SURFACE('',#1543,0.002);
#14=SPHERICAL_SURFACE('',#1545,0.002);
#15=SPHERICAL_SURFACE('',#1547,0.002);
#16=SPHERICAL_SURFACE('',#1557,0.002);
#17=SPHERICAL_SURFACE('',#1560,0.002);
#18=SPHERICAL_SURFACE('',#1570,0.002);
#19=SPHERICAL_SURFACE('',#1580,0.002);
#20=SPHERICAL_SURFACE('',#1582,0.002);
#21=SPHERICAL_SURFACE('',#1588,0.002);
#22=(
BOUNDED_SURFACE()
B_SPLINE_SURFACE(3,2,((#2379,#2380,#2381),(#2382,#2383,#2384),(#2385,#2386,
#2387),(#2388,#2389,#2390),(#2391,#2392,#2393),(#2394,#2395,#2396),(#2397,
#2398,#2399)),.UNSPECIFIED.,.F.,.F.,.F.)
B_SPLINE_SURFACE_WITH_KNOTS((4,1,1,1,4),(3,3),(0.00374957546176115,0.00574598091848461,
0.00774238637520807,0.00973879183193152,0.011735197288655),(0.,1.),
 .UNSPECIFIED.)
GEOMETRIC_REPRESENTATION_ITEM()
RATIONAL_B_SPLINE_SURFACE(((1.,0.707106781186548,1.),(1.,0.73599298882063,
1.),(1.,0.788949531392598,1.),(1.,0.858175454183886,1.),(1.,0.912012336918852,
1.),(1.,0.928279121411691,1.),(1.,0.928279121632914,1.)))
REPRESENTATION_ITEM('')
SURFACE()
);
#23=(
BOUNDED_SURFACE()
B_SPLINE_SURFACE(3,2,((#2435,#2436,#2437),(#2438,#2439,#2440),(#2441,#2442,
#2443),(#2444,#2445,#2446),(#2447,#2448,#2449),(#2450,#2451,#2452),(#2453,
#2454,#2455)),.UNSPECIFIED.,.F.,.F.,.F.)
B_SPLINE_SURFACE_WITH_KNOTS((4,1,1,1,4),(3,3),(0.00354158708658784,0.00555748687903109,
0.00757338667147434,0.00958928646391759,0.0116051862563608),(0.,1.),
 .UNSPECIFIED.)
GEOMETRIC_REPRESENTATION_ITEM()
RATIONAL_B_SPLINE_SURFACE(((1.,0.928279121632914,1.),(1.,0.928279121113042,
1.),(1.,0.912046529836183,1.),(1.,0.858142765376669,1.),(1.,0.789101200820472,
1.),(1.,0.735738552461621,1.),(1.,0.707106781186549,1.)))
REPRESENTATION_ITEM('')
SURFACE()
);
#24=(
BOUNDED_SURFACE()
B_SPLINE_SURFACE(3,2,((#2566,#2567,#2568),(#2569,#2570,#2571),(#2572,#2573,
#2574),(#2575,#2576,#2577),(#2578,#2579,#2580),(#2581,#2582,#2583),(#2584,
#2585,#2586)),.UNSPECIFIED.,.F.,.F.,.F.)
B_SPLINE_SURFACE_WITH_KNOTS((4,1,1,1,4),(3,3),(-2.16840434497101E-18,0.000901183529625169,
0.00180236705925034,0.00270355058887551,0.00360473411850068),(0.,1.),
 .UNSPECIFIED.)
GEOMETRIC_REPRESENTATION_ITEM()
RATIONAL_B_SPLINE_SURFACE(((1.,0.707106781186548,1.),(1.,0.724022250011149,
1.),(1.,0.765155350378079,1.),(1.,0.856164718831015,1.),(1.,0.962075340109639,
1.),(1.,0.999999999980073,1.),(1.,1.,1.)))
REPRESENTATION_ITEM('')
SURFACE()
);
#25=(
BOUNDED_SURFACE()
B_SPLINE_SURFACE(3,2,((#2602,#2603,#2604),(#2605,#2606,#2607),(#2608,#2609,
#2610),(#2611,#2612,#2613),(#2614,#2615,#2616),(#2617,#2618,#2619),(#2620,
#2621,#2622)),.UNSPECIFIED.,.F.,.F.,.F.)
B_SPLINE_SURFACE_WITH_KNOTS((4,1,1,1,4),(3,3),(-2.16840434497101E-18,0.000901183529625169,
0.00180236705925034,0.00270355058887551,0.00360473411850068),(0.,1.),
 .UNSPECIFIED.)
GEOMETRIC_REPRESENTATION_ITEM()
RATIONAL_B_SPLINE_SURFACE(((1.,0.707106781186547,1.),(1.,0.72402225001152,
1.),(1.,0.76515535037791,1.),(1.,0.856164718831059,1.),(1.,0.962075340109627,
1.),(1.,0.999999999980073,1.),(1.,1.,1.)))
REPRESENTATION_ITEM('')
SURFACE()
);
#26=TOROIDAL_SURFACE('',#1505,0.004,0.002);
#27=TOROIDAL_SURFACE('',#1509,0.043,0.002);
#28=TOROIDAL_SURFACE('',#1515,0.043,0.002);
#29=TOROIDAL_SURFACE('',#1519,0.004,0.002);
#30=TOROIDAL_SURFACE('',#1524,0.004,0.002);
#31=TOROIDAL_SURFACE('',#1549,0.004,0.002);
#32=TOROIDAL_SURFACE('',#1592,0.003,0.001);
#33=TOROIDAL_SURFACE('',#1599,0.001,0.001);
#34=TOROIDAL_SURFACE('',#1601,0.003,0.001);
#35=TOROIDAL_SURFACE('',#1607,0.002,0.001);
#36=TOROIDAL_SURFACE('',#1610,0.001,0.001);
#37=TOROIDAL_SURFACE('',#1618,0.002,0.001);
#38=TOROIDAL_SURFACE('',#1620,0.003,0.001);
#39=TOROIDAL_SURFACE('',#1626,0.003,0.001);
#40=B_SPLINE_CURVE_WITH_KNOTS('',3,(#2242,#2243,#2244,#2245,#2246),
 .UNSPECIFIED.,.F.,.F.,(4,1,4),(0.,0.00180236705925035,0.0036047341185007),
 .UNSPECIFIED.);
#41=B_SPLINE_CURVE_WITH_KNOTS('',3,(#2258,#2259,#2260,#2261,#2262),
 .UNSPECIFIED.,.F.,.F.,(4,1,4),(0.,0.00180236705925035,0.00360473411850069),
 .UNSPECIFIED.);
#42=B_SPLINE_CURVE_WITH_KNOTS('',3,(#2341,#2342,#2343,#2344,#2345,#2346,
#2347),.UNSPECIFIED.,.F.,.F.,(4,1,1,1,4),(0.,0.00203039922339448,0.00406079844678895,
0.00609119767018343,0.00812159689357791),.UNSPECIFIED.);
#43=B_SPLINE_CURVE_WITH_KNOTS('',3,(#2364,#2365,#2366,#2367,#2368,#2369,
#2370),.UNSPECIFIED.,.F.,.F.,(4,1,1,1,4),(0.,0.00200978097353831,0.00401956194707661,
0.00602934292061492,0.00803912389415322),.UNSPECIFIED.);
#44=B_SPLINE_CURVE_WITH_KNOTS('',3,(#2401,#2402,#2403,#2404,#2405,#2406,
#2407,#2408),.UNSPECIFIED.,.F.,.F.,(4,1,1,1,1,4),(0.,0.00142853347635002,
0.00285706695270005,0.00428560042905007,0.00499986716722508,0.0057141339054001),
 .UNSPECIFIED.);
#45=B_SPLINE_CURVE_WITH_KNOTS('',3,(#2416,#2417,#2418,#2419,#2420,#2421,
#2422,#2423),.UNSPECIFIED.,.F.,.F.,(4,1,1,1,1,4),(0.,0.000719877962986512,
0.00143975592597302,0.00287951185194605,0.00431926777791907,0.00575902370389209),
 .UNSPECIFIED.);
#46=B_SPLINE_CURVE_WITH_KNOTS('',3,(#2587,#2588,#2589,#2590,#2591,#2592,
#2593),.UNSPECIFIED.,.F.,.F.,(4,1,1,1,4),(0.,0.000795078881550725,0.00159015776310145,
0.00238523664465217,0.0031803155262029),.UNSPECIFIED.);
#47=B_SPLINE_CURVE_WITH_KNOTS('',3,(#2623,#2624,#2625,#2626,#2627,#2628,
#2629),.UNSPECIFIED.,.F.,.F.,(4,1,1,1,4),(0.,0.00079507888155072,0.00159015776310144,
0.00238523664465216,0.00318031552620288),.UNSPECIFIED.);
#48=CYLINDRICAL_SURFACE('',#1443,0.002);
#49=CYLINDRICAL_SURFACE('',#1446,0.002);
#50=CYLINDRICAL_SURFACE('',#1453,0.045);
#51=CYLINDRICAL_SURFACE('',#1478,0.0135);
#52=CYLINDRICAL_SURFACE('',#1484,0.004);
#53=CYLINDRICAL_SURFACE('',#1489,0.0026);
#54=CYLINDRICAL_SURFACE('',#1491,0.019);
#55=CYLINDRICAL_SURFACE('',#1493,0.0026);
#56=CYLINDRICAL_SURFACE('',#1495,0.0026);
#57=CYLINDRICAL_SURFACE('',#1497,0.0026);
#58=CYLINDRICAL_SURFACE('',#1502,0.002);
#59=CYLINDRICAL_SURFACE('',#1511,0.002);
#60=CYLINDRICAL_SURFACE('',#1513,0.002);
#61=CYLINDRICAL_SURFACE('',#1516,0.002);
#62=CYLINDRICAL_SURFACE('',#1528,0.002);
#63=CYLINDRICAL_SURFACE('',#1530,0.002);
#64=CYLINDRICAL_SURFACE('',#1532,0.002);
#65=CYLINDRICAL_SURFACE('',#1534,0.002);
#66=CYLINDRICAL_SURFACE('',#1537,0.002);
#67=CYLINDRICAL_SURFACE('',#1539,0.002);
#68=CYLINDRICAL_SURFACE('',#1541,0.002);
#69=CYLINDRICAL_SURFACE('',#1551,0.002);
#70=CYLINDRICAL_SURFACE('',#1553,0.002);
#71=CYLINDRICAL_SURFACE('',#1555,0.002);
#72=CYLINDRICAL_SURFACE('',#1562,0.002);
#73=CYLINDRICAL_SURFACE('',#1563,0.00165);
#74=CYLINDRICAL_SURFACE('',#1564,0.00165);
#75=CYLINDRICAL_SURFACE('',#1567,0.002);
#76=CYLINDRICAL_SURFACE('',#1573,0.002);
#77=CYLINDRICAL_SURFACE('',#1576,0.002);
#78=CYLINDRICAL_SURFACE('',#1578,0.002);
#79=CYLINDRICAL_SURFACE('',#1584,0.002);
#80=CYLINDRICAL_SURFACE('',#1586,0.002);
#81=CYLINDRICAL_SURFACE('',#1595,0.001);
#82=CYLINDRICAL_SURFACE('',#1597,0.001);
#83=CYLINDRICAL_SURFACE('',#1603,0.001);
#84=CYLINDRICAL_SURFACE('',#1605,0.001);
#85=CYLINDRICAL_SURFACE('',#1612,0.001);
#86=CYLINDRICAL_SURFACE('',#1614,0.001);
#87=CYLINDRICAL_SURFACE('',#1616,0.001);
#88=CYLINDRICAL_SURFACE('',#1622,0.001);
#89=CYLINDRICAL_SURFACE('',#1624,0.001);
#90=LINE('',#2103,#177);
#91=LINE('',#2105,#178);
#92=LINE('',#2107,#179);
#93=LINE('',#2111,#180);
#94=LINE('',#2113,#181);
#95=LINE('',#2116,#182);
#96=LINE('',#2118,#183);
#97=LINE('',#2120,#184);
#98=LINE('',#2122,#185);
#99=LINE('',#2127,#186);
#100=LINE('',#2131,#187);
#101=LINE('',#2133,#188);
#102=LINE('',#2137,#189);
#103=LINE('',#2141,#190);
#104=LINE('',#2149,#191);
#105=LINE('',#2152,#192);
#106=LINE('',#2154,#193);
#107=LINE('',#2156,#194);
#108=LINE('',#2158,#195);
#109=LINE('',#2162,#196);
#110=LINE('',#2165,#197);
#111=LINE('',#2167,#198);
#112=LINE('',#2169,#199);
#113=LINE('',#2171,#200);
#114=LINE('',#2173,#201);
#115=LINE('',#2178,#202);
#116=LINE('',#2185,#203);
#117=LINE('',#2189,#204);
#118=LINE('',#2193,#205);
#119=LINE('',#2195,#206);
#120=LINE('',#2198,#207);
#121=LINE('',#2200,#208);
#122=LINE('',#2202,#209);
#123=LINE('',#2214,#210);
#124=LINE('',#2217,#211);
#125=LINE('',#2219,#212);
#126=LINE('',#2229,#213);
#127=LINE('',#2231,#214);
#128=LINE('',#2234,#215);
#129=LINE('',#2238,#216);
#130=LINE('',#2240,#217);
#131=LINE('',#2247,#218);
#132=LINE('',#2249,#219);
#133=LINE('',#2252,#220);
#134=LINE('',#2254,#221);
#135=LINE('',#2256,#222);
#136=LINE('',#2264,#223);
#137=LINE('',#2266,#224);
#138=LINE('',#2270,#225);
#139=LINE('',#2272,#226);
#140=LINE('',#2274,#227);
#141=LINE('',#2278,#228);
#142=LINE('',#2280,#229);
#143=LINE('',#2282,#230);
#144=LINE('',#2288,#231);
#145=LINE('',#2291,#232);
#146=LINE('',#2293,#233);
#147=LINE('',#2295,#234);
#148=LINE('',#2297,#235);
#149=LINE('',#2298,#236);
#150=LINE('',#2300,#237);
#151=LINE('',#2301,#238);
#152=LINE('',#2323,#239);
#153=LINE('',#2326,#240);
#154=LINE('',#2328,#241);
#155=LINE('',#2330,#242);
#156=LINE('',#2332,#243);
#157=LINE('',#2335,#244);
#158=LINE('',#2337,#245);
#159=LINE('',#2339,#246);
#160=LINE('',#2349,#247);
#161=LINE('',#2351,#248);
#162=LINE('',#2353,#249);
#163=LINE('',#2356,#250);
#164=LINE('',#2358,#251);
#165=LINE('',#2360,#252);
#166=LINE('',#2362,#253);
#167=LINE('',#2372,#254);
#168=LINE('',#2462,#255);
#169=LINE('',#2469,#256);
#170=LINE('',#2487,#257);
#171=LINE('',#2499,#258);
#172=LINE('',#2503,#259);
#173=LINE('',#2528,#260);
#174=LINE('',#2533,#261);
#175=LINE('',#2535,#262);
#176=LINE('',#2537,#263);
#177=VECTOR('',#1633,1.);
#178=VECTOR('',#1634,1.);
#179=VECTOR('',#1635,1.);
#180=VECTOR('',#1638,1.);
#181=VECTOR('',#1641,1.);
#182=VECTOR('',#1642,1.);
#183=VECTOR('',#1643,1.);
#184=VECTOR('',#1644,1.);
#185=VECTOR('',#1647,1.);
#186=VECTOR('',#1650,1.);
#187=VECTOR('',#1653,1.);
#188=VECTOR('',#1654,1.);
#189=VECTOR('',#1659,1.);
#190=VECTOR('',#1664,1.);
#191=VECTOR('',#1673,1.);
#192=VECTOR('',#1674,1.);
#193=VECTOR('',#1675,1.);
#194=VECTOR('',#1676,1.);
#195=VECTOR('',#1677,1.);
#196=VECTOR('',#1682,1.);
#197=VECTOR('',#1683,1.);
#198=VECTOR('',#1684,1.);
#199=VECTOR('',#1685,1.);
#200=VECTOR('',#1686,1.);
#201=VECTOR('',#1689,1.);
#202=VECTOR('',#1692,1.);
#203=VECTOR('',#1699,1.);
#204=VECTOR('',#1702,1.);
#205=VECTOR('',#1705,1.);
#206=VECTOR('',#1708,1.);
#207=VECTOR('',#1709,1.);
#208=VECTOR('',#1710,1.);
#209=VECTOR('',#1711,1.);
#210=VECTOR('',#1724,1.);
#211=VECTOR('',#1725,1.);
#212=VECTOR('',#1726,1.);
#213=VECTOR('',#1735,1.);
#214=VECTOR('',#1738,1.);
#215=VECTOR('',#1739,1.);
#216=VECTOR('',#1742,1.);
#217=VECTOR('',#1743,1.);
#218=VECTOR('',#1744,1.);
#219=VECTOR('',#1747,1.);
#220=VECTOR('',#1748,1.);
#221=VECTOR('',#1749,1.);
#222=VECTOR('',#1750,1.);
#223=VECTOR('',#1753,1.);
#224=VECTOR('',#1754,1.);
#225=VECTOR('',#1757,1.);
#226=VECTOR('',#1758,1.);
#227=VECTOR('',#1759,1.);
#228=VECTOR('',#1764,1.);
#229=VECTOR('',#1765,1.);
#230=VECTOR('',#1766,1.);
#231=VECTOR('',#1775,1.);
#232=VECTOR('',#1776,1.);
#233=VECTOR('',#1777,1.);
#234=VECTOR('',#1778,1.);
#235=VECTOR('',#1781,1.);
#236=VECTOR('',#1782,1.);
#237=VECTOR('',#1785,1.);
#238=VECTOR('',#1786,1.);
#239=VECTOR('',#1819,1.);
#240=VECTOR('',#1820,1.);
#241=VECTOR('',#1821,1.);
#242=VECTOR('',#1822,1.);
#243=VECTOR('',#1825,1.);
#244=VECTOR('',#1826,1.);
#245=VECTOR('',#1827,1.);
#246=VECTOR('',#1828,1.);
#247=VECTOR('',#1829,1.);
#248=VECTOR('',#1830,1.);
#249=VECTOR('',#1833,1.);
#250=VECTOR('',#1834,1.);
#251=VECTOR('',#1835,1.);
#252=VECTOR('',#1836,1.);
#253=VECTOR('',#1837,1.);
#254=VECTOR('',#1838,1.);
#255=VECTOR('',#1901,1.);
#256=VECTOR('',#1910,1.);
#257=VECTOR('',#1943,1.);
#258=VECTOR('',#1964,1.);
#259=VECTOR('',#1971,1.);
#260=VECTOR('',#2020,1.);
#261=VECTOR('',#2023,1.);
#262=VECTOR('',#2024,1.);
#263=VECTOR('',#2025,1.);
#264=ORIENTED_EDGE('',*,*,#658,.F.);
#265=ORIENTED_EDGE('',*,*,#659,.T.);
#266=ORIENTED_EDGE('',*,*,#660,.T.);
#267=ORIENTED_EDGE('',*,*,#661,.T.);
#268=ORIENTED_EDGE('',*,*,#662,.F.);
#269=ORIENTED_EDGE('',*,*,#663,.T.);
#270=ORIENTED_EDGE('',*,*,#664,.T.);
#271=ORIENTED_EDGE('',*,*,#665,.T.);
#272=ORIENTED_EDGE('',*,*,#666,.T.);
#273=ORIENTED_EDGE('',*,*,#667,.T.);
#274=ORIENTED_EDGE('',*,*,#668,.T.);
#275=ORIENTED_EDGE('',*,*,#669,.T.);
#276=ORIENTED_EDGE('',*,*,#670,.T.);
#277=ORIENTED_EDGE('',*,*,#671,.T.);
#278=ORIENTED_EDGE('',*,*,#672,.T.);
#279=ORIENTED_EDGE('',*,*,#673,.T.);
#280=ORIENTED_EDGE('',*,*,#666,.F.);
#281=ORIENTED_EDGE('',*,*,#674,.T.);
#282=ORIENTED_EDGE('',*,*,#675,.F.);
#283=ORIENTED_EDGE('',*,*,#676,.F.);
#284=ORIENTED_EDGE('',*,*,#677,.F.);
#285=ORIENTED_EDGE('',*,*,#678,.T.);
#286=ORIENTED_EDGE('',*,*,#664,.F.);
#287=ORIENTED_EDGE('',*,*,#679,.T.);
#288=ORIENTED_EDGE('',*,*,#680,.F.);
#289=ORIENTED_EDGE('',*,*,#681,.F.);
#290=ORIENTED_EDGE('',*,*,#682,.T.);
#291=ORIENTED_EDGE('',*,*,#683,.F.);
#292=ORIENTED_EDGE('',*,*,#684,.T.);
#293=ORIENTED_EDGE('',*,*,#685,.T.);
#294=ORIENTED_EDGE('',*,*,#686,.T.);
#295=ORIENTED_EDGE('',*,*,#687,.F.);
#296=ORIENTED_EDGE('',*,*,#688,.T.);
#297=ORIENTED_EDGE('',*,*,#689,.F.);
#298=ORIENTED_EDGE('',*,*,#690,.F.);
#299=ORIENTED_EDGE('',*,*,#691,.T.);
#300=ORIENTED_EDGE('',*,*,#692,.T.);
#301=ORIENTED_EDGE('',*,*,#693,.T.);
#302=ORIENTED_EDGE('',*,*,#694,.T.);
#303=ORIENTED_EDGE('',*,*,#695,.T.);
#304=ORIENTED_EDGE('',*,*,#696,.F.);
#305=ORIENTED_EDGE('',*,*,#697,.T.);
#306=ORIENTED_EDGE('',*,*,#698,.F.);
#307=ORIENTED_EDGE('',*,*,#699,.T.);
#308=ORIENTED_EDGE('',*,*,#700,.T.);
#309=ORIENTED_EDGE('',*,*,#701,.T.);
#310=ORIENTED_EDGE('',*,*,#702,.T.);
#311=ORIENTED_EDGE('',*,*,#703,.T.);
#312=ORIENTED_EDGE('',*,*,#704,.T.);
#313=ORIENTED_EDGE('',*,*,#705,.T.);
#314=ORIENTED_EDGE('',*,*,#706,.F.);
#315=ORIENTED_EDGE('',*,*,#707,.F.);
#316=ORIENTED_EDGE('',*,*,#708,.F.);
#317=ORIENTED_EDGE('',*,*,#709,.F.);
#318=ORIENTED_EDGE('',*,*,#710,.F.);
#319=ORIENTED_EDGE('',*,*,#711,.T.);
#320=ORIENTED_EDGE('',*,*,#712,.T.);
#321=ORIENTED_EDGE('',*,*,#713,.T.);
#322=ORIENTED_EDGE('',*,*,#714,.F.);
#323=ORIENTED_EDGE('',*,*,#715,.T.);
#324=ORIENTED_EDGE('',*,*,#716,.F.);
#325=ORIENTED_EDGE('',*,*,#717,.T.);
#326=ORIENTED_EDGE('',*,*,#718,.F.);
#327=ORIENTED_EDGE('',*,*,#719,.T.);
#328=ORIENTED_EDGE('',*,*,#720,.T.);
#329=ORIENTED_EDGE('',*,*,#721,.T.);
#330=ORIENTED_EDGE('',*,*,#722,.T.);
#331=ORIENTED_EDGE('',*,*,#723,.T.);
#332=ORIENTED_EDGE('',*,*,#724,.T.);
#333=ORIENTED_EDGE('',*,*,#677,.T.);
#334=ORIENTED_EDGE('',*,*,#725,.T.);
#335=ORIENTED_EDGE('',*,*,#726,.T.);
#336=ORIENTED_EDGE('',*,*,#727,.T.);
#337=ORIENTED_EDGE('',*,*,#728,.T.);
#338=ORIENTED_EDGE('',*,*,#729,.T.);
#339=ORIENTED_EDGE('',*,*,#675,.T.);
#340=ORIENTED_EDGE('',*,*,#730,.T.);
#341=ORIENTED_EDGE('',*,*,#731,.T.);
#342=ORIENTED_EDGE('',*,*,#732,.T.);
#343=ORIENTED_EDGE('',*,*,#733,.T.);
#344=ORIENTED_EDGE('',*,*,#734,.T.);
#345=ORIENTED_EDGE('',*,*,#735,.T.);
#346=ORIENTED_EDGE('',*,*,#736,.T.);
#347=ORIENTED_EDGE('',*,*,#737,.F.);
#348=ORIENTED_EDGE('',*,*,#738,.F.);
#349=ORIENTED_EDGE('',*,*,#718,.T.);
#350=ORIENTED_EDGE('',*,*,#739,.T.);
#351=ORIENTED_EDGE('',*,*,#740,.F.);
#352=ORIENTED_EDGE('',*,*,#717,.F.);
#353=ORIENTED_EDGE('',*,*,#738,.T.);
#354=ORIENTED_EDGE('',*,*,#741,.T.);
#355=ORIENTED_EDGE('',*,*,#739,.F.);
#356=ORIENTED_EDGE('',*,*,#742,.F.);
#357=ORIENTED_EDGE('',*,*,#743,.F.);
#358=ORIENTED_EDGE('',*,*,#744,.F.);
#359=ORIENTED_EDGE('',*,*,#745,.T.);
#360=ORIENTED_EDGE('',*,*,#746,.T.);
#361=ORIENTED_EDGE('',*,*,#689,.T.);
#362=ORIENTED_EDGE('',*,*,#747,.T.);
#363=ORIENTED_EDGE('',*,*,#685,.F.);
#364=ORIENTED_EDGE('',*,*,#748,.F.);
#365=ORIENTED_EDGE('',*,*,#749,.F.);
#366=ORIENTED_EDGE('',*,*,#691,.F.);
#367=ORIENTED_EDGE('',*,*,#750,.T.);
#368=ORIENTED_EDGE('',*,*,#683,.T.);
#369=ORIENTED_EDGE('',*,*,#751,.T.);
#370=ORIENTED_EDGE('',*,*,#746,.F.);
#371=ORIENTED_EDGE('',*,*,#752,.F.);
#372=ORIENTED_EDGE('',*,*,#744,.T.);
#373=ORIENTED_EDGE('',*,*,#748,.T.);
#374=ORIENTED_EDGE('',*,*,#684,.F.);
#375=ORIENTED_EDGE('',*,*,#750,.F.);
#376=ORIENTED_EDGE('',*,*,#690,.T.);
#377=ORIENTED_EDGE('',*,*,#740,.T.);
#378=ORIENTED_EDGE('',*,*,#741,.F.);
#379=ORIENTED_EDGE('',*,*,#745,.F.);
#380=ORIENTED_EDGE('',*,*,#752,.T.);
#381=ORIENTED_EDGE('',*,*,#751,.F.);
#382=ORIENTED_EDGE('',*,*,#743,.T.);
#383=ORIENTED_EDGE('',*,*,#753,.F.);
#384=ORIENTED_EDGE('',*,*,#709,.T.);
#385=ORIENTED_EDGE('',*,*,#754,.F.);
#386=ORIENTED_EDGE('',*,*,#708,.T.);
#387=ORIENTED_EDGE('',*,*,#755,.F.);
#388=ORIENTED_EDGE('',*,*,#707,.T.);
#389=ORIENTED_EDGE('',*,*,#756,.F.);
#390=ORIENTED_EDGE('',*,*,#706,.T.);
#391=ORIENTED_EDGE('',*,*,#757,.F.);
#392=ORIENTED_EDGE('',*,*,#710,.T.);
#393=ORIENTED_EDGE('',*,*,#758,.T.);
#394=ORIENTED_EDGE('',*,*,#759,.T.);
#395=ORIENTED_EDGE('',*,*,#760,.T.);
#396=ORIENTED_EDGE('',*,*,#761,.T.);
#397=ORIENTED_EDGE('',*,*,#756,.T.);
#398=ORIENTED_EDGE('',*,*,#755,.T.);
#399=ORIENTED_EDGE('',*,*,#754,.T.);
#400=ORIENTED_EDGE('',*,*,#753,.T.);
#401=ORIENTED_EDGE('',*,*,#757,.T.);
#402=ORIENTED_EDGE('',*,*,#762,.T.);
#403=ORIENTED_EDGE('',*,*,#763,.T.);
#404=ORIENTED_EDGE('',*,*,#764,.T.);
#405=ORIENTED_EDGE('',*,*,#765,.T.);
#406=ORIENTED_EDGE('',*,*,#766,.F.);
#407=ORIENTED_EDGE('',*,*,#767,.T.);
#408=ORIENTED_EDGE('',*,*,#768,.T.);
#409=ORIENTED_EDGE('',*,*,#769,.T.);
#410=ORIENTED_EDGE('',*,*,#770,.T.);
#411=ORIENTED_EDGE('',*,*,#771,.T.);
#412=ORIENTED_EDGE('',*,*,#772,.T.);
#413=ORIENTED_EDGE('',*,*,#773,.T.);
#414=ORIENTED_EDGE('',*,*,#774,.F.);
#415=ORIENTED_EDGE('',*,*,#775,.T.);
#416=ORIENTED_EDGE('',*,*,#776,.F.);
#417=ORIENTED_EDGE('',*,*,#767,.F.);
#418=ORIENTED_EDGE('',*,*,#777,.F.);
#419=ORIENTED_EDGE('',*,*,#694,.F.);
#420=ORIENTED_EDGE('',*,*,#778,.F.);
#421=ORIENTED_EDGE('',*,*,#776,.T.);
#422=ORIENTED_EDGE('',*,*,#779,.F.);
#423=ORIENTED_EDGE('',*,*,#714,.T.);
#424=ORIENTED_EDGE('',*,*,#777,.T.);
#425=ORIENTED_EDGE('',*,*,#766,.T.);
#426=ORIENTED_EDGE('',*,*,#780,.F.);
#427=ORIENTED_EDGE('',*,*,#781,.F.);
#428=ORIENTED_EDGE('',*,*,#779,.T.);
#429=ORIENTED_EDGE('',*,*,#693,.F.);
#430=ORIENTED_EDGE('',*,*,#782,.F.);
#431=ORIENTED_EDGE('',*,*,#715,.F.);
#432=ORIENTED_EDGE('',*,*,#778,.T.);
#433=ORIENTED_EDGE('',*,*,#713,.F.);
#434=ORIENTED_EDGE('',*,*,#783,.F.);
#435=ORIENTED_EDGE('',*,*,#768,.F.);
#436=ORIENTED_EDGE('',*,*,#780,.T.);
#437=ORIENTED_EDGE('',*,*,#765,.F.);
#438=ORIENTED_EDGE('',*,*,#784,.F.);
#439=ORIENTED_EDGE('',*,*,#701,.F.);
#440=ORIENTED_EDGE('',*,*,#781,.T.);
#441=ORIENTED_EDGE('',*,*,#700,.F.);
#442=ORIENTED_EDGE('',*,*,#785,.F.);
#443=ORIENTED_EDGE('',*,*,#695,.F.);
#444=ORIENTED_EDGE('',*,*,#786,.F.);
#445=ORIENTED_EDGE('',*,*,#692,.F.);
#446=ORIENTED_EDGE('',*,*,#787,.F.);
#447=ORIENTED_EDGE('',*,*,#773,.F.);
#448=ORIENTED_EDGE('',*,*,#782,.T.);
#449=ORIENTED_EDGE('',*,*,#786,.T.);
#450=ORIENTED_EDGE('',*,*,#788,.F.);
#451=ORIENTED_EDGE('',*,*,#716,.T.);
#452=ORIENTED_EDGE('',*,*,#789,.F.);
#453=ORIENTED_EDGE('',*,*,#783,.T.);
#454=ORIENTED_EDGE('',*,*,#790,.F.);
#455=ORIENTED_EDGE('',*,*,#696,.T.);
#456=ORIENTED_EDGE('',*,*,#784,.T.);
#457=ORIENTED_EDGE('',*,*,#791,.F.);
#458=ORIENTED_EDGE('',*,*,#792,.F.);
#459=ORIENTED_EDGE('',*,*,#787,.T.);
#460=ORIENTED_EDGE('',*,*,#785,.T.);
#461=ORIENTED_EDGE('',*,*,#793,.F.);
#462=ORIENTED_EDGE('',*,*,#774,.T.);
#463=ORIENTED_EDGE('',*,*,#788,.T.);
#464=ORIENTED_EDGE('',*,*,#772,.F.);
#465=ORIENTED_EDGE('',*,*,#794,.F.);
#466=ORIENTED_EDGE('',*,*,#711,.F.);
#467=ORIENTED_EDGE('',*,*,#790,.T.);
#468=ORIENTED_EDGE('',*,*,#712,.F.);
#469=ORIENTED_EDGE('',*,*,#795,.F.);
#470=ORIENTED_EDGE('',*,*,#673,.F.);
#471=ORIENTED_EDGE('',*,*,#789,.T.);
#472=ORIENTED_EDGE('',*,*,#672,.F.);
#473=ORIENTED_EDGE('',*,*,#796,.F.);
#474=ORIENTED_EDGE('',*,*,#797,.F.);
#475=ORIENTED_EDGE('',*,*,#762,.F.);
#476=ORIENTED_EDGE('',*,*,#798,.F.);
#477=ORIENTED_EDGE('',*,*,#763,.F.);
#478=ORIENTED_EDGE('',*,*,#799,.F.);
#479=ORIENTED_EDGE('',*,*,#800,.F.);
#480=ORIENTED_EDGE('',*,*,#661,.F.);
#481=ORIENTED_EDGE('',*,*,#791,.T.);
#482=ORIENTED_EDGE('',*,*,#764,.F.);
#483=ORIENTED_EDGE('',*,*,#801,.F.);
#484=ORIENTED_EDGE('',*,*,#704,.F.);
#485=ORIENTED_EDGE('',*,*,#792,.T.);
#486=ORIENTED_EDGE('',*,*,#703,.F.);
#487=ORIENTED_EDGE('',*,*,#802,.F.);
#488=ORIENTED_EDGE('',*,*,#697,.F.);
#489=ORIENTED_EDGE('',*,*,#793,.T.);
#490=ORIENTED_EDGE('',*,*,#699,.F.);
#491=ORIENTED_EDGE('',*,*,#803,.F.);
#492=ORIENTED_EDGE('',*,*,#775,.F.);
#493=ORIENTED_EDGE('',*,*,#795,.T.);
#494=ORIENTED_EDGE('',*,*,#794,.T.);
#495=ORIENTED_EDGE('',*,*,#804,.F.);
#496=ORIENTED_EDGE('',*,*,#799,.T.);
#497=ORIENTED_EDGE('',*,*,#797,.T.);
#498=ORIENTED_EDGE('',*,*,#805,.F.);
#499=ORIENTED_EDGE('',*,*,#801,.T.);
#500=ORIENTED_EDGE('',*,*,#798,.T.);
#501=ORIENTED_EDGE('',*,*,#806,.F.);
#502=ORIENTED_EDGE('',*,*,#698,.T.);
#503=ORIENTED_EDGE('',*,*,#802,.T.);
#504=ORIENTED_EDGE('',*,*,#807,.F.);
#505=ORIENTED_EDGE('',*,*,#803,.T.);
#506=ORIENTED_EDGE('',*,*,#804,.T.);
#507=ORIENTED_EDGE('',*,*,#771,.F.);
#508=ORIENTED_EDGE('',*,*,#808,.F.);
#509=ORIENTED_EDGE('',*,*,#809,.F.);
#510=ORIENTED_EDGE('',*,*,#668,.F.);
#511=ORIENTED_EDGE('',*,*,#806,.T.);
#512=ORIENTED_EDGE('',*,*,#660,.F.);
#513=ORIENTED_EDGE('',*,*,#810,.F.);
#514=ORIENTED_EDGE('',*,*,#705,.F.);
#515=ORIENTED_EDGE('',*,*,#807,.T.);
#516=ORIENTED_EDGE('',*,*,#702,.F.);
#517=ORIENTED_EDGE('',*,*,#811,.F.);
#518=ORIENTED_EDGE('',*,*,#769,.F.);
#519=ORIENTED_EDGE('',*,*,#812,.T.);
#520=ORIENTED_EDGE('',*,*,#808,.T.);
#521=ORIENTED_EDGE('',*,*,#813,.F.);
#522=ORIENTED_EDGE('',*,*,#811,.T.);
#523=ORIENTED_EDGE('',*,*,#810,.T.);
#524=ORIENTED_EDGE('',*,*,#814,.F.);
#525=ORIENTED_EDGE('',*,*,#813,.T.);
#526=ORIENTED_EDGE('',*,*,#770,.F.);
#527=ORIENTED_EDGE('',*,*,#814,.T.);
#528=ORIENTED_EDGE('',*,*,#659,.F.);
#529=ORIENTED_EDGE('',*,*,#815,.F.);
#530=ORIENTED_EDGE('',*,*,#680,.T.);
#531=ORIENTED_EDGE('',*,*,#737,.T.);
#532=ORIENTED_EDGE('',*,*,#742,.T.);
#533=ORIENTED_EDGE('',*,*,#686,.F.);
#534=ORIENTED_EDGE('',*,*,#688,.F.);
#535=ORIENTED_EDGE('',*,*,#816,.T.);
#536=ORIENTED_EDGE('',*,*,#681,.T.);
#537=ORIENTED_EDGE('',*,*,#747,.F.);
#538=ORIENTED_EDGE('',*,*,#816,.F.);
#539=ORIENTED_EDGE('',*,*,#687,.T.);
#540=ORIENTED_EDGE('',*,*,#749,.T.);
#541=ORIENTED_EDGE('',*,*,#682,.F.);
#542=ORIENTED_EDGE('',*,*,#735,.F.);
#543=ORIENTED_EDGE('',*,*,#817,.T.);
#544=ORIENTED_EDGE('',*,*,#726,.F.);
#545=ORIENTED_EDGE('',*,*,#818,.F.);
#546=ORIENTED_EDGE('',*,*,#819,.F.);
#547=ORIENTED_EDGE('',*,*,#818,.T.);
#548=ORIENTED_EDGE('',*,*,#820,.F.);
#549=ORIENTED_EDGE('',*,*,#728,.F.);
#550=ORIENTED_EDGE('',*,*,#821,.T.);
#551=ORIENTED_EDGE('',*,*,#719,.F.);
#552=ORIENTED_EDGE('',*,*,#822,.F.);
#553=ORIENTED_EDGE('',*,*,#820,.T.);
#554=ORIENTED_EDGE('',*,*,#729,.F.);
#555=ORIENTED_EDGE('',*,*,#823,.F.);
#556=ORIENTED_EDGE('',*,*,#758,.F.);
#557=ORIENTED_EDGE('',*,*,#819,.T.);
#558=ORIENTED_EDGE('',*,*,#761,.F.);
#559=ORIENTED_EDGE('',*,*,#824,.F.);
#560=ORIENTED_EDGE('',*,*,#736,.F.);
#561=ORIENTED_EDGE('',*,*,#823,.T.);
#562=ORIENTED_EDGE('',*,*,#822,.T.);
#563=ORIENTED_EDGE('',*,*,#825,.F.);
#564=ORIENTED_EDGE('',*,*,#676,.T.);
#565=ORIENTED_EDGE('',*,*,#824,.T.);
#566=ORIENTED_EDGE('',*,*,#826,.F.);
#567=ORIENTED_EDGE('',*,*,#825,.T.);
#568=ORIENTED_EDGE('',*,*,#725,.F.);
#569=ORIENTED_EDGE('',*,*,#827,.F.);
#570=ORIENTED_EDGE('',*,*,#759,.F.);
#571=ORIENTED_EDGE('',*,*,#826,.T.);
#572=ORIENTED_EDGE('',*,*,#760,.F.);
#573=ORIENTED_EDGE('',*,*,#828,.F.);
#574=ORIENTED_EDGE('',*,*,#667,.F.);
#575=ORIENTED_EDGE('',*,*,#828,.T.);
#576=ORIENTED_EDGE('',*,*,#827,.T.);
#577=ORIENTED_EDGE('',*,*,#679,.F.);
#578=ORIENTED_EDGE('',*,*,#829,.T.);
#579=ORIENTED_EDGE('',*,*,#830,.T.);
#580=ORIENTED_EDGE('',*,*,#831,.T.);
#581=ORIENTED_EDGE('',*,*,#832,.T.);
#582=ORIENTED_EDGE('',*,*,#833,.T.);
#583=ORIENTED_EDGE('',*,*,#834,.T.);
#584=ORIENTED_EDGE('',*,*,#835,.F.);
#585=ORIENTED_EDGE('',*,*,#817,.F.);
#586=ORIENTED_EDGE('',*,*,#836,.F.);
#587=ORIENTED_EDGE('',*,*,#671,.F.);
#588=ORIENTED_EDGE('',*,*,#836,.T.);
#589=ORIENTED_EDGE('',*,*,#734,.F.);
#590=ORIENTED_EDGE('',*,*,#837,.F.);
#591=ORIENTED_EDGE('',*,*,#796,.T.);
#592=ORIENTED_EDGE('',*,*,#835,.T.);
#593=ORIENTED_EDGE('',*,*,#670,.F.);
#594=ORIENTED_EDGE('',*,*,#838,.F.);
#595=ORIENTED_EDGE('',*,*,#727,.F.);
#596=ORIENTED_EDGE('',*,*,#837,.T.);
#597=ORIENTED_EDGE('',*,*,#733,.F.);
#598=ORIENTED_EDGE('',*,*,#839,.F.);
#599=ORIENTED_EDGE('',*,*,#805,.T.);
#600=ORIENTED_EDGE('',*,*,#838,.T.);
#601=ORIENTED_EDGE('',*,*,#669,.F.);
#602=ORIENTED_EDGE('',*,*,#840,.F.);
#603=ORIENTED_EDGE('',*,*,#821,.F.);
#604=ORIENTED_EDGE('',*,*,#839,.T.);
#605=ORIENTED_EDGE('',*,*,#732,.F.);
#606=ORIENTED_EDGE('',*,*,#841,.F.);
#607=ORIENTED_EDGE('',*,*,#800,.T.);
#608=ORIENTED_EDGE('',*,*,#840,.T.);
#609=ORIENTED_EDGE('',*,*,#809,.T.);
#610=ORIENTED_EDGE('',*,*,#842,.F.);
#611=ORIENTED_EDGE('',*,*,#720,.F.);
#612=ORIENTED_EDGE('',*,*,#662,.T.);
#613=ORIENTED_EDGE('',*,*,#841,.T.);
#614=ORIENTED_EDGE('',*,*,#843,.F.);
#615=ORIENTED_EDGE('',*,*,#844,.F.);
#616=ORIENTED_EDGE('',*,*,#842,.T.);
#617=ORIENTED_EDGE('',*,*,#812,.F.);
#618=ORIENTED_EDGE('',*,*,#845,.F.);
#619=ORIENTED_EDGE('',*,*,#721,.F.);
#620=ORIENTED_EDGE('',*,*,#843,.T.);
#621=ORIENTED_EDGE('',*,*,#731,.F.);
#622=ORIENTED_EDGE('',*,*,#846,.F.);
#623=ORIENTED_EDGE('',*,*,#833,.F.);
#624=ORIENTED_EDGE('',*,*,#844,.T.);
#625=ORIENTED_EDGE('',*,*,#832,.F.);
#626=ORIENTED_EDGE('',*,*,#847,.F.);
#627=ORIENTED_EDGE('',*,*,#663,.F.);
#628=ORIENTED_EDGE('',*,*,#845,.T.);
#629=ORIENTED_EDGE('',*,*,#815,.T.);
#630=ORIENTED_EDGE('',*,*,#848,.F.);
#631=ORIENTED_EDGE('',*,*,#722,.F.);
#632=ORIENTED_EDGE('',*,*,#846,.T.);
#633=ORIENTED_EDGE('',*,*,#730,.F.);
#634=ORIENTED_EDGE('',*,*,#849,.F.);
#635=ORIENTED_EDGE('',*,*,#658,.T.);
#636=ORIENTED_EDGE('',*,*,#847,.T.);
#637=ORIENTED_EDGE('',*,*,#850,.F.);
#638=ORIENTED_EDGE('',*,*,#848,.T.);
#639=ORIENTED_EDGE('',*,*,#849,.T.);
#640=ORIENTED_EDGE('',*,*,#674,.F.);
#641=ORIENTED_EDGE('',*,*,#851,.F.);
#642=ORIENTED_EDGE('',*,*,#834,.F.);
#643=ORIENTED_EDGE('',*,*,#850,.T.);
#644=ORIENTED_EDGE('',*,*,#831,.F.);
#645=ORIENTED_EDGE('',*,*,#852,.F.);
#646=ORIENTED_EDGE('',*,*,#723,.F.);
#647=ORIENTED_EDGE('',*,*,#851,.T.);
#648=ORIENTED_EDGE('',*,*,#665,.F.);
#649=ORIENTED_EDGE('',*,*,#853,.F.);
#650=ORIENTED_EDGE('',*,*,#829,.F.);
#651=ORIENTED_EDGE('',*,*,#724,.F.);
#652=ORIENTED_EDGE('',*,*,#852,.T.);
#653=ORIENTED_EDGE('',*,*,#854,.F.);
#654=ORIENTED_EDGE('',*,*,#853,.T.);
#655=ORIENTED_EDGE('',*,*,#678,.F.);
#656=ORIENTED_EDGE('',*,*,#854,.T.);
#657=ORIENTED_EDGE('',*,*,#830,.F.);
#658=EDGE_CURVE('',#855,#856,#971,.T.);
#659=EDGE_CURVE('',#855,#857,#90,.T.);
#660=EDGE_CURVE('',#857,#858,#91,.F.);
#661=EDGE_CURVE('',#858,#859,#92,.F.);
#662=EDGE_CURVE('',#860,#859,#972,.T.);
#663=EDGE_CURVE('',#860,#856,#93,.T.);
#664=EDGE_CURVE('',#861,#862,#94,.F.);
#665=EDGE_CURVE('',#862,#863,#95,.T.);
#666=EDGE_CURVE('',#863,#864,#96,.T.);
#667=EDGE_CURVE('',#864,#861,#97,.F.);
#668=EDGE_CURVE('',#865,#866,#98,.F.);
#669=EDGE_CURVE('',#866,#867,#973,.F.);
#670=EDGE_CURVE('',#867,#868,#99,.F.);
#671=EDGE_CURVE('',#868,#869,#974,.F.);
#672=EDGE_CURVE('',#869,#870,#100,.T.);
#673=EDGE_CURVE('',#870,#865,#101,.F.);
#674=EDGE_CURVE('',#863,#871,#975,.T.);
#675=EDGE_CURVE('',#872,#871,#102,.F.);
#676=EDGE_CURVE('',#864,#872,#976,.T.);
#677=EDGE_CURVE('',#873,#874,#103,.T.);
#678=EDGE_CURVE('',#873,#862,#977,.T.);
#679=EDGE_CURVE('',#861,#874,#978,.F.);
#680=EDGE_CURVE('',#875,#875,#979,.T.);
#681=EDGE_CURVE('',#876,#877,#104,.T.);
#682=EDGE_CURVE('',#876,#878,#105,.T.);
#683=EDGE_CURVE('',#879,#878,#106,.T.);
#684=EDGE_CURVE('',#879,#880,#107,.T.);
#685=EDGE_CURVE('',#880,#877,#108,.T.);
#686=EDGE_CURVE('',#881,#881,#980,.T.);
#687=EDGE_CURVE('',#882,#883,#109,.T.);
#688=EDGE_CURVE('',#882,#884,#110,.T.);
#689=EDGE_CURVE('',#885,#884,#111,.T.);
#690=EDGE_CURVE('',#886,#885,#112,.T.);
#691=EDGE_CURVE('',#886,#883,#113,.T.);
#692=EDGE_CURVE('',#887,#888,#114,.T.);
#693=EDGE_CURVE('',#888,#889,#981,.T.);
#694=EDGE_CURVE('',#889,#890,#115,.F.);
#695=EDGE_CURVE('',#890,#887,#982,.F.);
#696=EDGE_CURVE('',#891,#892,#983,.T.);
#697=EDGE_CURVE('',#891,#893,#116,.T.);
#698=EDGE_CURVE('',#894,#893,#984,.T.);
#699=EDGE_CURVE('',#894,#895,#117,.F.);
#700=EDGE_CURVE('',#895,#896,#985,.T.);
#701=EDGE_CURVE('',#896,#892,#118,.F.);
#702=EDGE_CURVE('',#897,#898,#119,.T.);
#703=EDGE_CURVE('',#898,#899,#120,.F.);
#704=EDGE_CURVE('',#899,#900,#121,.F.);
#705=EDGE_CURVE('',#900,#897,#122,.T.);
#706=EDGE_CURVE('',#901,#901,#986,.T.);
#707=EDGE_CURVE('',#902,#902,#987,.T.);
#708=EDGE_CURVE('',#903,#903,#988,.T.);
#709=EDGE_CURVE('',#904,#904,#989,.T.);
#710=EDGE_CURVE('',#905,#905,#990,.T.);
#711=EDGE_CURVE('',#906,#907,#123,.F.);
#712=EDGE_CURVE('',#907,#908,#124,.T.);
#713=EDGE_CURVE('',#908,#909,#125,.T.);
#714=EDGE_CURVE('',#910,#909,#991,.F.);
#715=EDGE_CURVE('',#910,#911,#992,.F.);
#716=EDGE_CURVE('',#906,#911,#993,.F.);
#717=EDGE_CURVE('',#912,#913,#994,.T.);
#718=EDGE_CURVE('',#912,#913,#126,.T.);
#719=EDGE_CURVE('',#914,#915,#127,.F.);
#720=EDGE_CURVE('',#915,#916,#128,.F.);
#721=EDGE_CURVE('',#916,#917,#995,.T.);
#722=EDGE_CURVE('',#917,#918,#129,.T.);
#723=EDGE_CURVE('',#918,#919,#130,.F.);
#724=EDGE_CURVE('',#919,#873,#40,.T.);
#725=EDGE_CURVE('',#874,#914,#131,.F.);
#726=EDGE_CURVE('',#920,#921,#132,.F.);
#727=EDGE_CURVE('',#921,#922,#133,.T.);
#728=EDGE_CURVE('',#922,#923,#134,.T.);
#729=EDGE_CURVE('',#923,#920,#135,.T.);
#730=EDGE_CURVE('',#871,#924,#41,.F.);
#731=EDGE_CURVE('',#924,#925,#136,.T.);
#732=EDGE_CURVE('',#925,#926,#137,.T.);
#733=EDGE_CURVE('',#926,#927,#996,.F.);
#734=EDGE_CURVE('',#927,#928,#138,.T.);
#735=EDGE_CURVE('',#928,#929,#139,.T.);
#736=EDGE_CURVE('',#929,#872,#140,.T.);
#737=EDGE_CURVE('',#930,#930,#997,.T.);
#738=EDGE_CURVE('',#912,#931,#141,.T.);
#739=EDGE_CURVE('',#913,#932,#142,.T.);
#740=EDGE_CURVE('',#931,#932,#143,.T.);
#741=EDGE_CURVE('',#931,#932,#998,.T.);
#742=EDGE_CURVE('',#933,#933,#999,.T.);
#743=EDGE_CURVE('',#934,#935,#144,.T.);
#744=EDGE_CURVE('',#936,#934,#145,.T.);
#745=EDGE_CURVE('',#936,#937,#146,.T.);
#746=EDGE_CURVE('',#937,#935,#147,.T.);
#747=EDGE_CURVE('',#884,#877,#148,.T.);
#748=EDGE_CURVE('',#885,#880,#149,.T.);
#749=EDGE_CURVE('',#883,#878,#150,.T.);
#750=EDGE_CURVE('',#886,#879,#151,.T.);
#751=EDGE_CURVE('',#934,#935,#1000,.T.);
#752=EDGE_CURVE('',#936,#937,#1001,.T.);
#753=EDGE_CURVE('',#938,#938,#1002,.T.);
#754=EDGE_CURVE('',#939,#939,#1003,.T.);
#755=EDGE_CURVE('',#940,#940,#1004,.T.);
#756=EDGE_CURVE('',#941,#941,#1005,.T.);
#757=EDGE_CURVE('',#942,#942,#1006,.T.);
#758=EDGE_CURVE('',#943,#944,#152,.F.);
#759=EDGE_CURVE('',#944,#945,#153,.T.);
#760=EDGE_CURVE('',#945,#946,#154,.T.);
#761=EDGE_CURVE('',#946,#943,#155,.F.);
#762=EDGE_CURVE('',#947,#948,#156,.F.);
#763=EDGE_CURVE('',#948,#949,#157,.T.);
#764=EDGE_CURVE('',#949,#950,#158,.T.);
#765=EDGE_CURVE('',#950,#951,#159,.T.);
#766=EDGE_CURVE('',#952,#951,#42,.T.);
#767=EDGE_CURVE('',#952,#953,#160,.T.);
#768=EDGE_CURVE('',#953,#947,#161,.F.);
#769=EDGE_CURVE('',#954,#955,#162,.F.);
#770=EDGE_CURVE('',#955,#956,#163,.F.);
#771=EDGE_CURVE('',#956,#957,#164,.T.);
#772=EDGE_CURVE('',#957,#958,#165,.T.);
#773=EDGE_CURVE('',#958,#959,#166,.T.);
#774=EDGE_CURVE('',#960,#959,#43,.T.);
#775=EDGE_CURVE('',#960,#954,#167,.T.);
#776=EDGE_CURVE('',#953,#889,#1007,.T.);
#777=EDGE_CURVE('',#890,#952,#1008,.T.);
#778=EDGE_CURVE('',#953,#909,#1009,.F.);
#779=EDGE_CURVE('',#910,#889,#1010,.F.);
#780=EDGE_CURVE('',#896,#951,#1011,.F.);
#781=EDGE_CURVE('',#890,#896,#44,.F.);
#782=EDGE_CURVE('',#911,#888,#1012,.T.);
#783=EDGE_CURVE('',#947,#908,#1013,.T.);
#784=EDGE_CURVE('',#892,#950,#1014,.T.);
#785=EDGE_CURVE('',#887,#895,#45,.T.);
#786=EDGE_CURVE('',#888,#958,#1015,.T.);
#787=EDGE_CURVE('',#959,#887,#1016,.T.);
#788=EDGE_CURVE('',#906,#958,#1017,.F.);
#789=EDGE_CURVE('',#947,#870,#1018,.F.);
#790=EDGE_CURVE('',#870,#908,#1019,.F.);
#791=EDGE_CURVE('',#899,#950,#1020,.T.);
#792=EDGE_CURVE('',#891,#899,#1021,.F.);
#793=EDGE_CURVE('',#960,#895,#1022,.F.);
#794=EDGE_CURVE('',#907,#957,#1023,.T.);
#795=EDGE_CURVE('',#865,#907,#1024,.T.);
#796=EDGE_CURVE('',#961,#869,#168,.T.);
#797=EDGE_CURVE('',#948,#961,#1025,.T.);
#798=EDGE_CURVE('',#949,#858,#1026,.T.);
#799=EDGE_CURVE('',#962,#948,#1027,.T.);
#800=EDGE_CURVE('',#859,#962,#169,.F.);
#801=EDGE_CURVE('',#900,#949,#1028,.T.);
#802=EDGE_CURVE('',#893,#898,#1029,.T.);
#803=EDGE_CURVE('',#954,#894,#1030,.T.);
#804=EDGE_CURVE('',#865,#957,#1031,.F.);
#805=EDGE_CURVE('',#962,#961,#1032,.F.);
#806=EDGE_CURVE('',#900,#858,#1033,.F.);
#807=EDGE_CURVE('',#954,#898,#1034,.T.);
#808=EDGE_CURVE('',#963,#956,#1035,.T.);
#809=EDGE_CURVE('',#866,#963,#170,.F.);
#810=EDGE_CURVE('',#897,#857,#1036,.T.);
#811=EDGE_CURVE('',#955,#897,#1037,.T.);
#812=EDGE_CURVE('',#964,#963,#1038,.T.);
#813=EDGE_CURVE('',#964,#956,#1039,.F.);
#814=EDGE_CURVE('',#955,#857,#1040,.F.);
#815=EDGE_CURVE('',#964,#855,#171,.T.);
#816=EDGE_CURVE('',#882,#876,#172,.T.);
#817=EDGE_CURVE('',#928,#921,#1041,.T.);
#818=EDGE_CURVE('',#929,#920,#1042,.T.);
#819=EDGE_CURVE('',#929,#943,#1043,.F.);
#820=EDGE_CURVE('',#943,#920,#1044,.F.);
#821=EDGE_CURVE('',#922,#915,#1045,.T.);
#822=EDGE_CURVE('',#923,#914,#1046,.T.);
#823=EDGE_CURVE('',#944,#923,#1047,.T.);
#824=EDGE_CURVE('',#872,#946,#1048,.T.);
#825=EDGE_CURVE('',#944,#914,#1049,.F.);
#826=EDGE_CURVE('',#864,#946,#1050,.F.);
#827=EDGE_CURVE('',#945,#874,#1051,.T.);
#828=EDGE_CURVE('',#861,#945,#1052,.T.);
#829=EDGE_CURVE('',#965,#966,#173,.F.);
#830=EDGE_CURVE('',#966,#967,#1053,.F.);
#831=EDGE_CURVE('',#967,#968,#174,.T.);
#832=EDGE_CURVE('',#968,#969,#175,.F.);
#833=EDGE_CURVE('',#969,#970,#176,.F.);
#834=EDGE_CURVE('',#970,#965,#1054,.F.);
#835=EDGE_CURVE('',#921,#868,#1055,.T.);
#836=EDGE_CURVE('',#869,#928,#1056,.T.);
#837=EDGE_CURVE('',#961,#927,#1057,.T.);
#838=EDGE_CURVE('',#922,#867,#1058,.T.);
#839=EDGE_CURVE('',#962,#926,#1059,.T.);
#840=EDGE_CURVE('',#915,#866,#1060,.T.);
#841=EDGE_CURVE('',#859,#925,#1061,.T.);
#842=EDGE_CURVE('',#916,#963,#1062,.T.);
#843=EDGE_CURVE('',#969,#925,#1063,.T.);
#844=EDGE_CURVE('',#860,#969,#1064,.F.);
#845=EDGE_CURVE('',#917,#964,#1065,.T.);
#846=EDGE_CURVE('',#970,#924,#1066,.T.);
#847=EDGE_CURVE('',#856,#968,#1067,.T.);
#848=EDGE_CURVE('',#918,#855,#1068,.T.);
#849=EDGE_CURVE('',#970,#871,#46,.T.);
#850=EDGE_CURVE('',#918,#968,#1069,.T.);
#851=EDGE_CURVE('',#965,#863,#1070,.T.);
#852=EDGE_CURVE('',#919,#967,#1071,.T.);
#853=EDGE_CURVE('',#966,#862,#1072,.T.);
#854=EDGE_CURVE('',#873,#967,#47,.F.);
#855=VERTEX_POINT('',#2101);
#856=VERTEX_POINT('',#2102);
#857=VERTEX_POINT('',#2104);
#858=VERTEX_POINT('',#2106);
#859=VERTEX_POINT('',#2108);
#860=VERTEX_POINT('',#2110);
#861=VERTEX_POINT('',#2114);
#862=VERTEX_POINT('',#2115);
#863=VERTEX_POINT('',#2117);
#864=VERTEX_POINT('',#2119);
#865=VERTEX_POINT('',#2123);
#866=VERTEX_POINT('',#2124);
#867=VERTEX_POINT('',#2126);
#868=VERTEX_POINT('',#2128);
#869=VERTEX_POINT('',#2130);
#870=VERTEX_POINT('',#2132);
#871=VERTEX_POINT('',#2136);
#872=VERTEX_POINT('',#2138);
#873=VERTEX_POINT('',#2142);
#874=VERTEX_POINT('',#2143);
#875=VERTEX_POINT('',#2148);
#876=VERTEX_POINT('',#2150);
#877=VERTEX_POINT('',#2151);
#878=VERTEX_POINT('',#2153);
#879=VERTEX_POINT('',#2155);
#880=VERTEX_POINT('',#2157);
#881=VERTEX_POINT('',#2161);
#882=VERTEX_POINT('',#2163);
#883=VERTEX_POINT('',#2164);
#884=VERTEX_POINT('',#2166);
#885=VERTEX_POINT('',#2168);
#886=VERTEX_POINT('',#2170);
#887=VERTEX_POINT('',#2174);
#888=VERTEX_POINT('',#2175);
#889=VERTEX_POINT('',#2177);
#890=VERTEX_POINT('',#2179);
#891=VERTEX_POINT('',#2183);
#892=VERTEX_POINT('',#2184);
#893=VERTEX_POINT('',#2186);
#894=VERTEX_POINT('',#2188);
#895=VERTEX_POINT('',#2190);
#896=VERTEX_POINT('',#2192);
#897=VERTEX_POINT('',#2196);
#898=VERTEX_POINT('',#2197);
#899=VERTEX_POINT('',#2199);
#900=VERTEX_POINT('',#2201);
#901=VERTEX_POINT('',#2204);
#902=VERTEX_POINT('',#2206);
#903=VERTEX_POINT('',#2208);
#904=VERTEX_POINT('',#2210);
#905=VERTEX_POINT('',#2212);
#906=VERTEX_POINT('',#2215);
#907=VERTEX_POINT('',#2216);
#908=VERTEX_POINT('',#2218);
#909=VERTEX_POINT('',#2220);
#910=VERTEX_POINT('',#2222);
#911=VERTEX_POINT('',#2224);
#912=VERTEX_POINT('',#2227);
#913=VERTEX_POINT('',#2228);
#914=VERTEX_POINT('',#2232);
#915=VERTEX_POINT('',#2233);
#916=VERTEX_POINT('',#2235);
#917=VERTEX_POINT('',#2237);
#918=VERTEX_POINT('',#2239);
#919=VERTEX_POINT('',#2241);
#920=VERTEX_POINT('',#2250);
#921=VERTEX_POINT('',#2251);
#922=VERTEX_POINT('',#2253);
#923=VERTEX_POINT('',#2255);
#924=VERTEX_POINT('',#2263);
#925=VERTEX_POINT('',#2265);
#926=VERTEX_POINT('',#2267);
#927=VERTEX_POINT('',#2269);
#928=VERTEX_POINT('',#2271);
#929=VERTEX_POINT('',#2273);
#930=VERTEX_POINT('',#2277);
#931=VERTEX_POINT('',#2279);
#932=VERTEX_POINT('',#2281);
#933=VERTEX_POINT('',#2287);
#934=VERTEX_POINT('',#2289);
#935=VERTEX_POINT('',#2290);
#936=VERTEX_POINT('',#2292);
#937=VERTEX_POINT('',#2294);
#938=VERTEX_POINT('',#2309);
#939=VERTEX_POINT('',#2312);
#940=VERTEX_POINT('',#2315);
#941=VERTEX_POINT('',#2318);
#942=VERTEX_POINT('',#2321);
#943=VERTEX_POINT('',#2324);
#944=VERTEX_POINT('',#2325);
#945=VERTEX_POINT('',#2327);
#946=VERTEX_POINT('',#2329);
#947=VERTEX_POINT('',#2333);
#948=VERTEX_POINT('',#2334);
#949=VERTEX_POINT('',#2336);
#950=VERTEX_POINT('',#2338);
#951=VERTEX_POINT('',#2340);
#952=VERTEX_POINT('',#2348);
#953=VERTEX_POINT('',#2350);
#954=VERTEX_POINT('',#2354);
#955=VERTEX_POINT('',#2355);
#956=VERTEX_POINT('',#2357);
#957=VERTEX_POINT('',#2359);
#958=VERTEX_POINT('',#2361);
#959=VERTEX_POINT('',#2363);
#960=VERTEX_POINT('',#2371);
#961=VERTEX_POINT('',#2463);
#962=VERTEX_POINT('',#2468);
#963=VERTEX_POINT('',#2486);
#964=VERTEX_POINT('',#2494);
#965=VERTEX_POINT('',#2529);
#966=VERTEX_POINT('',#2530);
#967=VERTEX_POINT('',#2532);
#968=VERTEX_POINT('',#2534);
#969=VERTEX_POINT('',#2536);
#970=VERTEX_POINT('',#2538);
#971=CIRCLE('',#1437,0.002);
#972=CIRCLE('',#1438,0.002);
#973=CIRCLE('',#1441,0.003);
#974=CIRCLE('',#1442,0.003);
#975=CIRCLE('',#1444,0.002);
#976=CIRCLE('',#1445,0.002);
#977=CIRCLE('',#1447,0.002);
#978=CIRCLE('',#1448,0.002);
#979=CIRCLE('',#1450,0.00165);
#980=CIRCLE('',#1452,0.00165);
#981=CIRCLE('',#1454,0.045);
#982=CIRCLE('',#1455,0.045);
#983=CIRCLE('',#1457,0.004);
#984=CIRCLE('',#1458,0.004);
#985=CIRCLE('',#1459,0.043);
#986=CIRCLE('',#1461,0.0026);
#987=CIRCLE('',#1462,0.0026);
#988=CIRCLE('',#1463,0.019);
#989=CIRCLE('',#1464,0.0026);
#990=CIRCLE('',#1465,0.0026);
#991=CIRCLE('',#1467,0.004);
#992=CIRCLE('',#1468,0.043);
#993=CIRCLE('',#1469,0.004);
#994=CIRCLE('',#1470,0.0135);
#995=CIRCLE('',#1472,0.001);
#996=CIRCLE('',#1475,0.001);
#997=CIRCLE('',#1477,0.00165);
#998=CIRCLE('',#1479,0.0135);
#999=CIRCLE('',#1481,0.00165);
#1000=CIRCLE('',#1485,0.004);
#1001=CIRCLE('',#1486,0.004);
#1002=CIRCLE('',#1490,0.0026);
#1003=CIRCLE('',#1492,0.019);
#1004=CIRCLE('',#1494,0.0026);
#1005=CIRCLE('',#1496,0.0026);
#1006=CIRCLE('',#1498,0.0026);
#1007=CIRCLE('',#1503,0.002);
#1008=CIRCLE('',#1504,0.002);
#1009=CIRCLE('',#1506,0.002);
#1010=CIRCLE('',#1507,0.002);
#1011=CIRCLE('',#1508,0.002);
#1012=CIRCLE('',#1510,0.002);
#1013=CIRCLE('',#1512,0.002);
#1014=CIRCLE('',#1514,0.002);
#1015=CIRCLE('',#1517,0.002);
#1016=CIRCLE('',#1518,0.002);
#1017=CIRCLE('',#1520,0.002);
#1018=CIRCLE('',#1522,0.002);
#1019=CIRCLE('',#1523,0.002);
#1020=CIRCLE('',#1525,0.002);
#1021=CIRCLE('',#1526,0.002);
#1022=CIRCLE('',#1527,0.002);
#1023=CIRCLE('',#1529,0.002);
#1024=CIRCLE('',#1531,0.002);
#1025=CIRCLE('',#1533,0.002);
#1026=CIRCLE('',#1535,0.002);
#1027=CIRCLE('',#1536,0.002);
#1028=CIRCLE('',#1538,0.002);
#1029=CIRCLE('',#1540,0.002);
#1030=CIRCLE('',#1542,0.002);
#1031=CIRCLE('',#1544,0.002);
#1032=CIRCLE('',#1546,0.002);
#1033=CIRCLE('',#1548,0.002);
#1034=CIRCLE('',#1550,0.002);
#1035=CIRCLE('',#1552,0.002);
#1036=CIRCLE('',#1554,0.002);
#1037=CIRCLE('',#1556,0.002);
#1038=CIRCLE('',#1558,0.002);
#1039=CIRCLE('',#1559,0.002);
#1040=CIRCLE('',#1561,0.002);
#1041=CIRCLE('',#1568,0.002);
#1042=CIRCLE('',#1569,0.002);
#1043=CIRCLE('',#1571,0.002);
#1044=CIRCLE('',#1572,0.002);
#1045=CIRCLE('',#1574,0.002);
#1046=CIRCLE('',#1575,0.002);
#1047=CIRCLE('',#1577,0.002);
#1048=CIRCLE('',#1579,0.002);
#1049=CIRCLE('',#1581,0.002);
#1050=CIRCLE('',#1583,0.002);
#1051=CIRCLE('',#1585,0.002);
#1052=CIRCLE('',#1587,0.002);
#1053=CIRCLE('',#1590,0.003);
#1054=CIRCLE('',#1591,0.003);
#1055=CIRCLE('',#1593,0.001);
#1056=CIRCLE('',#1594,0.001);
#1057=CIRCLE('',#1596,0.001);
#1058=CIRCLE('',#1598,0.001);
#1059=CIRCLE('',#1600,0.001);
#1060=CIRCLE('',#1602,0.001);
#1061=CIRCLE('',#1604,0.001);
#1062=CIRCLE('',#1606,0.001);
#1063=CIRCLE('',#1608,0.001);
#1064=CIRCLE('',#1609,0.001);
#1065=CIRCLE('',#1611,0.001);
#1066=CIRCLE('',#1613,0.001);
#1067=CIRCLE('',#1615,0.001);
#1068=CIRCLE('',#1617,0.001);
#1069=CIRCLE('',#1619,0.001);
#1070=CIRCLE('',#1621,0.001);
#1071=CIRCLE('',#1623,0.001);
#1072=CIRCLE('',#1625,0.001);
#1073=EDGE_LOOP('',(#264,#265,#266,#267,#268,#269));
#1074=EDGE_LOOP('',(#270,#271,#272,#273));
#1075=EDGE_LOOP('',(#274,#275,#276,#277,#278,#279));
#1076=EDGE_LOOP('',(#280,#281,#282,#283));
#1077=EDGE_LOOP('',(#284,#285,#286,#287));
#1078=EDGE_LOOP('',(#288));
#1079=EDGE_LOOP('',(#289,#290,#291,#292,#293));
#1080=EDGE_LOOP('',(#294));
#1081=EDGE_LOOP('',(#295,#296,#297,#298,#299));
#1082=EDGE_LOOP('',(#300,#301,#302,#303));
#1083=EDGE_LOOP('',(#304,#305,#306,#307,#308,#309));
#1084=EDGE_LOOP('',(#310,#311,#312,#313));
#1085=EDGE_LOOP('',(#314));
#1086=EDGE_LOOP('',(#315));
#1087=EDGE_LOOP('',(#316));
#1088=EDGE_LOOP('',(#317));
#1089=EDGE_LOOP('',(#318));
#1090=EDGE_LOOP('',(#319,#320,#321,#322,#323,#324));
#1091=EDGE_LOOP('',(#325,#326));
#1092=EDGE_LOOP('',(#327,#328,#329,#330,#331,#332,#333,#334));
#1093=EDGE_LOOP('',(#335,#336,#337,#338));
#1094=EDGE_LOOP('',(#339,#340,#341,#342,#343,#344,#345,#346));
#1095=EDGE_LOOP('',(#347));
#1096=EDGE_LOOP('',(#348,#349,#350,#351));
#1097=EDGE_LOOP('',(#352,#353,#354,#355));
#1098=EDGE_LOOP('',(#356));
#1099=EDGE_LOOP('',(#357,#358,#359,#360));
#1100=EDGE_LOOP('',(#361,#362,#363,#364));
#1101=EDGE_LOOP('',(#365,#366,#367,#368));
#1102=EDGE_LOOP('',(#369,#370,#371,#372));
#1103=EDGE_LOOP('',(#373,#374,#375,#376));
#1104=EDGE_LOOP('',(#377,#378));
#1105=EDGE_LOOP('',(#379,#380));
#1106=EDGE_LOOP('',(#381,#382));
#1107=EDGE_LOOP('',(#383));
#1108=EDGE_LOOP('',(#384));
#1109=EDGE_LOOP('',(#385));
#1110=EDGE_LOOP('',(#386));
#1111=EDGE_LOOP('',(#387));
#1112=EDGE_LOOP('',(#388));
#1113=EDGE_LOOP('',(#389));
#1114=EDGE_LOOP('',(#390));
#1115=EDGE_LOOP('',(#391));
#1116=EDGE_LOOP('',(#392));
#1117=EDGE_LOOP('',(#393,#394,#395,#396));
#1118=EDGE_LOOP('',(#397));
#1119=EDGE_LOOP('',(#398));
#1120=EDGE_LOOP('',(#399));
#1121=EDGE_LOOP('',(#400));
#1122=EDGE_LOOP('',(#401));
#1123=EDGE_LOOP('',(#402,#403,#404,#405,#406,#407,#408));
#1124=EDGE_LOOP('',(#409,#410,#411,#412,#413,#414,#415));
#1125=EDGE_LOOP('',(#416,#417,#418,#419));
#1126=EDGE_LOOP('',(#420,#421,#422,#423));
#1127=EDGE_LOOP('',(#424,#425,#426,#427));
#1128=EDGE_LOOP('',(#428,#429,#430,#431));
#1129=EDGE_LOOP('',(#432,#433,#434,#435));
#1130=EDGE_LOOP('',(#436,#437,#438,#439));
#1131=EDGE_LOOP('',(#440,#441,#442,#443));
#1132=EDGE_LOOP('',(#444,#445,#446,#447));
#1133=EDGE_LOOP('',(#448,#449,#450,#451));
#1134=EDGE_LOOP('',(#452,#453,#454));
#1135=EDGE_LOOP('',(#455,#456,#457,#458));
#1136=EDGE_LOOP('',(#459,#460,#461,#462));
#1137=EDGE_LOOP('',(#463,#464,#465,#466));
#1138=EDGE_LOOP('',(#467,#468,#469,#470));
#1139=EDGE_LOOP('',(#471,#472,#473,#474,#475));
#1140=EDGE_LOOP('',(#476,#477,#478,#479,#480));
#1141=EDGE_LOOP('',(#481,#482,#483,#484));
#1142=EDGE_LOOP('',(#485,#486,#487,#488));
#1143=EDGE_LOOP('',(#489,#490,#491,#492));
#1144=EDGE_LOOP('',(#493,#494,#495));
#1145=EDGE_LOOP('',(#496,#497,#498));
#1146=EDGE_LOOP('',(#499,#500,#501));
#1147=EDGE_LOOP('',(#502,#503,#504,#505));
#1148=EDGE_LOOP('',(#506,#507,#508,#509,#510));
#1149=EDGE_LOOP('',(#511,#512,#513,#514));
#1150=EDGE_LOOP('',(#515,#516,#517,#518));
#1151=EDGE_LOOP('',(#519,#520,#521));
#1152=EDGE_LOOP('',(#522,#523,#524));
#1153=EDGE_LOOP('',(#525,#526,#527,#528,#529));
#1154=EDGE_LOOP('',(#530));
#1155=EDGE_LOOP('',(#531));
#1156=EDGE_LOOP('',(#532));
#1157=EDGE_LOOP('',(#533));
#1158=EDGE_LOOP('',(#534,#535,#536,#537));
#1159=EDGE_LOOP('',(#538,#539,#540,#541));
#1160=EDGE_LOOP('',(#542,#543,#544,#545));
#1161=EDGE_LOOP('',(#546,#547,#548));
#1162=EDGE_LOOP('',(#549,#550,#551,#552));
#1163=EDGE_LOOP('',(#553,#554,#555,#556));
#1164=EDGE_LOOP('',(#557,#558,#559,#560));
#1165=EDGE_LOOP('',(#561,#562,#563));
#1166=EDGE_LOOP('',(#564,#565,#566));
#1167=EDGE_LOOP('',(#567,#568,#569,#570));
#1168=EDGE_LOOP('',(#571,#572,#573,#574));
#1169=EDGE_LOOP('',(#575,#576,#577));
#1170=EDGE_LOOP('',(#578,#579,#580,#581,#582,#583));
#1171=EDGE_LOOP('',(#584,#585,#586,#587));
#1172=EDGE_LOOP('',(#588,#589,#590,#591));
#1173=EDGE_LOOP('',(#592,#593,#594,#595));
#1174=EDGE_LOOP('',(#596,#597,#598,#599));
#1175=EDGE_LOOP('',(#600,#601,#602,#603));
#1176=EDGE_LOOP('',(#604,#605,#606,#607));
#1177=EDGE_LOOP('',(#608,#609,#610,#611));
#1178=EDGE_LOOP('',(#612,#613,#614,#615));
#1179=EDGE_LOOP('',(#616,#617,#618,#619));
#1180=EDGE_LOOP('',(#620,#621,#622,#623));
#1181=EDGE_LOOP('',(#624,#625,#626,#627));
#1182=EDGE_LOOP('',(#628,#629,#630,#631));
#1183=EDGE_LOOP('',(#632,#633,#634));
#1184=EDGE_LOOP('',(#635,#636,#637,#638));
#1185=EDGE_LOOP('',(#639,#640,#641,#642));
#1186=EDGE_LOOP('',(#643,#644,#645,#646));
#1187=EDGE_LOOP('',(#647,#648,#649,#650));
#1188=EDGE_LOOP('',(#651,#652,#653));
#1189=EDGE_LOOP('',(#654,#655,#656,#657));
#1190=FACE_BOUND('',#1073,.T.);
#1191=FACE_BOUND('',#1074,.T.);
#1192=FACE_BOUND('',#1075,.T.);
#1193=FACE_BOUND('',#1076,.T.);
#1194=FACE_BOUND('',#1077,.T.);
#1195=FACE_BOUND('',#1078,.T.);
#1196=FACE_BOUND('',#1079,.T.);
#1197=FACE_BOUND('',#1080,.T.);
#1198=FACE_BOUND('',#1081,.T.);
#1199=FACE_BOUND('',#1082,.T.);
#1200=FACE_BOUND('',#1083,.T.);
#1201=FACE_BOUND('',#1084,.T.);
#1202=FACE_BOUND('',#1085,.T.);
#1203=FACE_BOUND('',#1086,.T.);
#1204=FACE_BOUND('',#1087,.T.);
#1205=FACE_BOUND('',#1088,.T.);
#1206=FACE_BOUND('',#1089,.T.);
#1207=FACE_BOUND('',#1090,.T.);
#1208=FACE_BOUND('',#1091,.T.);
#1209=FACE_BOUND('',#1092,.T.);
#1210=FACE_BOUND('',#1093,.T.);
#1211=FACE_BOUND('',#1094,.T.);
#1212=FACE_BOUND('',#1095,.T.);
#1213=FACE_BOUND('',#1096,.T.);
#1214=FACE_BOUND('',#1097,.T.);
#1215=FACE_BOUND('',#1098,.T.);
#1216=FACE_BOUND('',#1099,.T.);
#1217=FACE_BOUND('',#1100,.T.);
#1218=FACE_BOUND('',#1101,.T.);
#1219=FACE_BOUND('',#1102,.T.);
#1220=FACE_BOUND('',#1103,.T.);
#1221=FACE_BOUND('',#1104,.T.);
#1222=FACE_BOUND('',#1105,.T.);
#1223=FACE_BOUND('',#1106,.T.);
#1224=FACE_BOUND('',#1107,.T.);
#1225=FACE_BOUND('',#1108,.T.);
#1226=FACE_BOUND('',#1109,.T.);
#1227=FACE_BOUND('',#1110,.T.);
#1228=FACE_BOUND('',#1111,.T.);
#1229=FACE_BOUND('',#1112,.T.);
#1230=FACE_BOUND('',#1113,.T.);
#1231=FACE_BOUND('',#1114,.T.);
#1232=FACE_BOUND('',#1115,.T.);
#1233=FACE_BOUND('',#1116,.T.);
#1234=FACE_BOUND('',#1117,.T.);
#1235=FACE_BOUND('',#1118,.T.);
#1236=FACE_BOUND('',#1119,.T.);
#1237=FACE_BOUND('',#1120,.T.);
#1238=FACE_BOUND('',#1121,.T.);
#1239=FACE_BOUND('',#1122,.T.);
#1240=FACE_BOUND('',#1123,.T.);
#1241=FACE_BOUND('',#1124,.T.);
#1242=FACE_BOUND('',#1125,.T.);
#1243=FACE_BOUND('',#1126,.T.);
#1244=FACE_BOUND('',#1127,.T.);
#1245=FACE_BOUND('',#1128,.T.);
#1246=FACE_BOUND('',#1129,.T.);
#1247=FACE_BOUND('',#1130,.T.);
#1248=FACE_BOUND('',#1131,.T.);
#1249=FACE_BOUND('',#1132,.T.);
#1250=FACE_BOUND('',#1133,.T.);
#1251=FACE_BOUND('',#1134,.T.);
#1252=FACE_BOUND('',#1135,.T.);
#1253=FACE_BOUND('',#1136,.T.);
#1254=FACE_BOUND('',#1137,.T.);
#1255=FACE_BOUND('',#1138,.T.);
#1256=FACE_BOUND('',#1139,.T.);
#1257=FACE_BOUND('',#1140,.T.);
#1258=FACE_BOUND('',#1141,.T.);
#1259=FACE_BOUND('',#1142,.T.);
#1260=FACE_BOUND('',#1143,.T.);
#1261=FACE_BOUND('',#1144,.T.);
#1262=FACE_BOUND('',#1145,.T.);
#1263=FACE_BOUND('',#1146,.T.);
#1264=FACE_BOUND('',#1147,.T.);
#1265=FACE_BOUND('',#1148,.T.);
#1266=FACE_BOUND('',#1149,.T.);
#1267=FACE_BOUND('',#1150,.T.);
#1268=FACE_BOUND('',#1151,.T.);
#1269=FACE_BOUND('',#1152,.T.);
#1270=FACE_BOUND('',#1153,.T.);
#1271=FACE_BOUND('',#1154,.T.);
#1272=FACE_BOUND('',#1155,.T.);
#1273=FACE_BOUND('',#1156,.T.);
#1274=FACE_BOUND('',#1157,.T.);
#1275=FACE_BOUND('',#1158,.T.);
#1276=FACE_BOUND('',#1159,.T.);
#1277=FACE_BOUND('',#1160,.T.);
#1278=FACE_BOUND('',#1161,.T.);
#1279=FACE_BOUND('',#1162,.T.);
#1280=FACE_BOUND('',#1163,.T.);
#1281=FACE_BOUND('',#1164,.T.);
#1282=FACE_BOUND('',#1165,.T.);
#1283=FACE_BOUND('',#1166,.T.);
#1284=FACE_BOUND('',#1167,.T.);
#1285=FACE_BOUND('',#1168,.T.);
#1286=FACE_BOUND('',#1169,.T.);
#1287=FACE_BOUND('',#1170,.T.);
#1288=FACE_BOUND('',#1171,.T.);
#1289=FACE_BOUND('',#1172,.T.);
#1290=FACE_BOUND('',#1173,.T.);
#1291=FACE_BOUND('',#1174,.T.);
#1292=FACE_BOUND('',#1175,.T.);
#1293=FACE_BOUND('',#1176,.T.);
#1294=FACE_BOUND('',#1177,.T.);
#1295=FACE_BOUND('',#1178,.T.);
#1296=FACE_BOUND('',#1179,.T.);
#1297=FACE_BOUND('',#1180,.T.);
#1298=FACE_BOUND('',#1181,.T.);
#1299=FACE_BOUND('',#1182,.T.);
#1300=FACE_BOUND('',#1183,.T.);
#1301=FACE_BOUND('',#1184,.T.);
#1302=FACE_BOUND('',#1185,.T.);
#1303=FACE_BOUND('',#1186,.T.);
#1304=FACE_BOUND('',#1187,.T.);
#1305=FACE_BOUND('',#1188,.T.);
#1306=FACE_BOUND('',#1189,.T.);
#1307=PLANE('',#1436);
#1308=PLANE('',#1439);
#1309=PLANE('',#1440);
#1310=PLANE('',#1449);
#1311=PLANE('',#1451);
#1312=PLANE('',#1456);
#1313=PLANE('',#1460);
#1314=PLANE('',#1466);
#1315=PLANE('',#1471);
#1316=PLANE('',#1473);
#1317=PLANE('',#1474);
#1318=PLANE('',#1476);
#1319=PLANE('',#1480);
#1320=PLANE('',#1482);
#1321=PLANE('',#1483);
#1322=PLANE('',#1487);
#1323=PLANE('',#1488);
#1324=PLANE('',#1499);
#1325=PLANE('',#1500);
#1326=PLANE('',#1501);
#1327=PLANE('',#1565);
#1328=PLANE('',#1566);
#1329=PLANE('',#1589);
#1330=ADVANCED_FACE('',(#1190),#1307,.T.);
#1331=ADVANCED_FACE('',(#1191),#1308,.T.);
#1332=ADVANCED_FACE('',(#1192),#1309,.T.);
#1333=ADVANCED_FACE('',(#1193),#48,.F.);
#1334=ADVANCED_FACE('',(#1194),#49,.F.);
#1335=ADVANCED_FACE('',(#1195,#1196),#1310,.T.);
#1336=ADVANCED_FACE('',(#1197,#1198),#1311,.F.);
#1337=ADVANCED_FACE('',(#1199),#50,.T.);
#1338=ADVANCED_FACE('',(#1200),#1312,.T.);
#1339=ADVANCED_FACE('',(#1201,#1202,#1203,#1204,#1205,#1206),#1313,.T.);
#1340=ADVANCED_FACE('',(#1207,#1208),#1314,.F.);
#1341=ADVANCED_FACE('',(#1209),#1315,.T.);
#1342=ADVANCED_FACE('',(#1210),#1316,.F.);
#1343=ADVANCED_FACE('',(#1211),#1317,.F.);
#1344=ADVANCED_FACE('',(#1212,#1213),#1318,.T.);
#1345=ADVANCED_FACE('',(#1214),#51,.T.);
#1346=ADVANCED_FACE('',(#1215,#1216),#1319,.T.);
#1347=ADVANCED_FACE('',(#1217),#1320,.F.);
#1348=ADVANCED_FACE('',(#1218),#1321,.T.);
#1349=ADVANCED_FACE('',(#1219),#52,.F.);
#1350=ADVANCED_FACE('',(#1220,#1221,#1222),#1322,.F.);
#1351=ADVANCED_FACE('',(#1223),#1323,.F.);
#1352=ADVANCED_FACE('',(#1224,#1225),#53,.F.);
#1353=ADVANCED_FACE('',(#1226,#1227),#54,.F.);
#1354=ADVANCED_FACE('',(#1228,#1229),#55,.F.);
#1355=ADVANCED_FACE('',(#1230,#1231),#56,.F.);
#1356=ADVANCED_FACE('',(#1232,#1233),#57,.F.);
#1357=ADVANCED_FACE('',(#1234,#1235,#1236,#1237,#1238,#1239),#1324,.F.);
#1358=ADVANCED_FACE('',(#1240),#1325,.T.);
#1359=ADVANCED_FACE('',(#1241),#1326,.F.);
#1360=ADVANCED_FACE('',(#1242),#58,.F.);
#1361=ADVANCED_FACE('',(#1243),#26,.T.);
#1362=ADVANCED_FACE('',(#1244),#22,.F.);
#1363=ADVANCED_FACE('',(#1245),#27,.T.);
#1364=ADVANCED_FACE('',(#1246),#59,.T.);
#1365=ADVANCED_FACE('',(#1247),#60,.F.);
#1366=ADVANCED_FACE('',(#1248),#28,.T.);
#1367=ADVANCED_FACE('',(#1249),#61,.F.);
#1368=ADVANCED_FACE('',(#1250),#29,.T.);
#1369=ADVANCED_FACE('',(#1251),#12,.T.);
#1370=ADVANCED_FACE('',(#1252),#30,.F.);
#1371=ADVANCED_FACE('',(#1253),#23,.F.);
#1372=ADVANCED_FACE('',(#1254),#62,.T.);
#1373=ADVANCED_FACE('',(#1255),#63,.T.);
#1374=ADVANCED_FACE('',(#1256),#64,.T.);
#1375=ADVANCED_FACE('',(#1257),#65,.T.);
#1376=ADVANCED_FACE('',(#1258),#66,.T.);
#1377=ADVANCED_FACE('',(#1259),#67,.F.);
#1378=ADVANCED_FACE('',(#1260),#68,.F.);
#1379=ADVANCED_FACE('',(#1261),#13,.T.);
#1380=ADVANCED_FACE('',(#1262),#14,.T.);
#1381=ADVANCED_FACE('',(#1263),#15,.T.);
#1382=ADVANCED_FACE('',(#1264),#31,.F.);
#1383=ADVANCED_FACE('',(#1265),#69,.T.);
#1384=ADVANCED_FACE('',(#1266),#70,.T.);
#1385=ADVANCED_FACE('',(#1267),#71,.T.);
#1386=ADVANCED_FACE('',(#1268),#16,.T.);
#1387=ADVANCED_FACE('',(#1269),#17,.T.);
#1388=ADVANCED_FACE('',(#1270),#72,.T.);
#1389=ADVANCED_FACE('',(#1271,#1272),#73,.F.);
#1390=ADVANCED_FACE('',(#1273,#1274),#74,.F.);
#1391=ADVANCED_FACE('',(#1275),#1327,.F.);
#1392=ADVANCED_FACE('',(#1276),#1328,.T.);
#1393=ADVANCED_FACE('',(#1277),#75,.F.);
#1394=ADVANCED_FACE('',(#1278),#18,.F.);
#1395=ADVANCED_FACE('',(#1279),#76,.F.);
#1396=ADVANCED_FACE('',(#1280),#77,.F.);
#1397=ADVANCED_FACE('',(#1281),#78,.F.);
#1398=ADVANCED_FACE('',(#1282),#19,.F.);
#1399=ADVANCED_FACE('',(#1283),#20,.F.);
#1400=ADVANCED_FACE('',(#1284),#79,.F.);
#1401=ADVANCED_FACE('',(#1285),#80,.F.);
#1402=ADVANCED_FACE('',(#1286),#21,.F.);
#1403=ADVANCED_FACE('',(#1287),#1329,.T.);
#1404=ADVANCED_FACE('',(#1288),#32,.T.);
#1405=ADVANCED_FACE('',(#1289),#81,.T.);
#1406=ADVANCED_FACE('',(#1290),#82,.T.);
#1407=ADVANCED_FACE('',(#1291),#33,.T.);
#1408=ADVANCED_FACE('',(#1292),#34,.T.);
#1409=ADVANCED_FACE('',(#1293),#83,.T.);
#1410=ADVANCED_FACE('',(#1294),#84,.T.);
#1411=ADVANCED_FACE('',(#1295),#35,.T.);
#1412=ADVANCED_FACE('',(#1296),#36,.T.);
#1413=ADVANCED_FACE('',(#1297),#85,.F.);
#1414=ADVANCED_FACE('',(#1298),#86,.T.);
#1415=ADVANCED_FACE('',(#1299),#87,.T.);
#1416=ADVANCED_FACE('',(#1300),#24,.F.);
#1417=ADVANCED_FACE('',(#1301),#37,.T.);
#1418=ADVANCED_FACE('',(#1302),#38,.T.);
#1419=ADVANCED_FACE('',(#1303),#88,.F.);
#1420=ADVANCED_FACE('',(#1304),#89,.T.);
#1421=ADVANCED_FACE('',(#1305),#25,.F.);
#1422=ADVANCED_FACE('',(#1306),#39,.T.);
#1423=CLOSED_SHELL('',(#1330,#1331,#1332,#1333,#1334,#1335,#1336,#1337,
#1338,#1339,#1340,#1341,#1342,#1343,#1344,#1345,#1346,#1347,#1348,#1349,
#1350,#1351,#1352,#1353,#1354,#1355,#1356,#1357,#1358,#1359,#1360,#1361,
#1362,#1363,#1364,#1365,#1366,#1367,#1368,#1369,#1370,#1371,#1372,#1373,
#1374,#1375,#1376,#1377,#1378,#1379,#1380,#1381,#1382,#1383,#1384,#1385,
#1386,#1387,#1388,#1389,#1390,#1391,#1392,#1393,#1394,#1395,#1396,#1397,
#1398,#1399,#1400,#1401,#1402,#1403,#1404,#1405,#1406,#1407,#1408,#1409,
#1410,#1411,#1412,#1413,#1414,#1415,#1416,#1417,#1418,#1419,#1420,#1421,
#1422));
#1424=STYLED_ITEM('',(#1425),#1432);
#1425=PRESENTATION_STYLE_ASSIGNMENT((#1426));
#1426=SURFACE_STYLE_USAGE(.BOTH.,#1427);
#1427=SURFACE_SIDE_STYLE('',(#1428));
#1428=SURFACE_STYLE_FILL_AREA(#1429);
#1429=FILL_AREA_STYLE('',(#1430));
#1430=FILL_AREA_STYLE_COLOUR('',#1431);
#1431=COLOUR_RGB('',0.541176470588235,0.682352941176471,0.83921568627451);
#1432=MANIFOLD_SOLID_BREP('Wrist Pitch mount',#1423);
#1433=SHAPE_DEFINITION_REPRESENTATION(#2637,#1434);
#1434=SHAPE_REPRESENTATION('Wrist Pitch mount',(#1435),#2632);
#1435=AXIS2_PLACEMENT_3D('',#2098,#1627,#1628);
#1436=AXIS2_PLACEMENT_3D('',#2099,#1629,#1630);
#1437=AXIS2_PLACEMENT_3D('',#2100,#1631,#1632);
#1438=AXIS2_PLACEMENT_3D('',#2109,#1636,#1637);
#1439=AXIS2_PLACEMENT_3D('',#2112,#1639,#1640);
#1440=AXIS2_PLACEMENT_3D('',#2121,#1645,#1646);
#1441=AXIS2_PLACEMENT_3D('',#2125,#1648,#1649);
#1442=AXIS2_PLACEMENT_3D('',#2129,#1651,#1652);
#1443=AXIS2_PLACEMENT_3D('',#2134,#1655,#1656);
#1444=AXIS2_PLACEMENT_3D('',#2135,#1657,#1658);
#1445=AXIS2_PLACEMENT_3D('',#2139,#1660,#1661);
#1446=AXIS2_PLACEMENT_3D('',#2140,#1662,#1663);
#1447=AXIS2_PLACEMENT_3D('',#2144,#1665,#1666);
#1448=AXIS2_PLACEMENT_3D('',#2145,#1667,#1668);
#1449=AXIS2_PLACEMENT_3D('',#2146,#1669,#1670);
#1450=AXIS2_PLACEMENT_3D('',#2147,#1671,#1672);
#1451=AXIS2_PLACEMENT_3D('',#2159,#1678,#1679);
#1452=AXIS2_PLACEMENT_3D('',#2160,#1680,#1681);
#1453=AXIS2_PLACEMENT_3D('',#2172,#1687,#1688);
#1454=AXIS2_PLACEMENT_3D('',#2176,#1690,#1691);
#1455=AXIS2_PLACEMENT_3D('',#2180,#1693,#1694);
#1456=AXIS2_PLACEMENT_3D('',#2181,#1695,#1696);
#1457=AXIS2_PLACEMENT_3D('',#2182,#1697,#1698);
#1458=AXIS2_PLACEMENT_3D('',#2187,#1700,#1701);
#1459=AXIS2_PLACEMENT_3D('',#2191,#1703,#1704);
#1460=AXIS2_PLACEMENT_3D('',#2194,#1706,#1707);
#1461=AXIS2_PLACEMENT_3D('',#2203,#1712,#1713);
#1462=AXIS2_PLACEMENT_3D('',#2205,#1714,#1715);
#1463=AXIS2_PLACEMENT_3D('',#2207,#1716,#1717);
#1464=AXIS2_PLACEMENT_3D('',#2209,#1718,#1719);
#1465=AXIS2_PLACEMENT_3D('',#2211,#1720,#1721);
#1466=AXIS2_PLACEMENT_3D('',#2213,#1722,#1723);
#1467=AXIS2_PLACEMENT_3D('',#2221,#1727,#1728);
#1468=AXIS2_PLACEMENT_3D('',#2223,#1729,#1730);
#1469=AXIS2_PLACEMENT_3D('',#2225,#1731,#1732);
#1470=AXIS2_PLACEMENT_3D('',#2226,#1733,#1734);
#1471=AXIS2_PLACEMENT_3D('',#2230,#1736,#1737);
#1472=AXIS2_PLACEMENT_3D('',#2236,#1740,#1741);
#1473=AXIS2_PLACEMENT_3D('',#2248,#1745,#1746);
#1474=AXIS2_PLACEMENT_3D('',#2257,#1751,#1752);
#1475=AXIS2_PLACEMENT_3D('',#2268,#1755,#1756);
#1476=AXIS2_PLACEMENT_3D('',#2275,#1760,#1761);
#1477=AXIS2_PLACEMENT_3D('',#2276,#1762,#1763);
#1478=AXIS2_PLACEMENT_3D('',#2283,#1767,#1768);
#1479=AXIS2_PLACEMENT_3D('',#2284,#1769,#1770);
#1480=AXIS2_PLACEMENT_3D('',#2285,#1771,#1772);
#1481=AXIS2_PLACEMENT_3D('',#2286,#1773,#1774);
#1482=AXIS2_PLACEMENT_3D('',#2296,#1779,#1780);
#1483=AXIS2_PLACEMENT_3D('',#2299,#1783,#1784);
#1484=AXIS2_PLACEMENT_3D('',#2302,#1787,#1788);
#1485=AXIS2_PLACEMENT_3D('',#2303,#1789,#1790);
#1486=AXIS2_PLACEMENT_3D('',#2304,#1791,#1792);
#1487=AXIS2_PLACEMENT_3D('',#2305,#1793,#1794);
#1488=AXIS2_PLACEMENT_3D('',#2306,#1795,#1796);
#1489=AXIS2_PLACEMENT_3D('',#2307,#1797,#1798);
#1490=AXIS2_PLACEMENT_3D('',#2308,#1799,#1800);
#1491=AXIS2_PLACEMENT_3D('',#2310,#1801,#1802);
#1492=AXIS2_PLACEMENT_3D('',#2311,#1803,#1804);
#1493=AXIS2_PLACEMENT_3D('',#2313,#1805,#1806);
#1494=AXIS2_PLACEMENT_3D('',#2314,#1807,#1808);
#1495=AXIS2_PLACEMENT_3D('',#2316,#1809,#1810);
#1496=AXIS2_PLACEMENT_3D('',#2317,#1811,#1812);
#1497=AXIS2_PLACEMENT_3D('',#2319,#1813,#1814);
#1498=AXIS2_PLACEMENT_3D('',#2320,#1815,#1816);
#1499=AXIS2_PLACEMENT_3D('',#2322,#1817,#1818);
#1500=AXIS2_PLACEMENT_3D('',#2331,#1823,#1824);
#1501=AXIS2_PLACEMENT_3D('',#2352,#1831,#1832);
#1502=AXIS2_PLACEMENT_3D('',#2373,#1839,#1840);
#1503=AXIS2_PLACEMENT_3D('',#2374,#1841,#1842);
#1504=AXIS2_PLACEMENT_3D('',#2375,#1843,#1844);
#1505=AXIS2_PLACEMENT_3D('',#2376,#1845,#1846);
#1506=AXIS2_PLACEMENT_3D('',#2377,#1847,#1848);
#1507=AXIS2_PLACEMENT_3D('',#2378,#1849,#1850);
#1508=AXIS2_PLACEMENT_3D('',#2400,#1851,#1852);
#1509=AXIS2_PLACEMENT_3D('',#2409,#1853,#1854);
#1510=AXIS2_PLACEMENT_3D('',#2410,#1855,#1856);
#1511=AXIS2_PLACEMENT_3D('',#2411,#1857,#1858);
#1512=AXIS2_PLACEMENT_3D('',#2412,#1859,#1860);
#1513=AXIS2_PLACEMENT_3D('',#2413,#1861,#1862);
#1514=AXIS2_PLACEMENT_3D('',#2414,#1863,#1864);
#1515=AXIS2_PLACEMENT_3D('',#2415,#1865,#1866);
#1516=AXIS2_PLACEMENT_3D('',#2424,#1867,#1868);
#1517=AXIS2_PLACEMENT_3D('',#2425,#1869,#1870);
#1518=AXIS2_PLACEMENT_3D('',#2426,#1871,#1872);
#1519=AXIS2_PLACEMENT_3D('',#2427,#1873,#1874);
#1520=AXIS2_PLACEMENT_3D('',#2428,#1875,#1876);
#1521=AXIS2_PLACEMENT_3D('',#2429,#1877,#1878);
#1522=AXIS2_PLACEMENT_3D('',#2430,#1879,#1880);
#1523=AXIS2_PLACEMENT_3D('',#2431,#1881,#1882);
#1524=AXIS2_PLACEMENT_3D('',#2432,#1883,#1884);
#1525=AXIS2_PLACEMENT_3D('',#2433,#1885,#1886);
#1526=AXIS2_PLACEMENT_3D('',#2434,#1887,#1888);
#1527=AXIS2_PLACEMENT_3D('',#2456,#1889,#1890);
#1528=AXIS2_PLACEMENT_3D('',#2457,#1891,#1892);
#1529=AXIS2_PLACEMENT_3D('',#2458,#1893,#1894);
#1530=AXIS2_PLACEMENT_3D('',#2459,#1895,#1896);
#1531=AXIS2_PLACEMENT_3D('',#2460,#1897,#1898);
#1532=AXIS2_PLACEMENT_3D('',#2461,#1899,#1900);
#1533=AXIS2_PLACEMENT_3D('',#2464,#1902,#1903);
#1534=AXIS2_PLACEMENT_3D('',#2465,#1904,#1905);
#1535=AXIS2_PLACEMENT_3D('',#2466,#1906,#1907);
#1536=AXIS2_PLACEMENT_3D('',#2467,#1908,#1909);
#1537=AXIS2_PLACEMENT_3D('',#2470,#1911,#1912);
#1538=AXIS2_PLACEMENT_3D('',#2471,#1913,#1914);
#1539=AXIS2_PLACEMENT_3D('',#2472,#1915,#1916);
#1540=AXIS2_PLACEMENT_3D('',#2473,#1917,#1918);
#1541=AXIS2_PLACEMENT_3D('',#2474,#1919,#1920);
#1542=AXIS2_PLACEMENT_3D('',#2475,#1921,#1922);
#1543=AXIS2_PLACEMENT_3D('',#2476,#1923,#1924);
#1544=AXIS2_PLACEMENT_3D('',#2477,#1925,#1926);
#1545=AXIS2_PLACEMENT_3D('',#2478,#1927,#1928);
#1546=AXIS2_PLACEMENT_3D('',#2479,#1929,#1930);
#1547=AXIS2_PLACEMENT_3D('',#2480,#1931,#1932);
#1548=AXIS2_PLACEMENT_3D('',#2481,#1933,#1934);
#1549=AXIS2_PLACEMENT_3D('',#2482,#1935,#1936);
#1550=AXIS2_PLACEMENT_3D('',#2483,#1937,#1938);
#1551=AXIS2_PLACEMENT_3D('',#2484,#1939,#1940);
#1552=AXIS2_PLACEMENT_3D('',#2485,#1941,#1942);
#1553=AXIS2_PLACEMENT_3D('',#2488,#1944,#1945);
#1554=AXIS2_PLACEMENT_3D('',#2489,#1946,#1947);
#1555=AXIS2_PLACEMENT_3D('',#2490,#1948,#1949);
#1556=AXIS2_PLACEMENT_3D('',#2491,#1950,#1951);
#1557=AXIS2_PLACEMENT_3D('',#2492,#1952,#1953);
#1558=AXIS2_PLACEMENT_3D('',#2493,#1954,#1955);
#1559=AXIS2_PLACEMENT_3D('',#2495,#1956,#1957);
#1560=AXIS2_PLACEMENT_3D('',#2496,#1958,#1959);
#1561=AXIS2_PLACEMENT_3D('',#2497,#1960,#1961);
#1562=AXIS2_PLACEMENT_3D('',#2498,#1962,#1963);
#1563=AXIS2_PLACEMENT_3D('',#2500,#1965,#1966);
#1564=AXIS2_PLACEMENT_3D('',#2501,#1967,#1968);
#1565=AXIS2_PLACEMENT_3D('',#2502,#1969,#1970);
#1566=AXIS2_PLACEMENT_3D('',#2504,#1972,#1973);
#1567=AXIS2_PLACEMENT_3D('',#2505,#1974,#1975);
#1568=AXIS2_PLACEMENT_3D('',#2506,#1976,#1977);
#1569=AXIS2_PLACEMENT_3D('',#2507,#1978,#1979);
#1570=AXIS2_PLACEMENT_3D('',#2508,#1980,#1981);
#1571=AXIS2_PLACEMENT_3D('',#2509,#1982,#1983);
#1572=AXIS2_PLACEMENT_3D('',#2510,#1984,#1985);
#1573=AXIS2_PLACEMENT_3D('',#2511,#1986,#1987);
#1574=AXIS2_PLACEMENT_3D('',#2512,#1988,#1989);
#1575=AXIS2_PLACEMENT_3D('',#2513,#1990,#1991);
#1576=AXIS2_PLACEMENT_3D('',#2514,#1992,#1993);
#1577=AXIS2_PLACEMENT_3D('',#2515,#1994,#1995);
#1578=AXIS2_PLACEMENT_3D('',#2516,#1996,#1997);
#1579=AXIS2_PLACEMENT_3D('',#2517,#1998,#1999);
#1580=AXIS2_PLACEMENT_3D('',#2518,#2000,#2001);
#1581=AXIS2_PLACEMENT_3D('',#2519,#2002,#2003);
#1582=AXIS2_PLACEMENT_3D('',#2520,#2004,#2005);
#1583=AXIS2_PLACEMENT_3D('',#2521,#2006,#2007);
#1584=AXIS2_PLACEMENT_3D('',#2522,#2008,#2009);
#1585=AXIS2_PLACEMENT_3D('',#2523,#2010,#2011);
#1586=AXIS2_PLACEMENT_3D('',#2524,#2012,#2013);
#1587=AXIS2_PLACEMENT_3D('',#2525,#2014,#2015);
#1588=AXIS2_PLACEMENT_3D('',#2526,#2016,#2017);
#1589=AXIS2_PLACEMENT_3D('',#2527,#2018,#2019);
#1590=AXIS2_PLACEMENT_3D('',#2531,#2021,#2022);
#1591=AXIS2_PLACEMENT_3D('',#2539,#2026,#2027);
#1592=AXIS2_PLACEMENT_3D('',#2540,#2028,#2029);
#1593=AXIS2_PLACEMENT_3D('',#2541,#2030,#2031);
#1594=AXIS2_PLACEMENT_3D('',#2542,#2032,#2033);
#1595=AXIS2_PLACEMENT_3D('',#2543,#2034,#2035);
#1596=AXIS2_PLACEMENT_3D('',#2544,#2036,#2037);
#1597=AXIS2_PLACEMENT_3D('',#2545,#2038,#2039);
#1598=AXIS2_PLACEMENT_3D('',#2546,#2040,#2041);
#1599=AXIS2_PLACEMENT_3D('',#2547,#2042,#2043);
#1600=AXIS2_PLACEMENT_3D('',#2548,#2044,#2045);
#1601=AXIS2_PLACEMENT_3D('',#2549,#2046,#2047);
#1602=AXIS2_PLACEMENT_3D('',#2550,#2048,#2049);
#1603=AXIS2_PLACEMENT_3D('',#2551,#2050,#2051);
#1604=AXIS2_PLACEMENT_3D('',#2552,#2052,#2053);
#1605=AXIS2_PLACEMENT_3D('',#2553,#2054,#2055);
#1606=AXIS2_PLACEMENT_3D('',#2554,#2056,#2057);
#1607=AXIS2_PLACEMENT_3D('',#2555,#2058,#2059);
#1608=AXIS2_PLACEMENT_3D('',#2556,#2060,#2061);
#1609=AXIS2_PLACEMENT_3D('',#2557,#2062,#2063);
#1610=AXIS2_PLACEMENT_3D('',#2558,#2064,#2065);
#1611=AXIS2_PLACEMENT_3D('',#2559,#2066,#2067);
#1612=AXIS2_PLACEMENT_3D('',#2560,#2068,#2069);
#1613=AXIS2_PLACEMENT_3D('',#2561,#2070,#2071);
#1614=AXIS2_PLACEMENT_3D('',#2562,#2072,#2073);
#1615=AXIS2_PLACEMENT_3D('',#2563,#2074,#2075);
#1616=AXIS2_PLACEMENT_3D('',#2564,#2076,#2077);
#1617=AXIS2_PLACEMENT_3D('',#2565,#2078,#2079);
#1618=AXIS2_PLACEMENT_3D('',#2594,#2080,#2081);
#1619=AXIS2_PLACEMENT_3D('',#2595,#2082,#2083);
#1620=AXIS2_PLACEMENT_3D('',#2596,#2084,#2085);
#1621=AXIS2_PLACEMENT_3D('',#2597,#2086,#2087);
#1622=AXIS2_PLACEMENT_3D('',#2598,#2088,#2089);
#1623=AXIS2_PLACEMENT_3D('',#2599,#2090,#2091);
#1624=AXIS2_PLACEMENT_3D('',#2600,#2092,#2093);
#1625=AXIS2_PLACEMENT_3D('',#2601,#2094,#2095);
#1626=AXIS2_PLACEMENT_3D('',#2630,#2096,#2097);
#1627=DIRECTION('',(0.,0.,1.));
#1628=DIRECTION('',(1.,0.,0.));
#1629=DIRECTION('',(0.,0.,1.));
#1630=DIRECTION('',(1.,0.,0.));
#1631=DIRECTION('',(0.,0.,1.));
#1632=DIRECTION('',(1.,0.,0.));
#1633=DIRECTION('',(1.,0.,0.));
#1634=DIRECTION('',(0.,-1.,0.));
#1635=DIRECTION('',(1.,0.,0.));
#1636=DIRECTION('',(0.,0.,1.));
#1637=DIRECTION('',(1.,0.,0.));
#1638=DIRECTION('',(0.,-1.,0.));
#1639=DIRECTION('',(0.,0.,-1.));
#1640=DIRECTION('',(-1.,0.,0.));
#1641=DIRECTION('',(1.,0.,0.));
#1642=DIRECTION('',(0.,1.,0.));
#1643=DIRECTION('',(1.,0.,0.));
#1644=DIRECTION('',(0.,1.,0.));
#1645=DIRECTION('',(-1.,0.,0.));
#1646=DIRECTION('',(0.,0.,1.));
#1647=DIRECTION('',(0.,0.,-1.));
#1648=DIRECTION('',(-1.,0.,0.));
#1649=DIRECTION('',(0.,0.,1.));
#1650=DIRECTION('',(0.,-1.,0.));
#1651=DIRECTION('',(-1.,0.,0.));
#1652=DIRECTION('',(0.,0.,1.));
#1653=DIRECTION('',(0.,0.,-1.));
#1654=DIRECTION('',(0.,1.,0.));
#1655=DIRECTION('',(1.,0.,0.));
#1656=DIRECTION('',(0.,0.,-1.));
#1657=DIRECTION('',(-1.,0.,0.));
#1658=DIRECTION('',(0.,0.,1.));
#1659=DIRECTION('',(1.,0.,0.));
#1660=DIRECTION('',(-1.,0.,0.));
#1661=DIRECTION('',(0.,0.,1.));
#1662=DIRECTION('',(-1.,0.,0.));
#1663=DIRECTION('',(0.,0.,1.));
#1664=DIRECTION('',(1.,0.,0.));
#1665=DIRECTION('',(-1.,0.,0.));
#1666=DIRECTION('',(0.,0.,1.));
#1667=DIRECTION('',(-1.,0.,0.));
#1668=DIRECTION('',(0.,0.,1.));
#1669=DIRECTION('',(0.,-1.,0.));
#1670=DIRECTION('',(0.,0.,-1.));
#1671=DIRECTION('',(0.,-1.,0.));
#1672=DIRECTION('',(0.,0.,-1.));
#1673=DIRECTION('',(0.865986299302551,0.,-0.500067724833619));
#1674=DIRECTION('',(-0.84885745225426,0.,-0.528621817325398));
#1675=DIRECTION('',(0.,0.,1.));
#1676=DIRECTION('',(1.,0.,0.));
#1677=DIRECTION('',(0.,0.,1.));
#1678=DIRECTION('',(0.,-1.,0.));
#1679=DIRECTION('',(0.,0.,-1.));
#1680=DIRECTION('',(0.,-1.,0.));
#1681=DIRECTION('',(0.,0.,-1.));
#1682=DIRECTION('',(-0.84885745225426,0.,-0.528621817325398));
#1683=DIRECTION('',(0.865986299302551,0.,-0.500067724833619));
#1684=DIRECTION('',(0.,0.,1.));
#1685=DIRECTION('',(1.,0.,0.));
#1686=DIRECTION('',(0.,0.,1.));
#1687=DIRECTION('',(0.,0.,-1.));
#1688=DIRECTION('',(-1.,0.,0.));
#1689=DIRECTION('',(0.,0.,-1.));
#1690=DIRECTION('',(0.,0.,1.));
#1691=DIRECTION('',(1.,0.,0.));
#1692=DIRECTION('',(0.,0.,-1.));
#1693=DIRECTION('',(0.,0.,1.));
#1694=DIRECTION('',(1.,0.,0.));
#1695=DIRECTION('',(0.,0.,1.));
#1696=DIRECTION('',(1.,0.,0.));
#1697=DIRECTION('',(0.,0.,1.));
#1698=DIRECTION('',(1.,0.,0.));
#1699=DIRECTION('',(0.,-1.,0.));
#1700=DIRECTION('',(0.,0.,1.));
#1701=DIRECTION('',(1.,0.,0.));
#1702=DIRECTION('',(1.,0.,0.));
#1703=DIRECTION('',(0.,0.,1.));
#1704=DIRECTION('',(1.,0.,0.));
#1705=DIRECTION('',(-1.,0.,0.));
#1706=DIRECTION('',(1.,0.,0.));
#1707=DIRECTION('',(0.,0.,-1.));
#1708=DIRECTION('',(0.,0.,-1.));
#1709=DIRECTION('',(0.,-1.,0.));
#1710=DIRECTION('',(0.,0.,-1.));
#1711=DIRECTION('',(0.,-1.,0.));
#1712=DIRECTION('',(1.,0.,0.));
#1713=DIRECTION('',(0.,0.,-1.));
#1714=DIRECTION('',(1.,0.,0.));
#1715=DIRECTION('',(0.,0.,-1.));
#1716=DIRECTION('',(1.,0.,0.));
#1717=DIRECTION('',(0.,0.,-1.));
#1718=DIRECTION('',(1.,0.,0.));
#1719=DIRECTION('',(0.,0.,-1.));
#1720=DIRECTION('',(1.,0.,0.));
#1721=DIRECTION('',(0.,0.,-1.));
#1722=DIRECTION('',(0.,0.,1.));
#1723=DIRECTION('',(1.,0.,0.));
#1724=DIRECTION('',(1.,0.,0.));
#1725=DIRECTION('',(0.,1.,0.));
#1726=DIRECTION('',(1.,0.,0.));
#1727=DIRECTION('',(0.,0.,1.));
#1728=DIRECTION('',(1.,0.,0.));
#1729=DIRECTION('',(0.,0.,1.));
#1730=DIRECTION('',(1.,0.,0.));
#1731=DIRECTION('',(0.,0.,1.));
#1732=DIRECTION('',(1.,0.,0.));
#1733=DIRECTION('',(0.,0.,1.));
#1734=DIRECTION('',(1.,0.,0.));
#1735=DIRECTION('',(1.,0.,0.));
#1736=DIRECTION('',(0.,1.,-6.35566790767365E-17));
#1737=DIRECTION('',(0.,6.35566790767365E-17,1.));
#1738=DIRECTION('',(1.,0.,0.));
#1739=DIRECTION('',(0.,-6.35566790767365E-17,-1.));
#1740=DIRECTION('',(0.,1.,-6.35566790767365E-17));
#1741=DIRECTION('',(0.,6.35566790767365E-17,1.));
#1742=DIRECTION('',(1.,0.,0.));
#1743=DIRECTION('',(0.,6.35566790767365E-17,1.));
#1744=DIRECTION('',(0.,6.35566790767365E-17,1.));
#1745=DIRECTION('',(0.,0.,-1.));
#1746=DIRECTION('',(-1.,0.,0.));
#1747=DIRECTION('',(1.,0.,0.));
#1748=DIRECTION('',(0.,-1.,0.));
#1749=DIRECTION('',(1.,0.,0.));
#1750=DIRECTION('',(0.,1.,0.));
#1751=DIRECTION('',(0.,1.,0.));
#1752=DIRECTION('',(0.,0.,1.));
#1753=DIRECTION('',(0.,0.,1.));
#1754=DIRECTION('',(-1.,0.,0.));
#1755=DIRECTION('',(0.,1.,0.));
#1756=DIRECTION('',(0.,0.,1.));
#1757=DIRECTION('',(0.,0.,-1.));
#1758=DIRECTION('',(1.,0.,0.));
#1759=DIRECTION('',(0.,0.,1.));
#1760=DIRECTION('',(0.,1.,0.));
#1761=DIRECTION('',(0.,0.,1.));
#1762=DIRECTION('',(0.,1.,0.));
#1763=DIRECTION('',(0.,0.,1.));
#1764=DIRECTION('',(0.,0.,-1.));
#1765=DIRECTION('',(0.,0.,-1.));
#1766=DIRECTION('',(1.,0.,0.));
#1767=DIRECTION('',(0.,0.,-1.));
#1768=DIRECTION('',(-1.,0.,0.));
#1769=DIRECTION('',(0.,0.,1.));
#1770=DIRECTION('',(1.,0.,0.));
#1771=DIRECTION('',(0.,-1.,0.));
#1772=DIRECTION('',(0.,0.,-1.));
#1773=DIRECTION('',(0.,-1.,0.));
#1774=DIRECTION('',(0.,0.,-1.));
#1775=DIRECTION('',(1.,0.,0.));
#1776=DIRECTION('',(0.,0.,1.));
#1777=DIRECTION('',(1.,0.,0.));
#1778=DIRECTION('',(0.,0.,1.));
#1779=DIRECTION('',(1.,0.,0.));
#1780=DIRECTION('',(0.,0.,-1.));
#1781=DIRECTION('',(0.,1.,0.));
#1782=DIRECTION('',(0.,1.,0.));
#1783=DIRECTION('',(1.,0.,0.));
#1784=DIRECTION('',(0.,0.,-1.));
#1785=DIRECTION('',(0.,1.,0.));
#1786=DIRECTION('',(0.,1.,0.));
#1787=DIRECTION('',(0.,0.,1.));
#1788=DIRECTION('',(1.,0.,0.));
#1789=DIRECTION('',(0.,0.,1.));
#1790=DIRECTION('',(1.,0.,0.));
#1791=DIRECTION('',(0.,0.,1.));
#1792=DIRECTION('',(1.,0.,0.));
#1793=DIRECTION('',(0.,0.,1.));
#1794=DIRECTION('',(1.,0.,0.));
#1795=DIRECTION('',(0.,0.,1.));
#1796=DIRECTION('',(1.,0.,0.));
#1797=DIRECTION('',(1.,0.,0.));
#1798=DIRECTION('',(0.,0.,-1.));
#1799=DIRECTION('',(1.,0.,0.));
#1800=DIRECTION('',(0.,0.,-1.));
#1801=DIRECTION('',(1.,0.,0.));
#1802=DIRECTION('',(0.,0.,-1.));
#1803=DIRECTION('',(1.,0.,0.));
#1804=DIRECTION('',(0.,0.,-1.));
#1805=DIRECTION('',(1.,0.,0.));
#1806=DIRECTION('',(0.,0.,-1.));
#1807=DIRECTION('',(1.,0.,0.));
#1808=DIRECTION('',(0.,0.,-1.));
#1809=DIRECTION('',(1.,0.,0.));
#1810=DIRECTION('',(0.,0.,-1.));
#1811=DIRECTION('',(1.,0.,0.));
#1812=DIRECTION('',(0.,0.,-1.));
#1813=DIRECTION('',(1.,0.,0.));
#1814=DIRECTION('',(0.,0.,-1.));
#1815=DIRECTION('',(1.,0.,0.));
#1816=DIRECTION('',(0.,0.,-1.));
#1817=DIRECTION('',(1.,0.,0.));
#1818=DIRECTION('',(0.,1.,0.));
#1819=DIRECTION('',(0.,1.,0.));
#1820=DIRECTION('',(0.,6.35566790767365E-17,1.));
#1821=DIRECTION('',(0.,1.,0.));
#1822=DIRECTION('',(0.,0.,1.));
#1823=DIRECTION('',(0.,1.,0.));
#1824=DIRECTION('',(0.,0.,1.));
#1825=DIRECTION('',(0.,0.,-1.));
#1826=DIRECTION('',(1.,0.,0.));
#1827=DIRECTION('',(0.,0.,-1.));
#1828=DIRECTION('',(-1.,0.,0.));
#1829=DIRECTION('',(0.,0.,-1.));
#1830=DIRECTION('',(1.,0.,0.));
#1831=DIRECTION('',(0.,1.,0.));
#1832=DIRECTION('',(0.,0.,1.));
#1833=DIRECTION('',(0.,0.,-1.));
#1834=DIRECTION('',(1.,0.,0.));
#1835=DIRECTION('',(0.,0.,-1.));
#1836=DIRECTION('',(1.,0.,0.));
#1837=DIRECTION('',(0.,0.,1.));
#1838=DIRECTION('',(1.,0.,0.));
#1839=DIRECTION('',(0.,0.,-1.));
#1840=DIRECTION('',(-1.,0.,0.));
#1841=DIRECTION('',(0.,0.,1.));
#1842=DIRECTION('',(1.,0.,0.));
#1843=DIRECTION('',(0.,0.,-1.));
#1844=DIRECTION('',(-1.,0.,0.));
#1845=DIRECTION('',(0.,0.,1.));
#1846=DIRECTION('',(1.,0.,0.));
#1847=DIRECTION('',(1.,0.,0.));
#1848=DIRECTION('',(0.,0.,-1.));
#1849=DIRECTION('',(-0.723404255319149,-0.690424712322892,0.));
#1850=DIRECTION('',(0.690424712322892,-0.723404255319149,0.));
#1851=DIRECTION('',(1.,0.,0.));
#1852=DIRECTION('',(0.,0.,-1.));
#1853=DIRECTION('',(0.,0.,1.));
#1854=DIRECTION('',(1.,0.,0.));
#1855=DIRECTION('',(-0.723404255319149,0.690424712322892,0.));
#1856=DIRECTION('',(-0.690424712322892,-0.723404255319149,0.));
#1857=DIRECTION('',(-1.,0.,0.));
#1858=DIRECTION('',(0.,0.,1.));
#1859=DIRECTION('',(-1.,0.,1.3010426069826E-15));
#1860=DIRECTION('',(1.3010426069826E-15,0.,1.));
#1861=DIRECTION('',(1.,0.,0.));
#1862=DIRECTION('',(0.,0.,-1.));
#1863=DIRECTION('',(-1.,0.,0.));
#1864=DIRECTION('',(0.,0.,1.));
#1865=DIRECTION('',(0.,0.,1.));
#1866=DIRECTION('',(1.,0.,0.));
#1867=DIRECTION('',(0.,0.,-1.));
#1868=DIRECTION('',(-1.,0.,0.));
#1869=DIRECTION('',(0.,0.,1.));
#1870=DIRECTION('',(1.,0.,0.));
#1871=DIRECTION('',(0.,0.,-1.));
#1872=DIRECTION('',(-1.,0.,0.));
#1873=DIRECTION('',(0.,0.,1.));
#1874=DIRECTION('',(1.,0.,0.));
#1875=DIRECTION('',(1.,0.,0.));
#1876=DIRECTION('',(0.,0.,-1.));
#1877=DIRECTION('',(-1.3010426069826E-15,0.,-1.));
#1878=DIRECTION('',(-1.,0.,1.3010426069826E-15));
#1879=DIRECTION('',(0.,0.,-1.));
#1880=DIRECTION('',(-1.,0.,0.));
#1881=DIRECTION('',(0.,1.,0.));
#1882=DIRECTION('',(0.,0.,1.));
#1883=DIRECTION('',(0.,0.,1.));
#1884=DIRECTION('',(1.,0.,0.));
#1885=DIRECTION('',(0.,0.,1.));
#1886=DIRECTION('',(1.,0.,0.));
#1887=DIRECTION('',(0.,-1.,0.));
#1888=DIRECTION('',(0.,0.,-1.));
#1889=DIRECTION('',(1.,0.,0.));
#1890=DIRECTION('',(0.,0.,-1.));
#1891=DIRECTION('',(1.,0.,0.));
#1892=DIRECTION('',(0.,0.,-1.));
#1893=DIRECTION('',(-1.,-1.73472347597681E-15,0.));
#1894=DIRECTION('',(1.73472347597681E-15,-1.,0.));
#1895=DIRECTION('',(0.,-1.,0.));
#1896=DIRECTION('',(0.,0.,-1.));
#1897=DIRECTION('',(0.,-1.,0.));
#1898=DIRECTION('',(0.,0.,-1.));
#1899=DIRECTION('',(0.,0.,-1.));
#1900=DIRECTION('',(-1.,0.,0.));
#1901=DIRECTION('',(0.,0.,-1.));
#1902=DIRECTION('',(0.,0.,1.));
#1903=DIRECTION('',(1.,0.,0.));
#1904=DIRECTION('',(1.,0.,0.));
#1905=DIRECTION('',(0.,0.,-1.));
#1906=DIRECTION('',(1.,0.,0.));
#1907=DIRECTION('',(0.,0.,-1.));
#1908=DIRECTION('',(-1.,0.,0.));
#1909=DIRECTION('',(0.,0.,1.));
#1910=DIRECTION('',(1.,0.,0.));
#1911=DIRECTION('',(0.,0.,-1.));
#1912=DIRECTION('',(-1.,0.,0.));
#1913=DIRECTION('',(0.,0.,1.));
#1914=DIRECTION('',(1.,0.,0.));
#1915=DIRECTION('',(0.,1.,0.));
#1916=DIRECTION('',(0.,0.,1.));
#1917=DIRECTION('',(0.,1.,0.));
#1918=DIRECTION('',(0.,0.,1.));
#1919=DIRECTION('',(1.,0.,0.));
#1920=DIRECTION('',(0.,0.,-1.));
#1921=DIRECTION('',(-1.,0.,0.));
#1922=DIRECTION('',(0.,0.,1.));
#1923=DIRECTION('',(-1.3010426069826E-15,0.,-1.));
#1924=DIRECTION('',(-1.,0.,1.3010426069826E-15));
#1925=DIRECTION('',(8.67361737988403E-16,0.,-1.));
#1926=DIRECTION('',(-1.,0.,-8.67361737988403E-16));
#1927=DIRECTION('',(0.,1.,0.));
#1928=DIRECTION('',(0.,0.,1.));
#1929=DIRECTION('',(0.,1.,0.));
#1930=DIRECTION('',(0.,0.,1.));
#1931=DIRECTION('',(0.,1.,0.));
#1932=DIRECTION('',(0.,0.,1.));
#1933=DIRECTION('',(0.,1.,0.));
#1934=DIRECTION('',(0.,0.,1.));
#1935=DIRECTION('',(0.,0.,1.));
#1936=DIRECTION('',(1.,0.,0.));
#1937=DIRECTION('',(0.,0.,1.));
#1938=DIRECTION('',(1.,0.,0.));
#1939=DIRECTION('',(0.,0.,1.));
#1940=DIRECTION('',(1.,0.,0.));
#1941=DIRECTION('',(0.,0.,1.));
#1942=DIRECTION('',(1.,0.,0.));
#1943=DIRECTION('',(0.,0.,-1.));
#1944=DIRECTION('',(0.,-1.,0.));
#1945=DIRECTION('',(0.,0.,-1.));
#1946=DIRECTION('',(0.,-1.,0.));
#1947=DIRECTION('',(0.,0.,-1.));
#1948=DIRECTION('',(0.,0.,1.));
#1949=DIRECTION('',(1.,0.,0.));
#1950=DIRECTION('',(0.,0.,1.));
#1951=DIRECTION('',(1.,0.,0.));
#1952=DIRECTION('',(-1.,0.,0.));
#1953=DIRECTION('',(0.,0.,1.));
#1954=DIRECTION('',(0.,-1.,0.));
#1955=DIRECTION('',(0.,0.,-1.));
#1956=DIRECTION('',(-1.,0.,-4.33680868994202E-16));
#1957=DIRECTION('',(-4.33680868994202E-16,0.,1.));
#1958=DIRECTION('',(1.,0.,0.));
#1959=DIRECTION('',(0.,0.,-1.));
#1960=DIRECTION('',(1.,0.,0.));
#1961=DIRECTION('',(0.,0.,-1.));
#1962=DIRECTION('',(-1.,0.,0.));
#1963=DIRECTION('',(0.,0.,1.));
#1964=DIRECTION('',(1.,0.,0.));
#1965=DIRECTION('',(0.,1.,0.));
#1966=DIRECTION('',(0.,0.,1.));
#1967=DIRECTION('',(0.,1.,0.));
#1968=DIRECTION('',(0.,0.,1.));
#1969=DIRECTION('',(0.500067724833619,0.,0.865986299302551));
#1970=DIRECTION('',(0.865986299302551,0.,-0.500067724833619));
#1971=DIRECTION('',(0.,1.,0.));
#1972=DIRECTION('',(0.528621817325398,0.,-0.84885745225426));
#1973=DIRECTION('',(-0.84885745225426,0.,-0.528621817325398));
#1974=DIRECTION('',(-1.,0.,0.));
#1975=DIRECTION('',(0.,0.,1.));
#1976=DIRECTION('',(-1.,0.,0.));
#1977=DIRECTION('',(0.,0.,1.));
#1978=DIRECTION('',(-1.,0.,0.));
#1979=DIRECTION('',(0.,0.,1.));
#1980=DIRECTION('',(0.,0.,-1.));
#1981=DIRECTION('',(-1.,0.,0.));
#1982=DIRECTION('',(0.,-8.67361737988403E-16,1.));
#1983=DIRECTION('',(0.,-1.,-8.67361737988403E-16));
#1984=DIRECTION('',(0.,-1.,0.));
#1985=DIRECTION('',(0.,0.,-1.));
#1986=DIRECTION('',(1.,0.,0.));
#1987=DIRECTION('',(0.,0.,-1.));
#1988=DIRECTION('',(-1.,0.,0.));
#1989=DIRECTION('',(0.,0.,1.));
#1990=DIRECTION('',(-1.,0.,0.));
#1991=DIRECTION('',(0.,0.,1.));
#1992=DIRECTION('',(0.,-1.,0.));
#1993=DIRECTION('',(0.,0.,-1.));
#1994=DIRECTION('',(0.,1.,8.67361737988403E-16));
#1995=DIRECTION('',(0.,-8.67361737988403E-16,1.));
#1996=DIRECTION('',(0.,0.,-1.));
#1997=DIRECTION('',(-1.,0.,0.));
#1998=DIRECTION('',(0.,0.,-1.));
#1999=DIRECTION('',(-1.,0.,0.));
#2000=DIRECTION('',(0.,1.51788304147971E-15,-1.));
#2001=DIRECTION('',(0.,1.,1.51788304147971E-15));
#2002=DIRECTION('',(0.,0.,1.));
#2003=DIRECTION('',(1.,0.,0.));
#2004=DIRECTION('',(0.,1.,0.));
#2005=DIRECTION('',(0.,0.,1.));
#2006=DIRECTION('',(0.,-1.,0.));
#2007=DIRECTION('',(0.,0.,-1.));
#2008=DIRECTION('',(0.,6.35566790767365E-17,1.));
#2009=DIRECTION('',(0.,-1.,6.35566790767365E-17));
#2010=DIRECTION('',(0.,0.,-1.));
#2011=DIRECTION('',(-1.,0.,0.));
#2012=DIRECTION('',(0.,1.,0.));
#2013=DIRECTION('',(0.,0.,1.));
#2014=DIRECTION('',(-6.50521303491302E-16,1.,0.));
#2015=DIRECTION('',(-1.,-6.50521303491302E-16,0.));
#2016=DIRECTION('',(1.,6.50521303491302E-16,0.));
#2017=DIRECTION('',(-6.50521303491302E-16,1.,0.));
#2018=DIRECTION('',(-1.,0.,0.));
#2019=DIRECTION('',(0.,0.,1.));
#2020=DIRECTION('',(0.,1.,0.));
#2021=DIRECTION('',(-1.,0.,0.));
#2022=DIRECTION('',(0.,0.,1.));
#2023=DIRECTION('',(0.,6.35566790767365E-17,1.));
#2024=DIRECTION('',(0.,-1.,0.));
#2025=DIRECTION('',(0.,0.,1.));
#2026=DIRECTION('',(-1.,0.,0.));
#2027=DIRECTION('',(0.,0.,1.));
#2028=DIRECTION('',(-1.,0.,0.));
#2029=DIRECTION('',(0.,0.,1.));
#2030=DIRECTION('',(0.,-1.,0.));
#2031=DIRECTION('',(0.,0.,-1.));
#2032=DIRECTION('',(0.,0.,1.));
#2033=DIRECTION('',(1.,0.,0.));
#2034=DIRECTION('',(0.,0.,1.));
#2035=DIRECTION('',(1.,0.,0.));
#2036=DIRECTION('',(0.,0.,1.));
#2037=DIRECTION('',(1.,0.,0.));
#2038=DIRECTION('',(0.,1.,0.));
#2039=DIRECTION('',(0.,0.,1.));
#2040=DIRECTION('',(0.,-1.,0.));
#2041=DIRECTION('',(0.,0.,-1.));
#2042=DIRECTION('',(0.,1.,0.));
#2043=DIRECTION('',(0.,0.,1.));
#2044=DIRECTION('',(1.,0.,0.));
#2045=DIRECTION('',(0.,0.,-1.));
#2046=DIRECTION('',(-1.,0.,0.));
#2047=DIRECTION('',(0.,0.,1.));
#2048=DIRECTION('',(0.,0.,1.));
#2049=DIRECTION('',(1.,0.,0.));
#2050=DIRECTION('',(1.,0.,0.));
#2051=DIRECTION('',(0.,0.,-1.));
#2052=DIRECTION('',(1.,0.,0.));
#2053=DIRECTION('',(0.,0.,-1.));
#2054=DIRECTION('',(0.,-6.35566790767365E-17,-1.));
#2055=DIRECTION('',(0.,1.,-6.35566790767365E-17));
#2056=DIRECTION('',(0.,0.,1.));
#2057=DIRECTION('',(1.,0.,0.));
#2058=DIRECTION('',(0.,0.,1.));
#2059=DIRECTION('',(1.,0.,0.));
#2060=DIRECTION('',(0.,0.,1.));
#2061=DIRECTION('',(1.,0.,0.));
#2062=DIRECTION('',(0.,1.,0.));
#2063=DIRECTION('',(0.,0.,1.));
#2064=DIRECTION('',(0.,1.,-6.35566790767365E-17));
#2065=DIRECTION('',(0.,6.35566790767365E-17,1.));
#2066=DIRECTION('',(1.,0.,0.));
#2067=DIRECTION('',(0.,0.,-1.));
#2068=DIRECTION('',(0.,0.,1.));
#2069=DIRECTION('',(1.,0.,0.));
#2070=DIRECTION('',(0.,0.,1.));
#2071=DIRECTION('',(1.,0.,0.));
#2072=DIRECTION('',(0.,-1.,0.));
#2073=DIRECTION('',(0.,0.,-1.));
#2074=DIRECTION('',(0.,-1.,0.));
#2075=DIRECTION('',(0.,0.,-1.));
#2076=DIRECTION('',(1.,0.,0.));
#2077=DIRECTION('',(0.,0.,-1.));
#2078=DIRECTION('',(1.,0.,0.));
#2079=DIRECTION('',(0.,0.,-1.));
#2080=DIRECTION('',(0.,0.,1.));
#2081=DIRECTION('',(1.,0.,0.));
#2082=DIRECTION('',(0.,0.,1.));
#2083=DIRECTION('',(1.,0.,0.));
#2084=DIRECTION('',(-1.,0.,0.));
#2085=DIRECTION('',(0.,0.,1.));
#2086=DIRECTION('',(0.,-1.,0.));
#2087=DIRECTION('',(0.,0.,-1.));
#2088=DIRECTION('',(0.,-6.35566790767365E-17,-1.));
#2089=DIRECTION('',(0.,1.,-6.35566790767365E-17));
#2090=DIRECTION('',(0.,0.,1.));
#2091=DIRECTION('',(1.,0.,0.));
#2092=DIRECTION('',(0.,1.,0.));
#2093=DIRECTION('',(0.,0.,1.));
#2094=DIRECTION('',(0.,-1.,0.));
#2095=DIRECTION('',(0.,0.,-1.));
#2096=DIRECTION('',(-1.,0.,0.));
#2097=DIRECTION('',(0.,0.,1.));
#2098=CARTESIAN_POINT('',(0.,0.,0.));
#2099=CARTESIAN_POINT('',(0.0392705098312484,0.03,0.07));
#2100=CARTESIAN_POINT('',(0.041,0.002,0.07));
#2101=CARTESIAN_POINT('',(0.041,0.,0.07));
#2102=CARTESIAN_POINT('',(0.043,0.002,0.07));
#2103=CARTESIAN_POINT('',(0.06,0.,0.07));
#2104=CARTESIAN_POINT('',(0.058,0.,0.07));
#2105=CARTESIAN_POINT('',(0.058,0.03,0.07));
#2106=CARTESIAN_POINT('',(0.058,0.06,0.07));
#2107=CARTESIAN_POINT('',(0.0392705098312484,0.06,0.07));
#2108=CARTESIAN_POINT('',(0.041,0.06,0.07));
#2109=CARTESIAN_POINT('',(0.041,0.058,0.07));
#2110=CARTESIAN_POINT('',(0.043,0.058,0.07));
#2111=CARTESIAN_POINT('',(0.043,0.03,0.07));
#2112=CARTESIAN_POINT('',(-0.0054,0.03,0.067));
#2113=CARTESIAN_POINT('',(-0.005,0.003,0.067));
#2114=CARTESIAN_POINT('',(0.056,0.003,0.067));
#2115=CARTESIAN_POINT('',(0.043,0.003,0.067));
#2116=CARTESIAN_POINT('',(0.043,0.03,0.067));
#2117=CARTESIAN_POINT('',(0.043,0.057,0.067));
#2118=CARTESIAN_POINT('',(-0.0054,0.057,0.067));
#2119=CARTESIAN_POINT('',(0.056,0.057,0.067));
#2120=CARTESIAN_POINT('',(0.056,0.03,0.067));
#2121=CARTESIAN_POINT('',(-0.005,0.0516392326124617,0.07));
#2122=CARTESIAN_POINT('',(-0.005,0.,0.07));
#2123=CARTESIAN_POINT('',(-0.005,0.,0.002));
#2124=CARTESIAN_POINT('',(-0.005,0.,0.011));
#2125=CARTESIAN_POINT('',(-0.005,0.003,0.011));
#2126=CARTESIAN_POINT('',(-0.005,0.003,0.008));
#2127=CARTESIAN_POINT('',(-0.005,0.057,0.008));
#2128=CARTESIAN_POINT('',(-0.005,0.057,0.008));
#2129=CARTESIAN_POINT('',(-0.005,0.057,0.011));
#2130=CARTESIAN_POINT('',(-0.005,0.06,0.011));
#2131=CARTESIAN_POINT('',(-0.005,0.06,0.07));
#2132=CARTESIAN_POINT('',(-0.005,0.06,0.002));
#2133=CARTESIAN_POINT('',(-0.005,-0.002,0.002));
#2134=CARTESIAN_POINT('',(-0.0054,0.057,0.065));
#2135=CARTESIAN_POINT('',(0.043,0.057,0.065));
#2136=CARTESIAN_POINT('',(0.043,0.059,0.065));
#2137=CARTESIAN_POINT('',(-0.0054,0.059,0.065));
#2138=CARTESIAN_POINT('',(0.056,0.059,0.065));
#2139=CARTESIAN_POINT('',(0.056,0.057,0.065));
#2140=CARTESIAN_POINT('',(-0.0054,0.003,0.065));
#2141=CARTESIAN_POINT('',(0.058,0.001,0.065));
#2142=CARTESIAN_POINT('',(0.043,0.001,0.065));
#2143=CARTESIAN_POINT('',(0.056,0.001,0.065));
#2144=CARTESIAN_POINT('',(0.043,0.003,0.065));
#2145=CARTESIAN_POINT('',(0.056,0.003,0.065));
#2146=CARTESIAN_POINT('',(0.0335410196624968,0.0371962476533158,-0.015));
#2147=CARTESIAN_POINT('',(0.0335410196624968,0.0371962476533158,-0.0075));
#2148=CARTESIAN_POINT('',(0.0335410196624968,0.0371962476533158,-0.00915));
#2149=CARTESIAN_POINT('',(0.0348159874490686,0.0371962476533158,-0.000794020060754499));
#2150=CARTESIAN_POINT('',(0.0334409770575595,0.0371962476533158,-3.62137705701934E-10));
#2151=CARTESIAN_POINT('',(0.0361910126149913,0.0371962476533158,-0.00158802703579601));
#2152=CARTESIAN_POINT('',(0.0321660035557828,0.0371962476533158,-0.000794010030377251));
#2153=CARTESIAN_POINT('',(0.0308910196624969,0.0371962476533158,-0.001588));
#2154=CARTESIAN_POINT('',(0.0308910196624969,0.0371962476533158,-0.015));
#2155=CARTESIAN_POINT('',(0.0308910196624969,0.0371962476533158,-0.015));
#2156=CARTESIAN_POINT('',(0.0335410196624968,0.0371962476533158,-0.015));
#2157=CARTESIAN_POINT('',(0.0361910196624968,0.0371962476533158,-0.015));
#2158=CARTESIAN_POINT('',(0.0361910196624968,0.0371962476533158,-0.015));
#2159=CARTESIAN_POINT('',(0.0335410196624968,0.0346962476533157,-0.015));
#2160=CARTESIAN_POINT('',(0.0335410196624968,0.0346962476533157,-0.0075));
#2161=CARTESIAN_POINT('',(0.0335410196624968,0.0346962476533157,-0.00915));
#2162=CARTESIAN_POINT('',(0.0321660035557828,0.0346962476533157,-0.000794010030377251));
#2163=CARTESIAN_POINT('',(0.0334409852772322,0.0346962476533157,-8.77624041885697E-9));
#2164=CARTESIAN_POINT('',(0.0308910196624968,0.0346962476533157,-0.001588));
#2165=CARTESIAN_POINT('',(0.0348159874490686,0.0346962476533157,-0.000794020060754499));
#2166=CARTESIAN_POINT('',(0.0361910145024286,0.0346962476533157,-0.00158802986946568));
#2167=CARTESIAN_POINT('',(0.0361910196624968,0.0346962476533157,-0.015));
#2168=CARTESIAN_POINT('',(0.0361910196624968,0.0346962476533157,-0.015));
#2169=CARTESIAN_POINT('',(0.0335410196624968,0.0346962476533157,-0.015));
#2170=CARTESIAN_POINT('',(0.0308910196624968,0.0346962476533157,-0.015));
#2171=CARTESIAN_POINT('',(0.0308910196624968,0.0346962476533157,-0.015));
#2172=CARTESIAN_POINT('',(0.0335410196624968,0.03,0.006));
#2173=CARTESIAN_POINT('',(0.0024719076079667,-0.00255319148936171,0.006));
#2174=CARTESIAN_POINT('',(0.0024719076079667,-0.00255319148936171,0.004));
#2175=CARTESIAN_POINT('',(0.0024719076079667,-0.0025531914893617,0.002));
#2176=CARTESIAN_POINT('',(0.0335410196624968,0.03,0.002));
#2177=CARTESIAN_POINT('',(0.00247190760796671,0.0625531914893617,0.002));
#2178=CARTESIAN_POINT('',(0.0024719076079667,0.0625531914893617,0.006));
#2179=CARTESIAN_POINT('',(0.00247190760796671,0.0625531914893617,0.004));
#2180=CARTESIAN_POINT('',(0.0335410196624968,0.03,0.004));
#2181=CARTESIAN_POINT('',(0.0392705098312484,0.03,0.006));
#2182=CARTESIAN_POINT('',(0.058,0.06,0.006));
#2183=CARTESIAN_POINT('',(0.062,0.06,0.006));
#2184=CARTESIAN_POINT('',(0.058,0.064,0.006));
#2185=CARTESIAN_POINT('',(0.062,-0.002,0.006));
#2186=CARTESIAN_POINT('',(0.062,0.,0.006));
#2187=CARTESIAN_POINT('',(0.058,0.,0.006));
#2188=CARTESIAN_POINT('',(0.058,-0.004,0.006));
#2189=CARTESIAN_POINT('',(0.0392705098312484,-0.004,0.006));
#2190=CARTESIAN_POINT('',(0.00721612650032046,-0.004,0.006));
#2191=CARTESIAN_POINT('',(0.0335410196624968,0.03,0.006));
#2192=CARTESIAN_POINT('',(0.00721612650032046,0.064,0.006));
#2193=CARTESIAN_POINT('',(0.06,0.064,0.006));
#2194=CARTESIAN_POINT('',(0.06,0.03,0.07));
#2195=CARTESIAN_POINT('',(0.06,0.,0.006));
#2196=CARTESIAN_POINT('',(0.06,0.,0.068));
#2197=CARTESIAN_POINT('',(0.06,0.,0.008));
#2198=CARTESIAN_POINT('',(0.06,0.062,0.008));
#2199=CARTESIAN_POINT('',(0.06,0.06,0.008));
#2200=CARTESIAN_POINT('',(0.06,0.06,0.07));
#2201=CARTESIAN_POINT('',(0.06,0.06,0.068));
#2202=CARTESIAN_POINT('',(0.06,0.03,0.068));
#2203=CARTESIAN_POINT('',(0.06,0.05355,0.06155));
#2204=CARTESIAN_POINT('',(0.06,0.05355,0.05895));
#2205=CARTESIAN_POINT('',(0.06,0.00645,0.06155));
#2206=CARTESIAN_POINT('',(0.06,0.00645,0.05895));
#2207=CARTESIAN_POINT('',(0.06,0.03,0.038));
#2208=CARTESIAN_POINT('',(0.06,0.03,0.019));
#2209=CARTESIAN_POINT('',(0.06,0.05355,0.01445));
#2210=CARTESIAN_POINT('',(0.06,0.05355,0.01185));
#2211=CARTESIAN_POINT('',(0.06,0.00645,0.01445));
#2212=CARTESIAN_POINT('',(0.06,0.00645,0.01185));
#2213=CARTESIAN_POINT('',(0.0392705098312484,0.03,0.));
#2214=CARTESIAN_POINT('',(0.0392705098312484,0.,0.));
#2215=CARTESIAN_POINT('',(0.00109105818332092,0.,0.));
#2216=CARTESIAN_POINT('',(-0.003,0.,0.));
#2217=CARTESIAN_POINT('',(-0.003,0.062,0.));
#2218=CARTESIAN_POINT('',(-0.003,0.06,0.));
#2219=CARTESIAN_POINT('',(0.0019024356233841,0.06,0.));
#2220=CARTESIAN_POINT('',(0.00109105818332093,0.06,0.));
#2221=CARTESIAN_POINT('',(0.00109105818332093,0.064,0.));
#2222=CARTESIAN_POINT('',(0.00385275703261249,0.0611063829787234,0.));
#2223=CARTESIAN_POINT('',(0.0335410196624968,0.03,0.));
#2224=CARTESIAN_POINT('',(0.00385275703261249,-0.0011063829787234,0.));
#2225=CARTESIAN_POINT('',(0.00109105818332092,-0.004,0.));
#2226=CARTESIAN_POINT('',(0.0335410196624968,0.0302626475456759,0.));
#2227=CARTESIAN_POINT('',(0.0308910196624968,0.0435,0.));
#2228=CARTESIAN_POINT('',(0.0361910196624968,0.0435,0.));
#2229=CARTESIAN_POINT('',(0.0335410196624968,0.0435,0.));
#2230=CARTESIAN_POINT('',(-0.0054,0.001,0.038));
#2231=CARTESIAN_POINT('',(-0.0054,0.001,0.011));
#2232=CARTESIAN_POINT('',(0.056,0.001,0.011));
#2233=CARTESIAN_POINT('',(-0.004,0.001,0.011));
#2234=CARTESIAN_POINT('',(-0.004,0.001,0.038));
#2235=CARTESIAN_POINT('',(-0.004,0.001,0.068));
#2236=CARTESIAN_POINT('',(-0.003,0.001,0.068));
#2237=CARTESIAN_POINT('',(-0.003,0.001,0.069));
#2238=CARTESIAN_POINT('',(-0.0054,0.001,0.069));
#2239=CARTESIAN_POINT('',(0.041,0.001,0.069));
#2240=CARTESIAN_POINT('',(0.041,0.001,0.065));
#2241=CARTESIAN_POINT('',(0.041,0.001,0.0678284271247462));
#2242=CARTESIAN_POINT('',(0.041,0.001,0.0678284271247462));
#2243=CARTESIAN_POINT('',(0.041,0.001,0.0672194701915349));
#2244=CARTESIAN_POINT('',(0.0415132645377996,0.001,0.0660569446030868));
#2245=CARTESIAN_POINT('',(0.0425094586370863,0.001,0.0653468668584962));
#2246=CARTESIAN_POINT('',(0.043,0.001,0.065));
#2247=CARTESIAN_POINT('',(0.056,0.001,0.038));
#2248=CARTESIAN_POINT('',(-0.0054,0.03,0.009));
#2249=CARTESIAN_POINT('',(-0.005,0.057,0.009));
#2250=CARTESIAN_POINT('',(0.056,0.057,0.009));
#2251=CARTESIAN_POINT('',(-0.004,0.057,0.009));
#2252=CARTESIAN_POINT('',(-0.004,0.003,0.009));
#2253=CARTESIAN_POINT('',(-0.004,0.003,0.009));
#2254=CARTESIAN_POINT('',(-0.0054,0.003,0.009));
#2255=CARTESIAN_POINT('',(0.056,0.003,0.009));
#2256=CARTESIAN_POINT('',(0.056,0.059,0.009));
#2257=CARTESIAN_POINT('',(-0.0054,0.059,0.038));
#2258=CARTESIAN_POINT('',(0.041,0.059,0.0678284271247462));
#2259=CARTESIAN_POINT('',(0.041,0.059,0.067219470191535));
#2260=CARTESIAN_POINT('',(0.0415132645378022,0.059,0.0660569446030905));
#2261=CARTESIAN_POINT('',(0.042509458637081,0.059,0.0653468668584888));
#2262=CARTESIAN_POINT('',(0.043,0.059,0.065));
#2263=CARTESIAN_POINT('',(0.041,0.059,0.0678284271247462));
#2264=CARTESIAN_POINT('',(0.041,0.059,0.038));
#2265=CARTESIAN_POINT('',(0.041,0.059,0.069));
#2266=CARTESIAN_POINT('',(-0.003,0.059,0.069));
#2267=CARTESIAN_POINT('',(-0.003,0.059,0.069));
#2268=CARTESIAN_POINT('',(-0.003,0.059,0.068));
#2269=CARTESIAN_POINT('',(-0.004,0.059,0.068));
#2270=CARTESIAN_POINT('',(-0.004,0.059,0.011));
#2271=CARTESIAN_POINT('',(-0.004,0.059,0.011));
#2272=CARTESIAN_POINT('',(0.058,0.059,0.011));
#2273=CARTESIAN_POINT('',(0.056,0.059,0.011));
#2274=CARTESIAN_POINT('',(0.056,0.059,0.067));
#2275=CARTESIAN_POINT('',(0.0335410196624968,0.0435,0.006));
#2276=CARTESIAN_POINT('',(0.0335410196624968,0.0435,-0.0075));
#2277=CARTESIAN_POINT('',(0.0335410196624968,0.0435,-0.00585));
#2278=CARTESIAN_POINT('',(0.0308910196624968,0.0435,0.006));
#2279=CARTESIAN_POINT('',(0.0308910196624968,0.0435,-0.015));
#2280=CARTESIAN_POINT('',(0.0361910196624968,0.0435,0.006));
#2281=CARTESIAN_POINT('',(0.0361910196624968,0.0435,-0.015));
#2282=CARTESIAN_POINT('',(0.0335410196624968,0.0435,-0.015));
#2283=CARTESIAN_POINT('',(0.0335410196624968,0.0302626475456759,0.006));
#2284=CARTESIAN_POINT('',(0.0335410196624968,0.0302626475456759,-0.015));
#2285=CARTESIAN_POINT('',(0.0335410196624968,0.0329962476533157,-0.015));
#2286=CARTESIAN_POINT('',(0.0335410196624968,0.0329962476533157,-0.0075));
#2287=CARTESIAN_POINT('',(0.0335410196624968,0.0329962476533157,-0.00915));
#2288=CARTESIAN_POINT('',(0.0335410196624968,0.0329962476533157,0.));
#2289=CARTESIAN_POINT('',(0.0308910196624969,0.0329962476533157,0.));
#2290=CARTESIAN_POINT('',(0.0361910196624968,0.0329962476533157,0.));
#2291=CARTESIAN_POINT('',(0.0308910196624969,0.0329962476533157,-0.015));
#2292=CARTESIAN_POINT('',(0.0308910196624969,0.0329962476533157,-0.015));
#2293=CARTESIAN_POINT('',(0.0335410196624968,0.0329962476533157,-0.015));
#2294=CARTESIAN_POINT('',(0.0361910196624968,0.0329962476533157,-0.015));
#2295=CARTESIAN_POINT('',(0.0361910196624968,0.0329962476533157,-0.015));
#2296=CARTESIAN_POINT('',(0.0361910196624968,0.0359462476533157,-0.015));
#2297=CARTESIAN_POINT('',(0.0361910126149913,-0.015002,-0.00158802703579601));
#2298=CARTESIAN_POINT('',(0.0361910196624968,0.0359462476533157,-0.015));
#2299=CARTESIAN_POINT('',(0.0308910196624969,0.0359462476533157,-0.015));
#2300=CARTESIAN_POINT('',(0.0308910196624969,-0.015002,-0.001588));
#2301=CARTESIAN_POINT('',(0.0308910196624969,0.0359462476533157,-0.015));
#2302=CARTESIAN_POINT('',(0.0335410196624968,0.03,-0.015));
#2303=CARTESIAN_POINT('',(0.0335410196624968,0.03,0.));
#2304=CARTESIAN_POINT('',(0.0335410196624968,0.03,-0.015));
#2305=CARTESIAN_POINT('',(0.0392705098312484,0.03,-0.015));
#2306=CARTESIAN_POINT('',(0.0392705098312484,0.03,0.));
#2307=CARTESIAN_POINT('',(0.058,0.05355,0.01445));
#2308=CARTESIAN_POINT('',(0.058,0.05355,0.01445));
#2309=CARTESIAN_POINT('',(0.058,0.05355,0.01185));
#2310=CARTESIAN_POINT('',(0.058,0.03,0.038));
#2311=CARTESIAN_POINT('',(0.058,0.03,0.038));
#2312=CARTESIAN_POINT('',(0.058,0.03,0.019));
#2313=CARTESIAN_POINT('',(0.058,0.00645,0.06155));
#2314=CARTESIAN_POINT('',(0.058,0.00645,0.06155));
#2315=CARTESIAN_POINT('',(0.058,0.00645,0.05895));
#2316=CARTESIAN_POINT('',(0.058,0.05355,0.06155));
#2317=CARTESIAN_POINT('',(0.058,0.05355,0.06155));
#2318=CARTESIAN_POINT('',(0.058,0.05355,0.05895));
#2319=CARTESIAN_POINT('',(0.058,0.00645,0.01445));
#2320=CARTESIAN_POINT('',(0.058,0.00645,0.01445));
#2321=CARTESIAN_POINT('',(0.058,0.00645,0.01185));
#2322=CARTESIAN_POINT('',(0.058,0.03,0.038));
#2323=CARTESIAN_POINT('',(0.058,0.001,0.011));
#2324=CARTESIAN_POINT('',(0.058,0.057,0.011));
#2325=CARTESIAN_POINT('',(0.058,0.003,0.011));
#2326=CARTESIAN_POINT('',(0.058,0.003,0.038));
#2327=CARTESIAN_POINT('',(0.058,0.003,0.065));
#2328=CARTESIAN_POINT('',(0.058,0.03,0.065));
#2329=CARTESIAN_POINT('',(0.058,0.057,0.065));
#2330=CARTESIAN_POINT('',(0.058,0.057,0.009));
#2331=CARTESIAN_POINT('',(0.03,0.062,0.07));
#2332=CARTESIAN_POINT('',(-0.003,0.062,0.07));
#2333=CARTESIAN_POINT('',(-0.003,0.062,0.002));
#2334=CARTESIAN_POINT('',(-0.003,0.062,0.068));
#2335=CARTESIAN_POINT('',(0.03,0.062,0.068));
#2336=CARTESIAN_POINT('',(0.058,0.062,0.068));
#2337=CARTESIAN_POINT('',(0.058,0.062,0.07));
#2338=CARTESIAN_POINT('',(0.058,0.062,0.008));
#2339=CARTESIAN_POINT('',(0.0019024356233841,0.062,0.008));
#2340=CARTESIAN_POINT('',(0.00721612650032046,0.062,0.008));
#2341=CARTESIAN_POINT('',(0.00109105818332093,0.062,0.004));
#2342=CARTESIAN_POINT('',(0.00109105818332093,0.062,0.0046830131450868));
#2343=CARTESIAN_POINT('',(0.00162953378133758,0.062,0.00599713466097203));
#2344=CARTESIAN_POINT('',(0.0032854449816525,0.062,0.0072366871432967));
#2345=CARTESIAN_POINT('',(0.00521769031584189,0.062,0.00787692983837442));
#2346=CARTESIAN_POINT('',(0.00654144818138324,0.062,0.008));
#2347=CARTESIAN_POINT('',(0.00721612650032046,0.062,0.008));
#2348=CARTESIAN_POINT('',(0.00109105818332093,0.062,0.004));
#2349=CARTESIAN_POINT('',(0.00109105818332093,0.062,0.07));
#2350=CARTESIAN_POINT('',(0.00109105818332093,0.062,0.002));
#2351=CARTESIAN_POINT('',(-0.005,0.062,0.002));
#2352=CARTESIAN_POINT('',(0.03,-0.002,0.07));
#2353=CARTESIAN_POINT('',(0.058,-0.002,0.07));
#2354=CARTESIAN_POINT('',(0.058,-0.002,0.008));
#2355=CARTESIAN_POINT('',(0.058,-0.002,0.068));
#2356=CARTESIAN_POINT('',(-0.005,-0.002,0.068));
#2357=CARTESIAN_POINT('',(-0.003,-0.002,0.068));
#2358=CARTESIAN_POINT('',(-0.003,-0.002,0.));
#2359=CARTESIAN_POINT('',(-0.003,-0.002,0.002));
#2360=CARTESIAN_POINT('',(0.03,-0.002,0.002));
#2361=CARTESIAN_POINT('',(0.00109105818332092,-0.002,0.002));
#2362=CARTESIAN_POINT('',(0.00109105818332092,-0.002,0.006));
#2363=CARTESIAN_POINT('',(0.00109105818332092,-0.002,0.004));
#2364=CARTESIAN_POINT('',(0.00721612650032046,-0.002,0.008));
#2365=CARTESIAN_POINT('',(0.00654134571126468,-0.002,0.008));
#2366=CARTESIAN_POINT('',(0.00520151952579895,-0.002,0.00787407528327362));
#2367=CARTESIAN_POINT('',(0.00327896917369897,-0.002,0.00723337348224525));
#2368=CARTESIAN_POINT('',(0.00162306592604802,-0.002,0.00598768521723258));
#2369=CARTESIAN_POINT('',(0.00109105818332091,-0.002,0.00468224872215597));
#2370=CARTESIAN_POINT('',(0.00109105818332091,-0.002,0.004));
#2371=CARTESIAN_POINT('',(0.00721612650032046,-0.002,0.008));
#2372=CARTESIAN_POINT('',(0.03,-0.002,0.008));
#2373=CARTESIAN_POINT('',(0.00109105818332093,0.064,0.006));
#2374=CARTESIAN_POINT('',(0.00109105818332093,0.064,0.002));
#2375=CARTESIAN_POINT('',(0.00109105818332093,0.064,0.004));
#2376=CARTESIAN_POINT('',(0.00109105818332093,0.064,0.002));
#2377=CARTESIAN_POINT('',(0.00109105818332093,0.06,0.002));
#2378=CARTESIAN_POINT('',(0.00385275703261249,0.0611063829787234,0.002));
#2379=CARTESIAN_POINT('',(0.00721612650032046,0.062,0.008));
#2380=CARTESIAN_POINT('',(0.00721612650032047,0.062,0.006));
#2381=CARTESIAN_POINT('',(0.00721612650032047,0.064,0.006));
#2382=CARTESIAN_POINT('',(0.00654099730017517,0.062,0.00800000000047491));
#2383=CARTESIAN_POINT('',(0.00668904740663848,0.0619999999999935,0.00615699175878843));
#2384=CARTESIAN_POINT('',(0.00666751556318524,0.0638365949327872,0.006));
#2385=CARTESIAN_POINT('',(0.00521631250576046,0.062,0.00787692495349538));
#2386=CARTESIAN_POINT('',(0.00560315307529489,0.0620000000000029,0.00634223990223538));
#2387=CARTESIAN_POINT('',(0.00560913182585931,0.063517554512506,0.00593846247685793));
#2388=CARTESIAN_POINT('',(0.00328311264706867,0.062,0.00723506087811234));
#2389=CARTESIAN_POINT('',(0.00389793064627737,0.0619999999999992,0.00616958507169744));
#2390=CARTESIAN_POINT('',(0.0041121698468892,0.0630594390106313,0.0056175304390265));
#2391=CARTESIAN_POINT('',(0.00162592846692527,0.062,0.00599611845032974));
#2392=CARTESIAN_POINT('',(0.00239216053693164,0.0620000000000006,0.00543020544055514));
#2393=CARTESIAN_POINT('',(0.00286600663900249,0.0626750208908552,0.00499805922517333));
#2394=CARTESIAN_POINT('',(0.00109105819050148,0.062,0.00467363212311576));
#2395=CARTESIAN_POINT('',(0.00189229180656465,0.0619999999999992,0.0044781956534946));
#2396=CARTESIAN_POINT('',(0.00247190761156961,0.0625531914928003,0.00433681606155803));
#2397=CARTESIAN_POINT('',(0.00109105818332094,0.062,0.00399999999999998));
#2398=CARTESIAN_POINT('',(0.00189229180009072,0.062,0.00399999999999999));
#2399=CARTESIAN_POINT('',(0.00247190760796672,0.0625531914893617,0.00399999999999999));
#2400=CARTESIAN_POINT('',(0.00721612650032046,0.064,0.008));
#2401=CARTESIAN_POINT('',(0.00721612650032046,0.064,0.006));
#2402=CARTESIAN_POINT('',(0.00675726090865345,0.0638633257966727,0.006));
#2403=CARTESIAN_POINT('',(0.00584569234885597,0.0635891126726665,0.00595642447976191));
#2404=CARTESIAN_POINT('',(0.00449103652170557,0.0631757611232368,0.00571857916170769));
#2405=CARTESIAN_POINT('',(0.00340552031328294,0.0628415243148611,0.0053031112234662));
#2406=CARTESIAN_POINT('',(0.00267497659076689,0.0626159492403608,0.00470326572463718));
#2407=CARTESIAN_POINT('',(0.00247190760796672,0.0625531914893617,0.0042432390772231));
#2408=CARTESIAN_POINT('',(0.00247190760796672,0.0625531914893617,0.004));
#2409=CARTESIAN_POINT('',(0.0335410196624968,0.03,0.002));
#2410=CARTESIAN_POINT('',(0.00385275703261249,-0.0011063829787234,0.002));
#2411=CARTESIAN_POINT('',(0.0392705098312484,0.06,0.002));
#2412=CARTESIAN_POINT('',(-0.003,0.06,0.002));
#2413=CARTESIAN_POINT('',(0.03,0.064,0.008));
#2414=CARTESIAN_POINT('',(0.058,0.064,0.008));
#2415=CARTESIAN_POINT('',(0.0335410196624968,0.03,0.004));
#2416=CARTESIAN_POINT('',(0.00247190760796671,-0.00255319148936171,0.004));
#2417=CARTESIAN_POINT('',(0.00247190760796671,-0.00255319148936171,0.00424381742622043));
#2418=CARTESIAN_POINT('',(0.00267527923592929,-0.00261604273770235,0.00470330482783631));
#2419=CARTESIAN_POINT('',(0.0034044423559429,-0.00284119127302139,0.00530233132297153));
#2420=CARTESIAN_POINT('',(0.00448720156894451,-0.00317458241238755,0.00571746800455128));
#2421=CARTESIAN_POINT('',(0.00584251904539322,-0.00358815587673442,0.00595626184152811));
#2422=CARTESIAN_POINT('',(0.006757163386315,-0.00386329674941315,0.006));
#2423=CARTESIAN_POINT('',(0.00721612650032046,-0.004,0.006));
#2424=CARTESIAN_POINT('',(0.00109105818332092,-0.004,0.006));
#2425=CARTESIAN_POINT('',(0.00109105818332092,-0.004,0.002));
#2426=CARTESIAN_POINT('',(0.00109105818332092,-0.004,0.004));
#2427=CARTESIAN_POINT('',(0.00109105818332092,-0.004,0.002));
#2428=CARTESIAN_POINT('',(0.00109105818332092,0.,0.002));
#2429=CARTESIAN_POINT('',(-0.003,0.06,0.002));
#2430=CARTESIAN_POINT('',(-0.003,0.06,0.002));
#2431=CARTESIAN_POINT('',(-0.003,0.06,0.002));
#2432=CARTESIAN_POINT('',(0.058,0.06,0.008));
#2433=CARTESIAN_POINT('',(0.058,0.06,0.008));
#2434=CARTESIAN_POINT('',(0.062,0.06,0.008));
#2435=CARTESIAN_POINT('',(0.00109105818332092,-0.002,0.004));
#2436=CARTESIAN_POINT('',(0.0018922918000907,-0.002,0.004));
#2437=CARTESIAN_POINT('',(0.00247190760796671,-0.0025531914893617,0.004));
#2438=CARTESIAN_POINT('',(0.00109105820025004,-0.002,0.00468329056922382));
#2439=CARTESIAN_POINT('',(0.00189229181536507,-0.00200000000000047,0.00448505195813557));
#2440=CARTESIAN_POINT('',(0.00247190761644814,-0.00255319149745648,0.00434164528461132));
#2441=CARTESIAN_POINT('',(0.00162492915525475,-0.002,0.00599059608057522));
#2442=CARTESIAN_POINT('',(0.00239138027515388,-0.00199999999999977,0.00542631741873297));
#2443=CARTESIAN_POINT('',(0.00286524590824128,-0.00267478806225657,0.00499529804030598));
#2444=CARTESIAN_POINT('',(0.00328387137090031,-0.002,0.00723636960283047));
#2445=CARTESIAN_POINT('',(0.00389830343886612,-0.00200000000000007,0.00617045432712814));
#2446=CARTESIAN_POINT('',(0.0041127874737259,-0.00305962265468836,0.00561818480135184));
#2447=CARTESIAN_POINT('',(0.00521266980984025,-0.002,0.00787636682148637));
#2448=CARTESIAN_POINT('',(0.00560062982155243,-0.00199999999999994,0.00634248976624573));
#2449=CARTESIAN_POINT('',(0.00560619399571899,-0.00351667556098268,0.00593818341097879));
#2450=CARTESIAN_POINT('',(0.00654694399375192,-0.002,0.00800000000101458));
#2451=CARTESIAN_POINT('',(0.00669350937019779,-0.00200000000000009,0.00615566275299333));
#2452=CARTESIAN_POINT('',(0.00667234785466847,-0.00383803424227855,0.006));
#2453=CARTESIAN_POINT('',(0.00721612650032045,-0.002,0.008));
#2454=CARTESIAN_POINT('',(0.00721612650032046,-0.002,0.00600000000000001));
#2455=CARTESIAN_POINT('',(0.00721612650032046,-0.00399999999999999,0.006));
#2456=CARTESIAN_POINT('',(0.00721612650032046,-0.004,0.008));
#2457=CARTESIAN_POINT('',(0.03,0.,0.002));
#2458=CARTESIAN_POINT('',(-0.003,0.,0.002));
#2459=CARTESIAN_POINT('',(-0.003,0.03,0.002));
#2460=CARTESIAN_POINT('',(-0.003,0.,0.002));
#2461=CARTESIAN_POINT('',(-0.003,0.06,0.07));
#2462=CARTESIAN_POINT('',(-0.005,0.06,0.07));
#2463=CARTESIAN_POINT('',(-0.005,0.06,0.068));
#2464=CARTESIAN_POINT('',(-0.003,0.06,0.068));
#2465=CARTESIAN_POINT('',(0.03,0.06,0.068));
#2466=CARTESIAN_POINT('',(0.058,0.06,0.068));
#2467=CARTESIAN_POINT('',(-0.003,0.06,0.068));
#2468=CARTESIAN_POINT('',(-0.003,0.06,0.07));
#2469=CARTESIAN_POINT('',(0.0392705098312484,0.06,0.07));
#2470=CARTESIAN_POINT('',(0.058,0.06,0.07));
#2471=CARTESIAN_POINT('',(0.058,0.06,0.068));
#2472=CARTESIAN_POINT('',(0.062,0.03,0.008));
#2473=CARTESIAN_POINT('',(0.062,0.,0.008));
#2474=CARTESIAN_POINT('',(0.03,-0.004,0.008));
#2475=CARTESIAN_POINT('',(0.058,-0.004,0.008));
#2476=CARTESIAN_POINT('',(-0.003,0.,0.002));
#2477=CARTESIAN_POINT('',(-0.003,0.,0.002));
#2478=CARTESIAN_POINT('',(-0.003,0.06,0.068));
#2479=CARTESIAN_POINT('',(-0.003,0.06,0.068));
#2480=CARTESIAN_POINT('',(0.058,0.06,0.068));
#2481=CARTESIAN_POINT('',(0.058,0.06,0.068));
#2482=CARTESIAN_POINT('',(0.058,0.,0.008));
#2483=CARTESIAN_POINT('',(0.058,0.,0.008));
#2484=CARTESIAN_POINT('',(-0.003,0.,0.07));
#2485=CARTESIAN_POINT('',(-0.003,0.,0.068));
#2486=CARTESIAN_POINT('',(-0.005,0.,0.068));
#2487=CARTESIAN_POINT('',(-0.005,0.,0.07));
#2488=CARTESIAN_POINT('',(0.058,0.03,0.068));
#2489=CARTESIAN_POINT('',(0.058,0.,0.068));
#2490=CARTESIAN_POINT('',(0.058,0.,0.07));
#2491=CARTESIAN_POINT('',(0.058,0.,0.068));
#2492=CARTESIAN_POINT('',(-0.003,0.,0.068));
#2493=CARTESIAN_POINT('',(-0.003,0.,0.068));
#2494=CARTESIAN_POINT('',(-0.003,0.,0.07));
#2495=CARTESIAN_POINT('',(-0.003,0.,0.068));
#2496=CARTESIAN_POINT('',(0.058,0.,0.068));
#2497=CARTESIAN_POINT('',(0.058,0.,0.068));
#2498=CARTESIAN_POINT('',(0.0392705098312484,0.,0.068));
#2499=CARTESIAN_POINT('',(0.06,0.,0.07));
#2500=CARTESIAN_POINT('',(0.0335410196624968,0.031,-0.0075));
#2501=CARTESIAN_POINT('',(0.0335410196624968,0.031,-0.0075));
#2502=CARTESIAN_POINT('',(0.0348159874490686,-0.015002,-0.000794020060754499));
#2503=CARTESIAN_POINT('',(0.0334409874490686,-0.015002,-1.0030377251165E-8));
#2504=CARTESIAN_POINT('',(0.0321660035557828,-0.015002,-0.000794010030377251));
#2505=CARTESIAN_POINT('',(-0.0054,0.057,0.011));
#2506=CARTESIAN_POINT('',(-0.004,0.057,0.011));
#2507=CARTESIAN_POINT('',(0.056,0.057,0.011));
#2508=CARTESIAN_POINT('',(0.056,0.057,0.011));
#2509=CARTESIAN_POINT('',(0.056,0.057,0.011));
#2510=CARTESIAN_POINT('',(0.056,0.057,0.011));
#2511=CARTESIAN_POINT('',(-0.0054,0.003,0.011));
#2512=CARTESIAN_POINT('',(-0.004,0.003,0.011));
#2513=CARTESIAN_POINT('',(0.056,0.003,0.011));
#2514=CARTESIAN_POINT('',(0.056,0.03,0.011));
#2515=CARTESIAN_POINT('',(0.056,0.003,0.011));
#2516=CARTESIAN_POINT('',(0.056,0.057,0.038));
#2517=CARTESIAN_POINT('',(0.056,0.057,0.065));
#2518=CARTESIAN_POINT('',(0.056,0.003,0.011));
#2519=CARTESIAN_POINT('',(0.056,0.003,0.011));
#2520=CARTESIAN_POINT('',(0.056,0.057,0.065));
#2521=CARTESIAN_POINT('',(0.056,0.057,0.065));
#2522=CARTESIAN_POINT('',(0.056,0.003,0.038));
#2523=CARTESIAN_POINT('',(0.056,0.003,0.065));
#2524=CARTESIAN_POINT('',(0.056,0.03,0.065));
#2525=CARTESIAN_POINT('',(0.056,0.003,0.065));
#2526=CARTESIAN_POINT('',(0.056,0.003,0.065));
#2527=CARTESIAN_POINT('',(0.042,0.03,0.045));
#2528=CARTESIAN_POINT('',(0.042,0.03,0.068));
#2529=CARTESIAN_POINT('',(0.042,0.057,0.068));
#2530=CARTESIAN_POINT('',(0.042,0.003,0.068));
#2531=CARTESIAN_POINT('',(0.042,0.003,0.065));
#2532=CARTESIAN_POINT('',(0.042,0.002,0.0678284271247462));
#2533=CARTESIAN_POINT('',(0.042,0.002,0.07));
#2534=CARTESIAN_POINT('',(0.042,0.002,0.069));
#2535=CARTESIAN_POINT('',(0.042,0.03,0.069));
#2536=CARTESIAN_POINT('',(0.042,0.058,0.069));
#2537=CARTESIAN_POINT('',(0.042,0.058,0.045));
#2538=CARTESIAN_POINT('',(0.042,0.058,0.0678284271247462));
#2539=CARTESIAN_POINT('',(0.042,0.057,0.065));
#2540=CARTESIAN_POINT('',(-0.004,0.057,0.011));
#2541=CARTESIAN_POINT('',(-0.004,0.057,0.008));
#2542=CARTESIAN_POINT('',(-0.004,0.06,0.011));
#2543=CARTESIAN_POINT('',(-0.004,0.06,0.038));
#2544=CARTESIAN_POINT('',(-0.004,0.06,0.068));
#2545=CARTESIAN_POINT('',(-0.004,0.03,0.008));
#2546=CARTESIAN_POINT('',(-0.004,0.003,0.008));
#2547=CARTESIAN_POINT('',(-0.003,0.06,0.068));
#2548=CARTESIAN_POINT('',(-0.003,0.06,0.069));
#2549=CARTESIAN_POINT('',(-0.004,0.003,0.011));
#2550=CARTESIAN_POINT('',(-0.004,6.07153216591882E-18,0.011));
#2551=CARTESIAN_POINT('',(-0.0054,0.06,0.069));
#2552=CARTESIAN_POINT('',(0.041,0.06,0.069));
#2553=CARTESIAN_POINT('',(-0.004,6.93889390390723E-18,0.07));
#2554=CARTESIAN_POINT('',(-0.004,6.72205346941013E-18,0.068));
#2555=CARTESIAN_POINT('',(0.041,0.058,0.069));
#2556=CARTESIAN_POINT('',(0.041,0.058,0.069));
#2557=CARTESIAN_POINT('',(0.043,0.058,0.069));
#2558=CARTESIAN_POINT('',(-0.003,6.93889390390723E-18,0.068));
#2559=CARTESIAN_POINT('',(-0.003,6.72205346941013E-18,0.069));
#2560=CARTESIAN_POINT('',(0.041,0.058,0.038));
#2561=CARTESIAN_POINT('',(0.041,0.058,0.0678284271247462));
#2562=CARTESIAN_POINT('',(0.043,0.03,0.069));
#2563=CARTESIAN_POINT('',(0.043,0.002,0.069));
#2564=CARTESIAN_POINT('',(-0.0054,6.74074661031505E-18,0.069));
#2565=CARTESIAN_POINT('',(0.041,6.72205346941013E-18,0.069));
#2566=CARTESIAN_POINT('',(0.042,0.058,0.0678284271247462));
#2567=CARTESIAN_POINT('',(0.042,0.059,0.0678284271247462));
#2568=CARTESIAN_POINT('',(0.041,0.059,0.0678284271247462));
#2569=CARTESIAN_POINT('',(0.042,0.0580478441692065,0.0676592724277875));
#2570=CARTESIAN_POINT('',(0.0419532736121093,0.0589999999999994,0.0676632244304042));
#2571=CARTESIAN_POINT('',(0.0410000000152403,0.059,0.0675239486606671));
#2572=CARTESIAN_POINT('',(0.0420615889713842,0.0581672072675517,0.0673139556160005));
#2573=CARTESIAN_POINT('',(0.0419059666417843,0.0590000035055514,0.0672942027635283));
#2574=CARTESIAN_POINT('',(0.0411231779356926,0.059,0.0669258472246397));
#2575=CARTESIAN_POINT('',(0.042302759841133,0.0584585531353786,0.066750524825102));
#2576=CARTESIAN_POINT('',(0.0420466404307002,0.0589999890347979,0.0665859042270953));
#2577=CARTESIAN_POINT('',(0.0416055196841708,0.059,0.0661423835134695));
#2578=CARTESIAN_POINT('',(0.042629362448598,0.0588459022237075,0.0660358123023127));
#2579=CARTESIAN_POINT('',(0.0424292069648381,0.0590000362443396,0.0658121855941945));
#2580=CARTESIAN_POINT('',(0.0422587248966526,0.059,0.0655249581057896));
#2581=CARTESIAN_POINT('',(0.0428773646592722,0.059,0.0653468669452041));
#2582=CARTESIAN_POINT('',(0.0428160469351057,0.0589999248958469,0.0652601501761782));
#2583=CARTESIAN_POINT('',(0.0427547293185402,0.059,0.0651734334292454));
#2584=CARTESIAN_POINT('',(0.043,0.059,0.065));
#2585=CARTESIAN_POINT('',(0.043,0.059,0.065));
#2586=CARTESIAN_POINT('',(0.043,0.059,0.065));
#2587=CARTESIAN_POINT('',(0.042,0.058,0.0678284271247462));
#2588=CARTESIAN_POINT('',(0.042,0.0580728883731933,0.067570727809973));
#2589=CARTESIAN_POINT('',(0.042141451074227,0.058267224738586,0.0670896850068479));
#2590=CARTESIAN_POINT('',(0.0424478165332606,0.0586338520677913,0.066448526809942));
#2591=CARTESIAN_POINT('',(0.0427314686992901,0.058925866231889,0.0657584757077162));
#2592=CARTESIAN_POINT('',(0.0429116575130293,0.059,0.0652498693858817));
#2593=CARTESIAN_POINT('',(0.043,0.059,0.065));
#2594=CARTESIAN_POINT('',(0.041,0.002,0.069));
#2595=CARTESIAN_POINT('',(0.041,0.002,0.069));
#2596=CARTESIAN_POINT('',(0.043,0.057,0.065));
#2597=CARTESIAN_POINT('',(0.043,0.057,0.068));
#2598=CARTESIAN_POINT('',(0.041,0.002,0.045));
#2599=CARTESIAN_POINT('',(0.041,0.002,0.0678284271247462));
#2600=CARTESIAN_POINT('',(0.043,0.03,0.068));
#2601=CARTESIAN_POINT('',(0.043,0.003,0.068));
#2602=CARTESIAN_POINT('',(0.041,0.001,0.0678284271247462));
#2603=CARTESIAN_POINT('',(0.042,0.001,0.0678284271247462));
#2604=CARTESIAN_POINT('',(0.042,0.002,0.0678284271247462));
#2605=CARTESIAN_POINT('',(0.0410000000152403,0.001,0.0675239486606671));
#2606=CARTESIAN_POINT('',(0.0419532736121097,0.00100000000000084,0.067663224430403));
#2607=CARTESIAN_POINT('',(0.042,0.00195215583079338,0.0676592724277875));
#2608=CARTESIAN_POINT('',(0.0411231779356926,0.001,0.0669258472246394));
#2609=CARTESIAN_POINT('',(0.0419059666417781,0.000999996494448506,0.0672942027635197));
#2610=CARTESIAN_POINT('',(0.0420615889713843,0.00183279273244841,0.067313955616));
#2611=CARTESIAN_POINT('',(0.0416055196841709,0.001,0.0661423835134703));
#2612=CARTESIAN_POINT('',(0.0420466404307193,0.00100001096520222,0.0665859042271235));
#2613=CARTESIAN_POINT('',(0.0423027598411327,0.00154144686462142,0.0667505248251036));
#2614=CARTESIAN_POINT('',(0.0422587248966521,0.001,0.0655249581057867));
#2615=CARTESIAN_POINT('',(0.0424292069647752,0.000999963755660114,0.0658121855941009));
#2616=CARTESIAN_POINT('',(0.0426293624485989,0.00115409777629252,0.0660358123023069));
#2617=CARTESIAN_POINT('',(0.0427547293185412,0.001,0.0651734334292516));
#2618=CARTESIAN_POINT('',(0.042816046935236,0.00100007510415361,0.065260150176372));
#2619=CARTESIAN_POINT('',(0.0428773646592701,0.001,0.0653468669452166));
#2620=CARTESIAN_POINT('',(0.043,0.001,0.065));
#2621=CARTESIAN_POINT('',(0.043,0.001,0.065));
#2622=CARTESIAN_POINT('',(0.043,0.001,0.065));
#2623=CARTESIAN_POINT('',(0.042,0.002,0.0678284271247462));
#2624=CARTESIAN_POINT('',(0.042,0.0019271116268067,0.067570727809973));
#2625=CARTESIAN_POINT('',(0.042141451074227,0.00173277526141406,0.0670896850068479));
#2626=CARTESIAN_POINT('',(0.0424478165332606,0.00136614793220869,0.0664485268099421));
#2627=CARTESIAN_POINT('',(0.0427314686992902,0.00107413376811106,0.0657584757077163));
#2628=CARTESIAN_POINT('',(0.0429116575130291,0.001,0.0652498693858816));
#2629=CARTESIAN_POINT('',(0.043,0.001,0.065));
#2630=CARTESIAN_POINT('',(0.043,0.003,0.065));
#2631=MECHANICAL_DESIGN_GEOMETRIC_PRESENTATION_REPRESENTATION('',(#1424),
#2632);
#2632=(
GEOMETRIC_REPRESENTATION_CONTEXT(3)
GLOBAL_UNCERTAINTY_ASSIGNED_CONTEXT((#2633))
GLOBAL_UNIT_ASSIGNED_CONTEXT((#2636,#2635,#2634))
REPRESENTATION_CONTEXT('Wrist Pitch mount','TOP_LEVEL_ASSEMBLY_PART')
);
#2633=UNCERTAINTY_MEASURE_WITH_UNIT(LENGTH_MEASURE(2.E-5),#2636,
'DISTANCE_ACCURACY_VALUE','Maximum Tolerance applied to model');
#2634=(
NAMED_UNIT(*)
SI_UNIT($,.STERADIAN.)
SOLID_ANGLE_UNIT()
);
#2635=(
NAMED_UNIT(*)
PLANE_ANGLE_UNIT()
SI_UNIT($,.RADIAN.)
);
#2636=(
LENGTH_UNIT()
NAMED_UNIT(*)
SI_UNIT($,.METRE.)
);
#2637=PRODUCT_DEFINITION_SHAPE('','',#2638);
#2638=PRODUCT_DEFINITION('','',#2640,#2639);
#2639=PRODUCT_DEFINITION_CONTEXT('',#2646,'design');
#2640=PRODUCT_DEFINITION_FORMATION_WITH_SPECIFIED_SOURCE('','',#2642,
 .NOT_KNOWN.);
#2641=PRODUCT_RELATED_PRODUCT_CATEGORY('','',(#2642));
#2642=PRODUCT('Wrist Pitch mount','Wrist Pitch mount',
'Wrist Pitch mount',(#2644));
#2643=PRODUCT_CATEGORY('','');
#2644=PRODUCT_CONTEXT('',#2646,'mechanical');
#2645=APPLICATION_PROTOCOL_DEFINITION('international standard',
'ap242_managed_model_based_3d_engineering',2020,#2646);
#2646=APPLICATION_CONTEXT('managed model based 3d engineering');
ENDSEC;
END-ISO-10303-21;
